#export;EXP-2026-001 (2026-07-03T16:51:36+01:00)
#bron;https://data.rivm.nl/data/luchtmeetnet
#beschrijving data;https://data.rivm.nl/data/luchtmeetnet/readme.pdf
#
#
meetreeks_id;meetlocatie_id;component;matrix;meetreeks_begindatumtijd;meetreeks_einddatumtijd;gebiedstype;stationstype;meethoogte
NL01437_BC_lucht;NL01437;BC;lucht;2017-11-23T00:00:00+01:00;;regionaal;achtergrond;3
NL01437_BCwb_lucht;NL01437;BCwb;lucht;2021-11-01T00:00:00+01:00;;regionaal;achtergrond;3
NL01482_PM10_lucht;NL01482;PM10;lucht;2004-01-01T00:00:00+01:00;2016-01-01T00:00:00+01:00;regionaal;industrie;2.65
NL01482_PM2.5_lucht;NL01482;PM2.5;lucht;2012-01-01T00:00:00+01:00;2016-01-01T00:00:00+01:00;regionaal;industrie;2.65
NL01483_BC_lucht;NL01483;BC;lucht;2008-08-27T00:00:00+01:00;2016-01-28T00:00:00+01:00;stad;industrie;2.5
NL01483_NO2_lucht;NL01483;NO2;lucht;2008-09-01T00:00:00+01:00;2016-02-01T00:00:00+01:00;stad;verkeer;2.5
NL01483_NO_lucht;NL01483;NO;lucht;2008-09-01T00:00:00+01:00;2016-02-01T00:00:00+01:00;stad;verkeer;2.5
NL01483_NOx_lucht;NL01483;NOx;lucht;2008-09-01T00:00:00+01:00;2016-02-01T00:00:00+01:00;stad;verkeer;2.5
NL01483_PM10_lucht;NL01483;PM10;lucht;2011-04-20T00:00:00+01:00;2016-01-28T00:00:00+01:00;stad;verkeer;2.5
NL01483_PM2.5_lucht;NL01483;PM2.5;lucht;2011-04-20T00:00:00+01:00;2016-01-28T00:00:00+01:00;stad;verkeer;2.5
NL01483_benzeen_lucht;NL01483;benzeen;lucht;2012-01-12T00:00:00+01:00;2016-01-28T00:00:00+01:00;stad;verkeer;2.5
NL01483_tolueen_lucht;NL01483;tolueen;lucht;2012-01-12T00:00:00+01:00;2016-01-28T00:00:00+01:00;stad;verkeer;2.5
NL01484_SO2_lucht;NL01484;SO2;lucht;1999-07-13T00:00:00+01:00;;stad;industrie;2.4
NL01484_benzeen_lucht;NL01484;benzeen;lucht;2014-01-01T00:00:00+01:00;;stad;industrie;2.4
NL01484_tolueen_lucht;NL01484;tolueen;lucht;2014-01-01T00:00:00+01:00;;stad;industrie;2.4
NL01485_NO2_lucht;NL01485;NO2;lucht;2003-01-01T00:00:00+01:00;;stad;achtergrond;2.75
NL01485_NO_lucht;NL01485;NO;lucht;2003-01-01T00:00:00+01:00;;stad;achtergrond;2.75
NL01485_NOx_lucht;NL01485;NOx;lucht;2003-01-01T00:00:00+01:00;;stad;achtergrond;2.75
NL01485_O3_lucht;NL01485;O3;lucht;2003-01-01T00:00:00+01:00;;stad;achtergrond;2.75
NL01485_Ox_lucht;NL01485;Ox;lucht;2003-01-01T00:00:00+01:00;;stad;achtergrond;2.75
NL01485_PM10_lucht;NL01485;PM10;lucht;2003-01-01T00:00:00+01:00;;stad;achtergrond;2.75
NL01485_PM2.5_lucht;NL01485;PM2.5;lucht;2012-01-01T00:00:00+01:00;;stad;achtergrond;2.75
NL01485_SO2_lucht;NL01485;SO2;lucht;2003-01-01T00:00:00+01:00;;stad;achtergrond;2.75
NL01485_benzeen_lucht;NL01485;benzeen;lucht;2003-01-01T00:00:00+01:00;;stad;achtergrond;2.75
NL01485_tolueen_lucht;NL01485;tolueen;lucht;2003-01-01T00:00:00+01:00;;stad;achtergrond;2.75
NL01486_NO2_lucht;NL01486;NO2;lucht;2008-01-01T00:00:00+01:00;2016-03-02T00:00:00+01:00;stad;industrie;2.5
NL01486_NO_lucht;NL01486;NO;lucht;2008-01-01T00:00:00+01:00;2016-03-02T00:00:00+01:00;stad;industrie;2.5
NL01486_NOx_lucht;NL01486;NOx;lucht;2008-01-01T00:00:00+01:00;2016-03-02T00:00:00+01:00;stad;industrie;2.5
NL01486_PM10_lucht;NL01486;PM10;lucht;2014-01-01T00:00:00+01:00;2016-03-02T00:00:00+01:00;stad;industrie;2.5
NL01486_SO2_lucht;NL01486;SO2;lucht;2004-01-01T00:00:00+01:00;2016-03-02T00:00:00+01:00;voorstad;industrie;2.5
NL01487_BC_lucht;NL01487;BC;lucht;2009-07-01T00:00:00+01:00;;stad;verkeer;2.5
NL01487_BCwb_lucht;NL01487;BCwb;lucht;2022-04-01T00:00:00+01:00;;stad;verkeer;2.5
NL01487_CO_lucht;NL01487;CO;lucht;2009-07-01T00:00:00+01:00;2016-01-05T00:00:00+01:00;stad;verkeer;2.5
NL01487_NO2_lucht;NL01487;NO2;lucht;2009-10-20T00:00:00+01:00;;stad;verkeer;2.5
NL01487_NO_lucht;NL01487;NO;lucht;2009-10-20T00:00:00+01:00;;stad;verkeer;2.5
NL01487_NOx_lucht;NL01487;NOx;lucht;2009-10-20T00:00:00+01:00;;stad;verkeer;2.5
NL01487_PM10_lucht;NL01487;PM10;lucht;2010-06-02T00:00:00+01:00;;stad;verkeer;2.5
NL01487_PM2.5_lucht;NL01487;PM2.5;lucht;2012-01-01T00:00:00+01:00;;stad;verkeer;2.5
NL01488_BC_lucht;NL01488;BC;lucht;2009-07-01T00:00:00+01:00;;stad;achtergrond;2.3
NL01488_BCwb_lucht;NL01488;BCwb;lucht;2022-04-01T00:00:00+01:00;;stad;achtergrond;2.3
NL01488_CO_lucht;NL01488;CO;lucht;2009-07-01T00:00:00+01:00;2016-01-05T00:00:00+01:00;stad;achtergrond;2.3
NL01488_NO2_lucht;NL01488;NO2;lucht;2010-01-01T00:00:00+01:00;;stad;achtergrond;2.3
NL01488_NO_lucht;NL01488;NO;lucht;2010-01-01T00:00:00+01:00;;stad;achtergrond;2.3
NL01488_NOx_lucht;NL01488;NOx;lucht;2010-01-01T00:00:00+01:00;;stad;achtergrond;2.3
NL01488_PM10_lucht;NL01488;PM10;lucht;2010-05-18T00:00:00+01:00;;stad;achtergrond;2.3
NL01488_PM2.5_lucht;NL01488;PM2.5;lucht;2012-01-01T00:00:00+01:00;;stad;achtergrond;2.3
NL01489_NO2_lucht;NL01489;NO2;lucht;2005-01-01T00:00:00+01:00;;stad;verkeer;2.5
NL01489_NO_lucht;NL01489;NO;lucht;2005-01-01T00:00:00+01:00;;stad;verkeer;2.5
NL01489_NOx_lucht;NL01489;NOx;lucht;2005-01-01T00:00:00+01:00;;stad;verkeer;2.5
NL01489_O3_lucht;NL01489;O3;lucht;2004-07-01T00:00:00+01:00;2022-02-04T00:00:00+01:00;stad;verkeer;2.5
NL01489_Ox_lucht;NL01489;Ox;lucht;2005-01-01T00:00:00+01:00;;stad;verkeer;2.5
NL01489_PM10_lucht;NL01489;PM10;lucht;2004-07-01T00:00:00+01:00;;stad;verkeer;2.5
NL01489_PM2.5_lucht;NL01489;PM2.5;lucht;2012-01-01T00:00:00+01:00;;stad;verkeer;2.5
NL01489_benzeen_lucht;NL01489;benzeen;lucht;2001-06-17T00:00:00+01:00;2012-01-01T00:00:00+01:00;stad;verkeer;2.5
NL01489_tolueen_lucht;NL01489;tolueen;lucht;2001-06-17T00:00:00+01:00;2012-01-01T00:00:00+01:00;stad;verkeer;2.5
NL01491_BC_lucht;NL01491;BC;lucht;2012-01-17T00:00:00+01:00;;stad;verkeer;2.65
NL01491_BCwb_lucht;NL01491;BCwb;lucht;2021-01-01T00:00:00+01:00;;stad;verkeer;2.65
NL01491_CO_lucht;NL01491;CO;lucht;2001-07-31T00:00:00+01:00;2016-01-05T00:00:00+01:00;stad;verkeer;2.65
NL01491_NO2_lucht;NL01491;NO2;lucht;2003-01-01T00:00:00+01:00;;stad;verkeer;2.65
NL01491_NO_lucht;NL01491;NO;lucht;2003-01-01T00:00:00+01:00;;stad;verkeer;2.65
NL01491_NOx_lucht;NL01491;NOx;lucht;2003-01-01T00:00:00+01:00;;stad;verkeer;2.65
NL01491_PM10_lucht;NL01491;PM10;lucht;2003-01-01T00:00:00+01:00;;stad;verkeer;2.65
NL01491_PM2.5_lucht;NL01491;PM2.5;lucht;2012-01-01T00:00:00+01:00;;stad;verkeer;2.65
NL01491_benzeen_lucht;NL01491;benzeen;lucht;2001-01-16T00:00:00+01:00;2011-04-03T00:00:00+01:00;stad;verkeer;2.65
NL01491_tolueen_lucht;NL01491;tolueen;lucht;2001-01-16T00:00:00+01:00;2011-04-03T00:00:00+01:00;stad;verkeer;2.65
NL01492_BC_lucht;NL01492;BC;lucht;2007-06-06T00:00:00+01:00;;stad;verkeer;2.4
NL01493_BC_lucht;NL01493;BC;lucht;2016-06-02T00:00:00+01:00;;stad;verkeer;2.6
NL01493_BCwb_lucht;NL01493;BCwb;lucht;2024-01-15T00:00:00+01:00;;stad;verkeer;2.6
NL01493_CO_lucht;NL01493;CO;lucht;2005-04-01T00:00:00+01:00;2013-04-20T00:00:00+01:00;stad;verkeer;2.6
NL01493_NO2_lucht;NL01493;NO2;lucht;2005-03-01T00:00:00+01:00;;stad;verkeer;2.6
NL01493_NO_lucht;NL01493;NO;lucht;2005-04-01T00:00:00+01:00;;stad;verkeer;2.6
NL01493_NOx_lucht;NL01493;NOx;lucht;2005-04-01T00:00:00+01:00;;stad;verkeer;2.6
NL01493_O3_lucht;NL01493;O3;lucht;2005-03-21T00:00:00+01:00;;stad;verkeer;2.6
NL01493_Ox_lucht;NL01493;Ox;lucht;2005-04-01T00:00:00+01:00;;stad;verkeer;2.6
NL01493_PM10_lucht;NL01493;PM10;lucht;2005-04-14T00:00:00+01:00;;stad;verkeer;2.6
NL01493_PM2.5_lucht;NL01493;PM2.5;lucht;2023-01-01T00:00:00+01:00;;stad;verkeer;2.6
NL01493_benzeen_lucht;NL01493;benzeen;lucht;2005-04-28T00:00:00+01:00;2011-08-13T00:00:00+01:00;stad;verkeer;2.6
NL01493_tolueen_lucht;NL01493;tolueen;lucht;2005-04-28T00:00:00+01:00;2011-08-13T00:00:00+01:00;stad;verkeer;2.6
NL01494_BC_lucht;NL01494;BC;lucht;2004-11-03T00:00:00+01:00;;stad;achtergrond;2.8
NL01494_BCwb_lucht;NL01494;BCwb;lucht;2021-01-01T00:00:00+01:00;;stad;achtergrond;2.8
NL01494_NO2_lucht;NL01494;NO2;lucht;2003-01-01T00:00:00+01:00;;stad;achtergrond;2.8
NL01494_NO_lucht;NL01494;NO;lucht;2003-01-01T00:00:00+01:00;;stad;achtergrond;2.8
NL01494_NOx_lucht;NL01494;NOx;lucht;2003-01-01T00:00:00+01:00;;stad;achtergrond;2.8
NL01494_O3_lucht;NL01494;O3;lucht;2003-01-01T00:00:00+01:00;;stad;achtergrond;2.8
NL01494_Ox_lucht;NL01494;Ox;lucht;2003-01-01T00:00:00+01:00;;stad;achtergrond;2.8
NL01494_PM10_lucht;NL01494;PM10;lucht;2003-01-01T00:00:00+01:00;;stad;achtergrond;2.8
NL01494_PM2.5_lucht;NL01494;PM2.5;lucht;2012-01-01T00:00:00+01:00;;stad;achtergrond;2.8
NL01494_SO2_lucht;NL01494;SO2;lucht;2004-01-01T00:00:00+01:00;2016-03-02T00:00:00+01:00;stad;achtergrond;2.8
NL01494_UFP_lucht;NL01494;UFP;lucht;2023-10-13T00:00:00+01:00;;stad;achtergrond;2.8
NL01494_benzeen_lucht;NL01494;benzeen;lucht;2003-01-01T00:00:00+01:00;;stad;achtergrond;2.8
NL01494_tolueen_lucht;NL01494;tolueen;lucht;2003-01-01T00:00:00+01:00;;stad;achtergrond;2.8
NL01495_NO2_lucht;NL01495;NO2;lucht;2003-01-01T00:00:00+01:00;;stad;achtergrond;2.6
NL01495_NO_lucht;NL01495;NO;lucht;2003-01-01T00:00:00+01:00;;stad;achtergrond;2.6
NL01495_NOx_lucht;NL01495;NOx;lucht;2003-01-01T00:00:00+01:00;;stad;achtergrond;2.6
NL01495_O3_lucht;NL01495;O3;lucht;2003-01-01T00:00:00+01:00;;stad;achtergrond;2.6
NL01495_Ox_lucht;NL01495;Ox;lucht;2003-01-01T00:00:00+01:00;;stad;achtergrond;2.6
NL01495_PM10_lucht;NL01495;PM10;lucht;2003-01-01T00:00:00+01:00;;stad;achtergrond;2.6
NL01495_PM2.5_lucht;NL01495;PM2.5;lucht;2012-01-01T00:00:00+01:00;;stad;achtergrond;2.6
NL01495_SO2_lucht;NL01495;SO2;lucht;2003-01-01T00:00:00+01:00;;stad;achtergrond;2.6
NL01495_benzeen_lucht;NL01495;benzeen;lucht;2003-01-01T00:00:00+01:00;;stad;achtergrond;2.6
NL01495_tolueen_lucht;NL01495;tolueen;lucht;2003-01-01T00:00:00+01:00;;stad;achtergrond;2.6
NL01496_BC_lucht;NL01496;BC;lucht;2007-07-10T00:00:00+01:00;;stad;industrie;2.55
NL01496_BCwb_lucht;NL01496;BCwb;lucht;2023-10-15T00:00:00+01:00;;stad;industrie;2.55
NL01496_NO2_lucht;NL01496;NO2;lucht;2008-01-01T00:00:00+01:00;;stad;industrie;2.55
NL01496_NO_lucht;NL01496;NO;lucht;2008-01-01T00:00:00+01:00;;stad;industrie;2.55
NL01496_NOx_lucht;NL01496;NOx;lucht;2008-01-01T00:00:00+01:00;;stad;industrie;2.55
NL01496_O3_lucht;NL01496;O3;lucht;2008-01-01T00:00:00+01:00;;voorstad;industrie;2.55
NL01496_Ox_lucht;NL01496;Ox;lucht;2008-01-01T00:00:00+01:00;;stad;industrie;2.55
NL01496_PM10_lucht;NL01496;PM10;lucht;2008-01-01T00:00:00+01:00;;stad;industrie;2.55
NL01496_PM2.5_lucht;NL01496;PM2.5;lucht;2012-01-01T00:00:00+01:00;;stad;industrie;2.55
NL01496_SO2_lucht;NL01496;SO2;lucht;2007-01-01T00:00:00+01:00;;stad;industrie;2.55
NL01496_benzeen_lucht;NL01496;benzeen;lucht;2012-03-30T00:00:00+01:00;;stad;industrie;2.55
NL01496_tolueen_lucht;NL01496;tolueen;lucht;2012-03-30T00:00:00+01:00;;stad;industrie;2.55
NL01497_NO2_lucht;NL01497;NO2;lucht;2021-12-01T00:00:00+01:00;;regionaal;achtergrond;2.5
NL01497_NO_lucht;NL01497;NO;lucht;2021-12-01T00:00:00+01:00;;regionaal;achtergrond;2.5
NL01497_NOx_lucht;NL01497;NOx;lucht;2021-12-01T00:00:00+01:00;;regionaal;achtergrond;2.5
NL01497_PM10_lucht;NL01497;PM10;lucht;2021-12-01T00:00:00+01:00;;regionaal;achtergrond;2.5
NL01497_PM2.5_lucht;NL01497;PM2.5;lucht;2022-11-30T00:00:00+01:00;;regionaal;achtergrond;2.5
NL01908_NO2_lucht;NL01908;NO2;lucht;2013-12-21T00:00:00+01:00;;stad;verkeer;3
NL01908_NO_lucht;NL01908;NO;lucht;2013-12-21T00:00:00+01:00;;stad;verkeer;3
NL01908_NOx_lucht;NL01908;NOx;lucht;2013-12-21T00:00:00+01:00;;stad;verkeer;3
NL01908_PM10_lucht;NL01908;PM10;lucht;2013-12-21T00:00:00+01:00;;stad;verkeer;3
NL01912_NO2_lucht;NL01912;NO2;lucht;2018-06-13T00:00:00+01:00;;stad;achtergrond;2.85
NL01912_NO_lucht;NL01912;NO;lucht;2018-06-13T00:00:00+01:00;;stad;achtergrond;2.85
NL01912_NOx_lucht;NL01912;NOx;lucht;2018-06-13T00:00:00+01:00;;stad;achtergrond;2.85
NL01912_PM10_lucht;NL01912;PM10;lucht;2018-06-13T00:00:00+01:00;;stad;achtergrond;2.85
NL01912_PM2.5_lucht;NL01912;PM2.5;lucht;2021-01-02T00:00:00+01:00;;stad;achtergrond;2.85
NL01913_BC_lucht;NL01913;BC;lucht;2025-01-01T00:00:00+01:00;;regionaal;industrie;2
NL01913_BCwb_lucht;NL01913;BCwb;lucht;2025-12-15T00:00:00+01:00;;regionaal;industrie;2
NL01913_NO2_lucht;NL01913;NO2;lucht;2020-12-10T00:00:00+01:00;;regionaal;industrie;2
NL01913_NO_lucht;NL01913;NO;lucht;2020-12-10T00:00:00+01:00;;regionaal;industrie;2
NL01913_NOx_lucht;NL01913;NOx;lucht;2020-12-10T00:00:00+01:00;;regionaal;industrie;2
NL01913_PM10_lucht;NL01913;PM10;lucht;2020-12-10T00:00:00+01:00;;regionaal;industrie;2
NL01913_PM2.5_lucht;NL01913;PM2.5;lucht;2020-12-10T00:00:00+01:00;;regionaal;industrie;2
NL01913_UFP_lucht;NL01913;UFP;lucht;2024-12-15T00:00:00+01:00;;regionaal;industrie;2
NL10101_NO2_lucht;NL10101;NO2;lucht;1978-02-06T00:00:00+01:00;1985-01-01T00:00:00+01:00;regionaal;achtergrond;3
NL10101_NO_lucht;NL10101;NO;lucht;1978-02-06T00:00:00+01:00;1985-01-01T00:00:00+01:00;regionaal;achtergrond;3
NL10101_NOx_lucht;NL10101;NOx;lucht;1978-02-06T00:00:00+01:00;1985-01-01T00:00:00+01:00;regionaal;achtergrond;3
NL10101_O3_lucht;NL10101;O3;lucht;1978-02-05T00:00:00+01:00;1985-01-01T00:00:00+01:00;regionaal;achtergrond;3
NL10101_Ox_lucht;NL10101;Ox;lucht;1978-02-06T00:00:00+01:00;1985-01-01T00:00:00+01:00;regionaal;achtergrond;3
NL10101_SO2_lucht;NL10101;SO2;lucht;1976-01-03T00:00:00+01:00;1993-12-31T00:00:00+01:00;regionaal;achtergrond;3
NL10102_SO2_lucht;NL10102;SO2;lucht;1976-01-03T00:00:00+01:00;1993-12-31T00:00:00+01:00;regionaal;achtergrond;3
NL10103_SO2_lucht;NL10103;SO2;lucht;1976-01-03T00:00:00+01:00;1993-12-31T00:00:00+01:00;regionaal;achtergrond;3
NL10104_NO2_lucht;NL10104;NO2;lucht;1978-01-22T00:00:00+01:00;1985-01-01T00:00:00+01:00;regionaal;achtergrond;3
NL10104_NO_lucht;NL10104;NO;lucht;1978-01-22T00:00:00+01:00;1985-01-01T00:00:00+01:00;regionaal;achtergrond;3
NL10104_NOx_lucht;NL10104;NOx;lucht;1978-01-22T00:00:00+01:00;1985-01-01T00:00:00+01:00;regionaal;achtergrond;3
NL10104_Ox_lucht;NL10104;Ox;lucht;1978-01-22T00:00:00+01:00;1985-01-01T00:00:00+01:00;regionaal;achtergrond;3
NL10104_SO2_lucht;NL10104;SO2;lucht;1976-01-03T00:00:00+01:00;1993-12-31T00:00:00+01:00;regionaal;achtergrond;3
NL10105_SO2_lucht;NL10105;SO2;lucht;1976-01-03T00:00:00+01:00;1993-09-01T00:00:00+01:00;regionaal;achtergrond;3
NL10106_SO2_lucht;NL10106;SO2;lucht;1976-01-03T00:00:00+01:00;1993-12-31T00:00:00+01:00;regionaal;achtergrond;3
NL10107_NO2_lucht;NL10107;NO2;lucht;1978-01-28T00:00:00+01:00;;regionaal;achtergrond;3
NL10107_NO_lucht;NL10107;NO;lucht;1978-01-28T00:00:00+01:00;;regionaal;achtergrond;3
NL10107_NOx_lucht;NL10107;NOx;lucht;1978-01-28T00:00:00+01:00;;regionaal;achtergrond;3
NL10107_O3_lucht;NL10107;O3;lucht;1978-01-28T00:00:00+01:00;;regionaal;achtergrond;3
NL10107_Ox_lucht;NL10107;Ox;lucht;1978-01-28T00:00:00+01:00;;regionaal;achtergrond;3
NL10107_SO2_lucht;NL10107;SO2;lucht;1976-01-03T00:00:00+01:00;2012-01-01T00:00:00+01:00;regionaal;achtergrond;3
NL10108_NO2_lucht;NL10108;NO2;lucht;1978-01-22T00:00:00+01:00;1985-01-01T00:00:00+01:00;regionaal;achtergrond;3
NL10108_NO_lucht;NL10108;NO;lucht;1978-01-22T00:00:00+01:00;1985-01-01T00:00:00+01:00;regionaal;achtergrond;3
NL10108_NOx_lucht;NL10108;NOx;lucht;1978-01-22T00:00:00+01:00;1985-01-01T00:00:00+01:00;regionaal;achtergrond;3
NL10108_SO2_lucht;NL10108;SO2;lucht;1976-01-03T00:00:00+01:00;1993-12-31T00:00:00+01:00;regionaal;achtergrond;3
NL10109_SO2_lucht;NL10109;SO2;lucht;1976-01-03T00:00:00+01:00;1985-01-01T00:00:00+01:00;regionaal;achtergrond;3
NL10110_SO2_lucht;NL10110;SO2;lucht;1976-01-03T00:00:00+01:00;1985-01-01T00:00:00+01:00;regionaal;achtergrond;3
NL10111_SO2_lucht;NL10111;SO2;lucht;1976-01-03T00:00:00+01:00;1985-01-01T00:00:00+01:00;stad;verkeer;3
NL10112_SO2_lucht;NL10112;SO2;lucht;1976-01-03T00:00:00+01:00;1985-12-02T00:00:00+01:00;regionaal;achtergrond;3
NL10113_NO2_lucht;NL10113;NO2;lucht;1978-01-23T00:00:00+01:00;1985-12-02T00:00:00+01:00;stad;verkeer;3
NL10113_NO_lucht;NL10113;NO;lucht;1978-01-23T00:00:00+01:00;1985-12-02T00:00:00+01:00;stad;verkeer;3
NL10113_NOx_lucht;NL10113;NOx;lucht;1978-01-23T00:00:00+01:00;1985-12-02T00:00:00+01:00;stad;verkeer;3
NL10113_SO2_lucht;NL10113;SO2;lucht;1976-01-03T00:00:00+01:00;1985-12-02T00:00:00+01:00;stad;verkeer;3
NL10114_NO2_lucht;NL10114;NO2;lucht;1978-01-21T00:00:00+01:00;1985-12-02T00:00:00+01:00;regionaal;achtergrond;3
NL10114_NO_lucht;NL10114;NO;lucht;1978-01-21T00:00:00+01:00;1985-12-02T00:00:00+01:00;regionaal;achtergrond;3
NL10114_NOx_lucht;NL10114;NOx;lucht;1978-01-21T00:00:00+01:00;1985-12-02T00:00:00+01:00;regionaal;achtergrond;3
NL10114_SO2_lucht;NL10114;SO2;lucht;1976-01-03T00:00:00+01:00;1985-12-02T00:00:00+01:00;regionaal;achtergrond;3
NL10115_SO2_lucht;NL10115;SO2;lucht;1976-01-03T00:00:00+01:00;1985-01-01T00:00:00+01:00;stad;verkeer;3
NL10116_SO2_lucht;NL10116;SO2;lucht;1976-01-03T00:00:00+01:00;1985-01-01T00:00:00+01:00;regionaal;achtergrond;3
NL10117_SO2_lucht;NL10117;SO2;lucht;1976-01-03T00:00:00+01:00;1985-01-01T00:00:00+01:00;regionaal;achtergrond;3
NL10118_SO2_lucht;NL10118;SO2;lucht;1976-01-08T00:00:00+01:00;1985-01-01T00:00:00+01:00;regionaal;achtergrond;3
NL10119_SO2_lucht;NL10119;SO2;lucht;1976-01-03T00:00:00+01:00;1985-01-01T00:00:00+01:00;regionaal;achtergrond;3
NL10120_CO_lucht;NL10120;CO;lucht;1978-01-16T00:00:00+01:00;1985-12-02T00:00:00+01:00;regionaal;achtergrond;3
NL10120_NO2_lucht;NL10120;NO2;lucht;1978-01-22T00:00:00+01:00;1985-12-02T00:00:00+01:00;regionaal;achtergrond;3
NL10120_NO_lucht;NL10120;NO;lucht;1978-01-22T00:00:00+01:00;1985-12-02T00:00:00+01:00;regionaal;achtergrond;3
NL10120_NOx_lucht;NL10120;NOx;lucht;1978-01-22T00:00:00+01:00;1985-12-02T00:00:00+01:00;regionaal;achtergrond;3
NL10120_SO2_lucht;NL10120;SO2;lucht;1976-01-03T00:00:00+01:00;1985-12-02T00:00:00+01:00;regionaal;achtergrond;3
NL10121_SO2_lucht;NL10121;SO2;lucht;1976-01-03T00:00:00+01:00;1985-01-01T00:00:00+01:00;regionaal;achtergrond;3
NL10122_SO2_lucht;NL10122;SO2;lucht;1976-01-03T00:00:00+01:00;1985-01-01T00:00:00+01:00;stad;verkeer;3
NL10123_CO_lucht;NL10123;CO;lucht;1978-02-04T00:00:00+01:00;1985-01-02T00:00:00+01:00;regionaal;achtergrond;3
NL10123_NO2_lucht;NL10123;NO2;lucht;1978-01-29T00:00:00+01:00;1985-01-01T00:00:00+01:00;regionaal;achtergrond;3
NL10123_NO_lucht;NL10123;NO;lucht;1978-01-29T00:00:00+01:00;1985-01-01T00:00:00+01:00;regionaal;achtergrond;3
NL10123_NOx_lucht;NL10123;NOx;lucht;1978-01-29T00:00:00+01:00;1985-01-01T00:00:00+01:00;regionaal;achtergrond;3
NL10123_SO2_lucht;NL10123;SO2;lucht;1976-01-03T00:00:00+01:00;1993-12-31T00:00:00+01:00;regionaal;achtergrond;3
NL10124_CO_lucht;NL10124;CO;lucht;1979-08-04T00:00:00+01:00;1985-01-02T00:00:00+01:00;regionaal;achtergrond;3
NL10124_NO2_lucht;NL10124;NO2;lucht;1978-02-08T00:00:00+01:00;1985-01-01T00:00:00+01:00;regionaal;achtergrond;3
NL10124_NO_lucht;NL10124;NO;lucht;1978-02-08T00:00:00+01:00;1985-01-01T00:00:00+01:00;regionaal;achtergrond;3
NL10124_NOx_lucht;NL10124;NOx;lucht;1978-02-08T00:00:00+01:00;1985-01-01T00:00:00+01:00;regionaal;achtergrond;3
NL10124_O3_lucht;NL10124;O3;lucht;1978-01-26T00:00:00+01:00;1985-01-01T00:00:00+01:00;regionaal;achtergrond;3
NL10124_Ox_lucht;NL10124;Ox;lucht;1978-02-08T00:00:00+01:00;1985-01-01T00:00:00+01:00;regionaal;achtergrond;3
NL10124_SO2_lucht;NL10124;SO2;lucht;1976-01-03T00:00:00+01:00;1993-12-31T00:00:00+01:00;regionaal;achtergrond;3
NL10125_SO2_lucht;NL10125;SO2;lucht;1976-01-03T00:00:00+01:00;1985-01-01T00:00:00+01:00;regionaal;achtergrond;3
NL10126_SO2_lucht;NL10126;SO2;lucht;1976-01-03T00:00:00+01:00;1985-12-02T00:00:00+01:00;regionaal;achtergrond;3
NL10131_As_aerosol;NL10131;As;aerosol;1987-01-01T00:00:00+01:00;2008-01-01T00:00:00+01:00;regionaal;achtergrond;3
NL10131_As_pm10_aerosol;NL10131;As;pm10_aerosol;2008-01-01T00:00:00+01:00;2014-01-01T00:00:00+01:00;regionaal;achtergrond;3
NL10131_BC_lucht;NL10131;BC;lucht;2015-04-22T00:00:00+01:00;2026-03-11T00:00:00+01:00;regionaal;achtergrond;3
NL10131_BC_lucht;NL10131;BC;lucht;2026-03-11T00:00:00+01:00;;regionaal;achtergrond;
NL10131_BCwb_lucht;NL10131;BCwb;lucht;2026-03-11T00:00:00+01:00;;regionaal;achtergrond;
NL10131_Br_aerosol;NL10131;Br;aerosol;1987-01-01T00:00:00+01:00;1988-01-01T00:00:00+01:00;regionaal;achtergrond;3
NL10131_CO_lucht;NL10131;CO;lucht;1984-04-01T00:00:00+01:00;1993-01-01T00:00:00+01:00;regionaal;achtergrond;3
NL10131_Ca_aerosol;NL10131;Ca;aerosol;1987-01-01T00:00:00+01:00;2008-01-01T00:00:00+01:00;regionaal;achtergrond;3
NL10131_Ca_pm10_aerosol;NL10131;Ca;pm10_aerosol;2008-01-01T00:00:00+01:00;2014-01-01T00:00:00+01:00;regionaal;achtergrond;3
NL10131_Cd_aerosol;NL10131;Cd;aerosol;1987-01-01T00:00:00+01:00;2008-01-01T00:00:00+01:00;regionaal;achtergrond;3
NL10131_Cd_pm10_aerosol;NL10131;Cd;pm10_aerosol;2008-01-01T00:00:00+01:00;2014-01-01T00:00:00+01:00;regionaal;achtergrond;3
NL10131_Cl_aerosol;NL10131;Cl;aerosol;1987-01-01T00:00:00+01:00;2009-01-01T00:00:00+01:00;regionaal;achtergrond;3
NL10131_Cl_pm10_aerosol;NL10131;Cl;pm10_aerosol;2009-01-01T00:00:00+01:00;;regionaal;achtergrond;3
NL10131_Cr_aerosol;NL10131;Cr;aerosol;1987-01-01T00:00:00+01:00;1988-01-01T00:00:00+01:00;regionaal;achtergrond;3
NL10131_Cu_aerosol;NL10131;Cu;aerosol;1987-01-01T00:00:00+01:00;1988-01-01T00:00:00+01:00;regionaal;achtergrond;3
NL10131_Fe_aerosol;NL10131;Fe;aerosol;1987-01-01T00:00:00+01:00;1988-01-01T00:00:00+01:00;regionaal;achtergrond;3
NL10131_Mg_pm10_aerosol;NL10131;Mg;pm10_aerosol;2008-01-01T00:00:00+01:00;2014-01-01T00:00:00+01:00;regionaal;achtergrond;3
NL10131_NH3_lucht;NL10131;NH3;lucht;1992-08-12T00:00:00+01:00;;regionaal;achtergrond;3
NL10131_NH4_aerosol;NL10131;NH4;aerosol;1987-01-01T00:00:00+01:00;2009-01-01T00:00:00+01:00;regionaal;achtergrond;3
NL10131_NH4_pm10_aerosol;NL10131;NH4;pm10_aerosol;2009-01-01T00:00:00+01:00;;regionaal;achtergrond;3
NL10131_NO2_lucht;NL10131;NO2;lucht;1986-04-01T00:00:00+01:00;;regionaal;achtergrond;3
NL10131_NO3_aerosol;NL10131;NO3;aerosol;1987-01-01T00:00:00+01:00;2009-01-01T00:00:00+01:00;regionaal;achtergrond;3
NL10131_NO3_pm10_aerosol;NL10131;NO3;pm10_aerosol;2009-01-01T00:00:00+01:00;;regionaal;achtergrond;3
NL10131_NO_lucht;NL10131;NO;lucht;1986-04-01T00:00:00+01:00;;regionaal;achtergrond;3
NL10131_NOx_lucht;NL10131;NOx;lucht;1986-04-01T00:00:00+01:00;;regionaal;achtergrond;3
NL10131_Na_pm10_aerosol;NL10131;Na;pm10_aerosol;2008-01-01T00:00:00+01:00;2014-01-01T00:00:00+01:00;regionaal;achtergrond;3
NL10131_Ni_aerosol;NL10131;Ni;aerosol;1987-01-01T00:00:00+01:00;2008-01-01T00:00:00+01:00;regionaal;achtergrond;3
NL10131_Ni_pm10_aerosol;NL10131;Ni;pm10_aerosol;2008-01-01T00:00:00+01:00;2014-01-01T00:00:00+01:00;regionaal;achtergrond;3
NL10131_O3_lucht;NL10131;O3;lucht;1986-04-02T00:00:00+01:00;;regionaal;achtergrond;3
NL10131_Ox_lucht;NL10131;Ox;lucht;1986-04-01T00:00:00+01:00;;regionaal;achtergrond;3
NL10131_PM10_lucht;NL10131;PM10;lucht;1992-03-01T00:00:00+01:00;;regionaal;achtergrond;3
NL10131_PM2.5_lucht;NL10131;PM2.5;lucht;2008-01-01T00:00:00+01:00;;regionaal;achtergrond;3
NL10131_Pb_aerosol;NL10131;Pb;aerosol;1987-01-01T00:00:00+01:00;2008-01-01T00:00:00+01:00;regionaal;achtergrond;3
NL10131_Pb_pm10_aerosol;NL10131;Pb;pm10_aerosol;2008-01-01T00:00:00+01:00;2014-01-01T00:00:00+01:00;regionaal;achtergrond;3
NL10131_SO2_lucht;NL10131;SO2;lucht;1986-01-01T00:00:00+01:00;2012-01-01T00:00:00+01:00;regionaal;achtergrond;3
NL10131_SO4_aerosol;NL10131;SO4;aerosol;1987-01-01T00:00:00+01:00;2009-01-01T00:00:00+01:00;regionaal;achtergrond;3
NL10131_SO4_pm10_aerosol;NL10131;SO4;pm10_aerosol;2009-01-01T00:00:00+01:00;;regionaal;achtergrond;3
NL10131_S_aerosol;NL10131;S;aerosol;1987-01-01T00:00:00+01:00;1988-01-01T00:00:00+01:00;regionaal;achtergrond;3
NL10131_ZWR_lucht;NL10131;ZWR;lucht;1984-03-31T00:00:00+01:00;2015-11-16T00:00:00+01:00;regionaal;achtergrond;3
NL10131_Zn_aerosol;NL10131;Zn;aerosol;1987-01-01T00:00:00+01:00;2008-01-01T00:00:00+01:00;regionaal;achtergrond;3
NL10131_Zn_pm10_aerosol;NL10131;Zn;pm10_aerosol;2008-01-01T00:00:00+01:00;2014-01-01T00:00:00+01:00;regionaal;achtergrond;3
NL10133_111-trichletaan_lucht;NL10133;111-trichletaan;lucht;1992-08-02T00:00:00+01:00;1997-01-08T00:00:00+01:00;regionaal;achtergrond;3
NL10133_112-trichletaan_lucht;NL10133;112-trichletaan;lucht;1992-08-02T00:00:00+01:00;1997-01-08T00:00:00+01:00;regionaal;achtergrond;3
NL10133_12-dichlbenz_lucht;NL10133;12-dichlbenz;lucht;1992-08-02T00:00:00+01:00;1997-01-08T00:00:00+01:00;regionaal;achtergrond;3
NL10133_12-dichletaan_lucht;NL10133;12-dichletaan;lucht;1992-08-02T00:00:00+01:00;1997-01-08T00:00:00+01:00;regionaal;achtergrond;3
NL10133_12-dichlpropaan_lucht;NL10133;12-dichlpropaan;lucht;1992-08-02T00:00:00+01:00;1997-01-08T00:00:00+01:00;regionaal;achtergrond;3
NL10133_123-trichlbenz_lucht;NL10133;123-trichlbenz;lucht;1992-08-02T00:00:00+01:00;1997-01-08T00:00:00+01:00;regionaal;achtergrond;3
NL10133_123-trimetben_lucht;NL10133;123-trimetben;lucht;1992-08-02T00:00:00+01:00;1997-01-08T00:00:00+01:00;regionaal;achtergrond;3
NL10133_124-trichlbenz_lucht;NL10133;124-trichlbenz;lucht;1992-08-02T00:00:00+01:00;1997-01-08T00:00:00+01:00;regionaal;achtergrond;3
NL10133_124-trimetben_lucht;NL10133;124-trimetben;lucht;1992-08-02T00:00:00+01:00;1997-01-08T00:00:00+01:00;regionaal;achtergrond;3
NL10133_13-dichlbenz_lucht;NL10133;13-dichlbenz;lucht;1992-08-02T00:00:00+01:00;1997-01-08T00:00:00+01:00;regionaal;achtergrond;3
NL10133_135-trichlbenz_lucht;NL10133;135-trichlbenz;lucht;1992-08-02T00:00:00+01:00;1997-01-08T00:00:00+01:00;regionaal;achtergrond;3
NL10133_135-trimetben_lucht;NL10133;135-trimetben;lucht;1992-08-02T00:00:00+01:00;1997-01-08T00:00:00+01:00;regionaal;achtergrond;3
NL10133_14-dichlbenz_lucht;NL10133;14-dichlbenz;lucht;1992-08-02T00:00:00+01:00;1997-01-08T00:00:00+01:00;regionaal;achtergrond;3
NL10133_2-ethyltolueen_lucht;NL10133;2-ethyltolueen;lucht;1992-08-02T00:00:00+01:00;1997-01-08T00:00:00+01:00;regionaal;achtergrond;3
NL10133_2-methnaftaleen_lucht;NL10133;2-methnaftaleen;lucht;1992-08-02T00:00:00+01:00;1997-01-08T00:00:00+01:00;regionaal;achtergrond;3
NL10133_3-ethyltolueen_lucht;NL10133;3-ethyltolueen;lucht;1992-08-02T00:00:00+01:00;1997-01-08T00:00:00+01:00;regionaal;achtergrond;3
NL10133_4-ethyltolueen_lucht;NL10133;4-ethyltolueen;lucht;1992-08-02T00:00:00+01:00;1997-01-08T00:00:00+01:00;regionaal;achtergrond;3
NL10133_CO_lucht;NL10133;CO;lucht;1987-06-26T00:00:00+01:00;1994-01-01T00:00:00+01:00;regionaal;achtergrond;3
NL10133_NO2_lucht;NL10133;NO2;lucht;1987-06-26T00:00:00+01:00;;regionaal;achtergrond;3
NL10133_NO_lucht;NL10133;NO;lucht;1987-06-26T00:00:00+01:00;;regionaal;achtergrond;3
NL10133_NOx_lucht;NL10133;NOx;lucht;1987-06-26T00:00:00+01:00;;regionaal;achtergrond;3
NL10133_O3_lucht;NL10133;O3;lucht;1987-06-23T00:00:00+01:00;;voorstad;achtergrond;3
NL10133_Ox_lucht;NL10133;Ox;lucht;1987-06-26T00:00:00+01:00;;regionaal;achtergrond;3
NL10133_PM10_lucht;NL10133;PM10;lucht;1992-01-01T00:00:00+01:00;;regionaal;achtergrond;3
NL10133_SO2_lucht;NL10133;SO2;lucht;1987-06-23T00:00:00+01:00;;regionaal;achtergrond;3
NL10133_ZWR_lucht;NL10133;ZWR;lucht;1987-04-30T00:00:00+01:00;2009-04-21T00:00:00+01:00;regionaal;achtergrond;3
NL10133_benzeen_lucht;NL10133;benzeen;lucht;1992-08-02T00:00:00+01:00;1997-01-08T00:00:00+01:00;regionaal;achtergrond;3
NL10133_butylbenzeen_lucht;NL10133;butylbenzeen;lucht;1992-08-02T00:00:00+01:00;1997-01-08T00:00:00+01:00;regionaal;achtergrond;3
NL10133_chloorbenzeen_lucht;NL10133;chloorbenzeen;lucht;1992-08-02T00:00:00+01:00;1997-01-08T00:00:00+01:00;regionaal;achtergrond;3
NL10133_cumeen_lucht;NL10133;cumeen;lucht;1992-08-02T00:00:00+01:00;1997-01-08T00:00:00+01:00;regionaal;achtergrond;3
NL10133_cymeen_lucht;NL10133;cymeen;lucht;1992-08-02T00:00:00+01:00;1997-01-08T00:00:00+01:00;regionaal;achtergrond;3
NL10133_decaan_lucht;NL10133;decaan;lucht;1992-08-02T00:00:00+01:00;1997-01-08T00:00:00+01:00;regionaal;achtergrond;3
NL10133_dodecaan_lucht;NL10133;dodecaan;lucht;1992-08-02T00:00:00+01:00;1997-01-08T00:00:00+01:00;regionaal;achtergrond;3
NL10133_ethylbenzeen_lucht;NL10133;ethylbenzeen;lucht;1992-08-02T00:00:00+01:00;1997-01-08T00:00:00+01:00;regionaal;achtergrond;3
NL10133_fenol_lucht;NL10133;fenol;lucht;1992-08-02T00:00:00+01:00;1997-01-08T00:00:00+01:00;regionaal;achtergrond;3
NL10133_hexadecaan_lucht;NL10133;hexadecaan;lucht;1992-08-02T00:00:00+01:00;1997-01-08T00:00:00+01:00;regionaal;achtergrond;3
NL10133_limoneen_lucht;NL10133;limoneen;lucht;1992-08-02T00:00:00+01:00;1997-01-08T00:00:00+01:00;regionaal;achtergrond;3
NL10133_m-xyleen_lucht;NL10133;m-xyleen;lucht;1992-08-02T00:00:00+01:00;1997-01-08T00:00:00+01:00;regionaal;achtergrond;3
NL10133_n-heptaan_lucht;NL10133;n-heptaan;lucht;1992-08-02T00:00:00+01:00;1997-01-08T00:00:00+01:00;regionaal;achtergrond;3
NL10133_n-hexaan_lucht;NL10133;n-hexaan;lucht;1992-08-02T00:00:00+01:00;1997-01-08T00:00:00+01:00;regionaal;achtergrond;3
NL10133_n-octaan_lucht;NL10133;n-octaan;lucht;1992-08-02T00:00:00+01:00;1997-01-08T00:00:00+01:00;regionaal;achtergrond;3
NL10133_naftaleen_lucht;NL10133;naftaleen;lucht;1992-08-02T00:00:00+01:00;1997-01-08T00:00:00+01:00;regionaal;achtergrond;3
NL10133_nonaan_lucht;NL10133;nonaan;lucht;1992-08-02T00:00:00+01:00;1997-01-08T00:00:00+01:00;regionaal;achtergrond;3
NL10133_orthoxyleen_lucht;NL10133;orthoxyleen;lucht;1992-08-02T00:00:00+01:00;1997-01-08T00:00:00+01:00;regionaal;achtergrond;3
NL10133_p-xyleen_lucht;NL10133;p-xyleen;lucht;1992-08-02T00:00:00+01:00;1997-01-08T00:00:00+01:00;regionaal;achtergrond;3
NL10133_pentadecaan_lucht;NL10133;pentadecaan;lucht;1992-08-02T00:00:00+01:00;1997-01-08T00:00:00+01:00;regionaal;achtergrond;3
NL10133_propylbenzeen_lucht;NL10133;propylbenzeen;lucht;1992-08-02T00:00:00+01:00;1997-01-08T00:00:00+01:00;regionaal;achtergrond;3
NL10133_styreen_lucht;NL10133;styreen;lucht;1992-08-02T00:00:00+01:00;1997-01-08T00:00:00+01:00;regionaal;achtergrond;3
NL10133_tetrachleteen_lucht;NL10133;tetrachleteen;lucht;1992-08-02T00:00:00+01:00;1997-01-08T00:00:00+01:00;regionaal;achtergrond;3
NL10133_tetrachlmetaan_lucht;NL10133;tetrachlmetaan;lucht;1992-08-02T00:00:00+01:00;1997-01-08T00:00:00+01:00;regionaal;achtergrond;3
NL10133_tetradecaan_lucht;NL10133;tetradecaan;lucht;1992-08-02T00:00:00+01:00;1997-01-08T00:00:00+01:00;regionaal;achtergrond;3
NL10133_tolueen_lucht;NL10133;tolueen;lucht;1992-08-02T00:00:00+01:00;1997-01-08T00:00:00+01:00;regionaal;achtergrond;3
NL10133_trichleteen_lucht;NL10133;trichleteen;lucht;1992-08-02T00:00:00+01:00;1997-01-08T00:00:00+01:00;regionaal;achtergrond;3
NL10133_trichlmetaan_lucht;NL10133;trichlmetaan;lucht;1992-08-02T00:00:00+01:00;1997-01-08T00:00:00+01:00;regionaal;achtergrond;3
NL10133_tridecaan_lucht;NL10133;tridecaan;lucht;1992-08-02T00:00:00+01:00;1997-01-08T00:00:00+01:00;regionaal;achtergrond;3
NL10133_undecaan_lucht;NL10133;undecaan;lucht;1992-08-02T00:00:00+01:00;1997-01-08T00:00:00+01:00;regionaal;achtergrond;3
NL10136_CO_lucht;NL10136;CO;lucht;2004-08-26T00:00:00+01:00;2011-04-28T00:00:00+01:00;stad;verkeer;3
NL10136_NO2_lucht;NL10136;NO2;lucht;2004-08-25T00:00:00+01:00;;stad;verkeer;3
NL10136_NO_lucht;NL10136;NO;lucht;2004-08-25T00:00:00+01:00;;stad;verkeer;3
NL10136_NOx_lucht;NL10136;NOx;lucht;2004-08-25T00:00:00+01:00;;stad;verkeer;3
NL10136_PM10_lucht;NL10136;PM10;lucht;2004-08-01T00:00:00+01:00;;stad;verkeer;3
NL10136_PM2.5_lucht;NL10136;PM2.5;lucht;2008-09-01T00:00:00+01:00;;stad;verkeer;3
NL10136_SO2_lucht;NL10136;SO2;lucht;2004-08-19T00:00:00+01:00;2012-01-01T00:00:00+01:00;stad;verkeer;3
NL10137_NO2_lucht;NL10137;NO2;lucht;2004-08-22T00:00:00+01:00;2014-01-30T00:00:00+01:00;stad;achtergrond;3
NL10137_NO_lucht;NL10137;NO;lucht;2004-08-22T00:00:00+01:00;2014-01-30T00:00:00+01:00;stad;achtergrond;3
NL10137_NOx_lucht;NL10137;NOx;lucht;2004-08-22T00:00:00+01:00;2014-01-30T00:00:00+01:00;stad;achtergrond;3
NL10137_O3_lucht;NL10137;O3;lucht;2004-08-19T00:00:00+01:00;2014-01-30T00:00:00+01:00;stad;achtergrond;3
NL10137_Ox_lucht;NL10137;Ox;lucht;2004-08-22T00:00:00+01:00;2014-01-30T00:00:00+01:00;stad;achtergrond;3
NL10137_PM10_lucht;NL10137;PM10;lucht;2004-08-01T00:00:00+01:00;2014-01-30T00:00:00+01:00;stad;achtergrond;3
NL10137_PM2.5_lucht;NL10137;PM2.5;lucht;2008-01-01T00:00:00+01:00;2014-01-01T00:00:00+01:00;stad;achtergrond;3
NL10137_SO2_lucht;NL10137;SO2;lucht;2004-08-19T00:00:00+01:00;2012-01-01T00:00:00+01:00;stad;achtergrond;3
NL10138_BC_lucht;NL10138;BC;lucht;2015-04-09T00:00:00+01:00;2026-02-26T00:00:00+01:00;stad;achtergrond;3
NL10138_BC_lucht;NL10138;BC;lucht;2026-02-25T00:00:00+01:00;;stad;achtergrond;
NL10138_BCwb_lucht;NL10138;BCwb;lucht;2026-02-25T00:00:00+01:00;;stad;achtergrond;
NL10138_NO2_lucht;NL10138;NO2;lucht;2013-11-25T00:00:00+01:00;;stad;achtergrond;3
NL10138_NO_lucht;NL10138;NO;lucht;2013-11-25T00:00:00+01:00;;stad;achtergrond;3
NL10138_NOx_lucht;NL10138;NOx;lucht;2013-11-25T00:00:00+01:00;;stad;achtergrond;3
NL10138_O3_lucht;NL10138;O3;lucht;2013-11-01T00:00:00+01:00;;stad;achtergrond;3
NL10138_Ox_lucht;NL10138;Ox;lucht;2013-11-01T00:00:00+01:00;;stad;achtergrond;3
NL10138_PM10_lucht;NL10138;PM10;lucht;2013-11-01T00:00:00+01:00;;stad;achtergrond;3
NL10138_PM2.5_lucht;NL10138;PM2.5;lucht;2014-01-01T00:00:00+01:00;;stad;achtergrond;3
NL10201_SO2_lucht;NL10201;SO2;lucht;1976-01-03T00:00:00+01:00;1984-12-29T00:00:00+01:00;regionaal;achtergrond;3
NL10202_NO2_lucht;NL10202;NO2;lucht;1977-11-28T00:00:00+01:00;1984-12-29T00:00:00+01:00;regionaal;achtergrond;3
NL10202_NO_lucht;NL10202;NO;lucht;1977-11-28T00:00:00+01:00;1984-12-29T00:00:00+01:00;regionaal;achtergrond;3
NL10202_NOx_lucht;NL10202;NOx;lucht;1977-11-28T00:00:00+01:00;1984-12-29T00:00:00+01:00;regionaal;achtergrond;3
NL10202_SO2_lucht;NL10202;SO2;lucht;1976-01-03T00:00:00+01:00;1993-12-31T00:00:00+01:00;regionaal;achtergrond;3
NL10203_SO2_lucht;NL10203;SO2;lucht;1976-01-03T00:00:00+01:00;1984-12-29T00:00:00+01:00;regionaal;achtergrond;3
NL10204_SO2_lucht;NL10204;SO2;lucht;1976-01-03T00:00:00+01:00;1984-12-29T00:00:00+01:00;stad;verkeer;3
NL10205_CO_lucht;NL10205;CO;lucht;1977-11-25T00:00:00+01:00;1986-03-31T00:00:00+01:00;stad;verkeer;3
NL10205_NO2_lucht;NL10205;NO2;lucht;1977-11-20T00:00:00+01:00;1986-03-31T00:00:00+01:00;stad;verkeer;3
NL10205_NO_lucht;NL10205;NO;lucht;1977-11-20T00:00:00+01:00;1986-03-31T00:00:00+01:00;stad;verkeer;3
NL10205_NOx_lucht;NL10205;NOx;lucht;1977-11-20T00:00:00+01:00;1986-03-31T00:00:00+01:00;stad;verkeer;3
NL10205_SO2_lucht;NL10205;SO2;lucht;1977-02-27T00:00:00+01:00;1986-04-01T00:00:00+01:00;stad;verkeer;3
NL10206_SO2_lucht;NL10206;SO2;lucht;1976-01-03T00:00:00+01:00;1985-01-01T00:00:00+01:00;regionaal;achtergrond;3
NL10207_SO2_lucht;NL10207;SO2;lucht;1976-01-03T00:00:00+01:00;1993-12-31T00:00:00+01:00;regionaal;achtergrond;3
NL10208_NO2_lucht;NL10208;NO2;lucht;1977-11-25T00:00:00+01:00;1986-03-31T00:00:00+01:00;regionaal;achtergrond;3
NL10208_NO_lucht;NL10208;NO;lucht;1977-11-25T00:00:00+01:00;1986-03-31T00:00:00+01:00;regionaal;achtergrond;3
NL10208_NOx_lucht;NL10208;NOx;lucht;1977-11-25T00:00:00+01:00;1986-03-31T00:00:00+01:00;regionaal;achtergrond;3
NL10208_SO2_lucht;NL10208;SO2;lucht;1976-01-03T00:00:00+01:00;1986-04-01T00:00:00+01:00;regionaal;achtergrond;3
NL10209_NO2_lucht;NL10209;NO2;lucht;1977-11-13T00:00:00+01:00;1993-12-31T00:00:00+01:00;regionaal;achtergrond;3
NL10209_NO_lucht;NL10209;NO;lucht;1977-11-13T00:00:00+01:00;1993-12-31T00:00:00+01:00;regionaal;achtergrond;3
NL10209_NOx_lucht;NL10209;NOx;lucht;1977-11-13T00:00:00+01:00;1993-12-31T00:00:00+01:00;regionaal;achtergrond;3
NL10209_O3_lucht;NL10209;O3;lucht;1977-11-14T00:00:00+01:00;1993-12-31T00:00:00+01:00;regionaal;achtergrond;3
NL10209_Ox_lucht;NL10209;Ox;lucht;1977-11-13T00:00:00+01:00;1993-12-31T00:00:00+01:00;regionaal;achtergrond;3
NL10209_SO2_lucht;NL10209;SO2;lucht;1976-01-03T00:00:00+01:00;1993-12-31T00:00:00+01:00;regionaal;achtergrond;3
NL10210_NO2_lucht;NL10210;NO2;lucht;1977-11-26T00:00:00+01:00;1984-12-29T00:00:00+01:00;regionaal;achtergrond;3
NL10210_NO_lucht;NL10210;NO;lucht;1977-11-26T00:00:00+01:00;1984-12-29T00:00:00+01:00;regionaal;achtergrond;3
NL10210_NOx_lucht;NL10210;NOx;lucht;1977-11-26T00:00:00+01:00;1984-12-29T00:00:00+01:00;regionaal;achtergrond;3
NL10210_O3_lucht;NL10210;O3;lucht;1977-11-25T00:00:00+01:00;1984-12-29T00:00:00+01:00;regionaal;achtergrond;3
NL10210_Ox_lucht;NL10210;Ox;lucht;1977-11-26T00:00:00+01:00;1984-12-29T00:00:00+01:00;regionaal;achtergrond;3
NL10210_SO2_lucht;NL10210;SO2;lucht;1976-01-03T00:00:00+01:00;1993-12-31T00:00:00+01:00;regionaal;achtergrond;3
NL10211_SO2_lucht;NL10211;SO2;lucht;1976-01-03T00:00:00+01:00;1986-04-01T00:00:00+01:00;stad;verkeer;3
NL10212_SO2_lucht;NL10212;SO2;lucht;1976-01-03T00:00:00+01:00;1984-12-29T00:00:00+01:00;stad;verkeer;3
NL10213_SO2_lucht;NL10213;SO2;lucht;1976-01-03T00:00:00+01:00;1984-12-29T00:00:00+01:00;stad;verkeer;3
NL10214_CO_lucht;NL10214;CO;lucht;1977-11-26T00:00:00+01:00;1986-03-16T00:00:00+01:00;stad;verkeer;3
NL10214_NO2_lucht;NL10214;NO2;lucht;1977-11-19T00:00:00+01:00;1986-03-31T00:00:00+01:00;stad;verkeer;3
NL10214_NO_lucht;NL10214;NO;lucht;1977-11-19T00:00:00+01:00;1986-03-31T00:00:00+01:00;stad;verkeer;3
NL10214_NOx_lucht;NL10214;NOx;lucht;1977-11-19T00:00:00+01:00;1986-03-31T00:00:00+01:00;stad;verkeer;3
NL10214_SO2_lucht;NL10214;SO2;lucht;1976-01-03T00:00:00+01:00;1986-04-01T00:00:00+01:00;stad;verkeer;3
NL10215_SO2_lucht;NL10215;SO2;lucht;1976-01-03T00:00:00+01:00;1984-12-29T00:00:00+01:00;regionaal;achtergrond;3
NL10216_SO2_lucht;NL10216;SO2;lucht;1976-01-03T00:00:00+01:00;1986-04-01T00:00:00+01:00;regionaal;achtergrond;3
NL10217_SO2_lucht;NL10217;SO2;lucht;1976-01-03T00:00:00+01:00;1983-07-01T00:00:00+01:00;stad;verkeer;3
NL10218_SO2_lucht;NL10218;SO2;lucht;1976-01-03T00:00:00+01:00;1984-12-29T00:00:00+01:00;regionaal;achtergrond;3
NL10219_SO2_lucht;NL10219;SO2;lucht;1976-01-03T00:00:00+01:00;1984-12-29T00:00:00+01:00;regionaal;achtergrond;3
NL10220_CO_lucht;NL10220;CO;lucht;1977-11-18T00:00:00+01:00;1986-03-31T00:00:00+01:00;stad;verkeer;3
NL10220_NO2_lucht;NL10220;NO2;lucht;1977-11-18T00:00:00+01:00;1986-03-31T00:00:00+01:00;stad;verkeer;3
NL10220_NO_lucht;NL10220;NO;lucht;1977-11-18T00:00:00+01:00;1986-03-31T00:00:00+01:00;stad;verkeer;3
NL10220_NOx_lucht;NL10220;NOx;lucht;1977-11-18T00:00:00+01:00;1986-03-31T00:00:00+01:00;stad;verkeer;3
NL10220_SO2_lucht;NL10220;SO2;lucht;1976-01-03T00:00:00+01:00;1986-04-01T00:00:00+01:00;stad;verkeer;3
NL10221_SO2_lucht;NL10221;SO2;lucht;1976-01-03T00:00:00+01:00;1984-12-29T00:00:00+01:00;stad;verkeer;3
NL10222_NO2_lucht;NL10222;NO2;lucht;1977-11-15T00:00:00+01:00;1984-12-29T00:00:00+01:00;regionaal;achtergrond;3
NL10222_NO_lucht;NL10222;NO;lucht;1977-12-02T00:00:00+01:00;1984-12-29T00:00:00+01:00;regionaal;achtergrond;3
NL10222_NOx_lucht;NL10222;NOx;lucht;1977-12-02T00:00:00+01:00;1984-12-29T00:00:00+01:00;regionaal;achtergrond;3
NL10222_SO2_lucht;NL10222;SO2;lucht;1976-01-03T00:00:00+01:00;1993-12-31T00:00:00+01:00;regionaal;achtergrond;3
NL10223_NO2_lucht;NL10223;NO2;lucht;1977-11-25T00:00:00+01:00;1985-03-14T00:00:00+01:00;regionaal;achtergrond;3
NL10223_NO_lucht;NL10223;NO;lucht;1977-11-25T00:00:00+01:00;1985-03-14T00:00:00+01:00;regionaal;achtergrond;3
NL10223_NOx_lucht;NL10223;NOx;lucht;1977-11-25T00:00:00+01:00;1985-03-14T00:00:00+01:00;regionaal;achtergrond;3
NL10223_SO2_lucht;NL10223;SO2;lucht;1976-01-03T00:00:00+01:00;1985-04-01T00:00:00+01:00;regionaal;achtergrond;3
NL10224_SO2_lucht;NL10224;SO2;lucht;1976-01-03T00:00:00+01:00;1984-12-14T00:00:00+01:00;regionaal;achtergrond;3
NL10225_CO_lucht;NL10225;CO;lucht;1977-11-20T00:00:00+01:00;1986-03-31T00:00:00+01:00;regionaal;achtergrond;3
NL10225_NO2_lucht;NL10225;NO2;lucht;1977-11-20T00:00:00+01:00;1986-03-31T00:00:00+01:00;regionaal;achtergrond;3
NL10225_NO_lucht;NL10225;NO;lucht;1977-11-20T00:00:00+01:00;1986-03-31T00:00:00+01:00;regionaal;achtergrond;3
NL10225_NOx_lucht;NL10225;NOx;lucht;1977-11-20T00:00:00+01:00;1986-03-31T00:00:00+01:00;regionaal;achtergrond;3
NL10225_O3_lucht;NL10225;O3;lucht;1977-11-19T00:00:00+01:00;1986-04-02T00:00:00+01:00;regionaal;achtergrond;3
NL10225_Ox_lucht;NL10225;Ox;lucht;1977-11-20T00:00:00+01:00;1986-03-31T00:00:00+01:00;regionaal;achtergrond;3
NL10225_SO2_lucht;NL10225;SO2;lucht;1976-01-03T00:00:00+01:00;1993-12-31T00:00:00+01:00;regionaal;achtergrond;3
NL10226_SO2_lucht;NL10226;SO2;lucht;1976-01-03T00:00:00+01:00;1984-12-29T00:00:00+01:00;regionaal;achtergrond;3
NL10227_NO2_lucht;NL10227;NO2;lucht;1986-10-03T00:00:00+01:00;2013-01-02T00:00:00+01:00;regionaal;achtergrond;3
NL10227_NO_lucht;NL10227;NO;lucht;1986-10-03T00:00:00+01:00;2013-01-02T00:00:00+01:00;regionaal;achtergrond;3
NL10227_NOx_lucht;NL10227;NOx;lucht;1986-10-03T00:00:00+01:00;2013-01-02T00:00:00+01:00;regionaal;achtergrond;3
NL10227_O3_lucht;NL10227;O3;lucht;1989-01-21T00:00:00+01:00;2013-01-02T00:00:00+01:00;regionaal;achtergrond;3
NL10227_Ox_lucht;NL10227;Ox;lucht;1986-10-03T00:00:00+01:00;2013-01-02T00:00:00+01:00;regionaal;achtergrond;3
NL10227_SO2_lucht;NL10227;SO2;lucht;1976-01-03T00:00:00+01:00;2012-01-01T00:00:00+01:00;regionaal;achtergrond;3
NL10228_SO2_lucht;NL10228;SO2;lucht;1976-01-03T00:00:00+01:00;1986-04-01T00:00:00+01:00;regionaal;achtergrond;3
NL10230_111-trichletaan_lucht;NL10230;111-trichletaan;lucht;1992-08-28T00:00:00+01:00;2009-11-10T00:00:00+01:00;regionaal;achtergrond;3
NL10230_112-trichletaan_lucht;NL10230;112-trichletaan;lucht;1992-08-28T00:00:00+01:00;2009-11-10T00:00:00+01:00;regionaal;achtergrond;3
NL10230_12-dichlbenz_lucht;NL10230;12-dichlbenz;lucht;1992-08-28T00:00:00+01:00;2009-11-10T00:00:00+01:00;regionaal;achtergrond;3
NL10230_12-dichletaan_lucht;NL10230;12-dichletaan;lucht;1992-08-28T00:00:00+01:00;2009-11-10T00:00:00+01:00;regionaal;achtergrond;3
NL10230_12-dichlpropaan_lucht;NL10230;12-dichlpropaan;lucht;1992-08-28T00:00:00+01:00;2009-11-10T00:00:00+01:00;regionaal;achtergrond;3
NL10230_123-trichlbenz_lucht;NL10230;123-trichlbenz;lucht;1992-08-28T00:00:00+01:00;2009-11-10T00:00:00+01:00;regionaal;achtergrond;3
NL10230_123-trimetben_lucht;NL10230;123-trimetben;lucht;1992-08-28T00:00:00+01:00;2009-11-10T00:00:00+01:00;regionaal;achtergrond;3
NL10230_124-trichlbenz_lucht;NL10230;124-trichlbenz;lucht;1992-08-28T00:00:00+01:00;2009-11-10T00:00:00+01:00;regionaal;achtergrond;3
NL10230_124-trimetben_lucht;NL10230;124-trimetben;lucht;1992-08-28T00:00:00+01:00;2009-11-10T00:00:00+01:00;regionaal;achtergrond;3
NL10230_13-dichlbenz_lucht;NL10230;13-dichlbenz;lucht;1992-08-28T00:00:00+01:00;2009-11-10T00:00:00+01:00;regionaal;achtergrond;3
NL10230_135-trichlbenz_lucht;NL10230;135-trichlbenz;lucht;1992-08-28T00:00:00+01:00;2009-11-10T00:00:00+01:00;regionaal;achtergrond;3
NL10230_135-trimetben_lucht;NL10230;135-trimetben;lucht;1992-08-28T00:00:00+01:00;2009-11-10T00:00:00+01:00;regionaal;achtergrond;3
NL10230_14-dichlbenz_lucht;NL10230;14-dichlbenz;lucht;1992-08-28T00:00:00+01:00;2009-11-10T00:00:00+01:00;regionaal;achtergrond;3
NL10230_2-ethyltolueen_lucht;NL10230;2-ethyltolueen;lucht;1992-08-28T00:00:00+01:00;2009-11-10T00:00:00+01:00;regionaal;achtergrond;3
NL10230_2-methnaftaleen_lucht;NL10230;2-methnaftaleen;lucht;1992-08-28T00:00:00+01:00;2009-11-10T00:00:00+01:00;regionaal;achtergrond;3
NL10230_3-ethyltolueen_lucht;NL10230;3-ethyltolueen;lucht;1992-08-28T00:00:00+01:00;2009-11-10T00:00:00+01:00;regionaal;achtergrond;3
NL10230_4-ethyltolueen_lucht;NL10230;4-ethyltolueen;lucht;1992-08-28T00:00:00+01:00;2009-11-10T00:00:00+01:00;regionaal;achtergrond;3
NL10230_As_aerosol;NL10230;As;aerosol;1987-01-01T00:00:00+01:00;2008-01-01T00:00:00+01:00;regionaal;achtergrond;3
NL10230_Br_aerosol;NL10230;Br;aerosol;1987-01-01T00:00:00+01:00;1988-01-01T00:00:00+01:00;regionaal;achtergrond;3
NL10230_CO_lucht;NL10230;CO;lucht;1984-04-01T00:00:00+01:00;2011-04-29T00:00:00+01:00;regionaal;achtergrond;3
NL10230_Ca_aerosol;NL10230;Ca;aerosol;1987-01-01T00:00:00+01:00;2008-01-01T00:00:00+01:00;regionaal;achtergrond;3
NL10230_Cd_aerosol;NL10230;Cd;aerosol;1987-01-01T00:00:00+01:00;2008-01-01T00:00:00+01:00;regionaal;achtergrond;3
NL10230_Cl_aerosol;NL10230;Cl;aerosol;1987-01-01T00:00:00+01:00;1989-01-01T00:00:00+01:00;regionaal;achtergrond;3
NL10230_Cr_aerosol;NL10230;Cr;aerosol;1987-01-01T00:00:00+01:00;1988-01-01T00:00:00+01:00;regionaal;achtergrond;3
NL10230_Cu_aerosol;NL10230;Cu;aerosol;1987-01-01T00:00:00+01:00;1988-01-01T00:00:00+01:00;regionaal;achtergrond;3
NL10230_Fe_aerosol;NL10230;Fe;aerosol;1987-01-01T00:00:00+01:00;1988-01-01T00:00:00+01:00;regionaal;achtergrond;3
NL10230_NH4_aerosol;NL10230;NH4;aerosol;1987-01-01T00:00:00+01:00;1989-01-01T00:00:00+01:00;regionaal;achtergrond;3
NL10230_NO2_lucht;NL10230;NO2;lucht;1986-04-02T00:00:00+01:00;;regionaal;achtergrond;3
NL10230_NO3_aerosol;NL10230;NO3;aerosol;1987-01-01T00:00:00+01:00;1989-01-01T00:00:00+01:00;regionaal;achtergrond;3
NL10230_NO_lucht;NL10230;NO;lucht;1986-04-02T00:00:00+01:00;;regionaal;achtergrond;3
NL10230_NOx_lucht;NL10230;NOx;lucht;1986-04-02T00:00:00+01:00;;regionaal;achtergrond;3
NL10230_Ni_aerosol;NL10230;Ni;aerosol;1987-01-01T00:00:00+01:00;2008-01-01T00:00:00+01:00;regionaal;achtergrond;3
NL10230_O3_lucht;NL10230;O3;lucht;1986-04-05T00:00:00+01:00;;regionaal;achtergrond;3
NL10230_Ox_lucht;NL10230;Ox;lucht;1986-04-02T00:00:00+01:00;;regionaal;achtergrond;3
NL10230_PM10_lucht;NL10230;PM10;lucht;1992-01-01T00:00:00+01:00;;regionaal;achtergrond;3
NL10230_PM2.5_lucht;NL10230;PM2.5;lucht;2008-03-01T00:00:00+01:00;;regionaal;achtergrond;3
NL10230_Pb_aerosol;NL10230;Pb;aerosol;1987-01-01T00:00:00+01:00;2008-01-01T00:00:00+01:00;regionaal;achtergrond;3
NL10230_SO2_lucht;NL10230;SO2;lucht;1986-01-01T00:00:00+01:00;2012-01-01T00:00:00+01:00;regionaal;achtergrond;3
NL10230_SO4_aerosol;NL10230;SO4;aerosol;1987-01-01T00:00:00+01:00;1989-01-01T00:00:00+01:00;regionaal;achtergrond;3
NL10230_S_aerosol;NL10230;S;aerosol;1987-01-01T00:00:00+01:00;1988-01-01T00:00:00+01:00;regionaal;achtergrond;3
NL10230_ZWR_lucht;NL10230;ZWR;lucht;1984-03-31T00:00:00+01:00;2009-04-19T00:00:00+01:00;regionaal;achtergrond;3
NL10230_Zn_aerosol;NL10230;Zn;aerosol;1987-01-01T00:00:00+01:00;2008-01-01T00:00:00+01:00;regionaal;achtergrond;3
NL10230_benzeen_lucht;NL10230;benzeen;lucht;1992-08-28T00:00:00+01:00;2012-01-01T00:00:00+01:00;regionaal;achtergrond;3
NL10230_butylbenzeen_lucht;NL10230;butylbenzeen;lucht;1992-08-28T00:00:00+01:00;2009-11-10T00:00:00+01:00;regionaal;achtergrond;3
NL10230_chloorbenzeen_lucht;NL10230;chloorbenzeen;lucht;1992-08-28T00:00:00+01:00;2009-11-10T00:00:00+01:00;regionaal;achtergrond;3
NL10230_cumeen_lucht;NL10230;cumeen;lucht;1992-08-28T00:00:00+01:00;2009-11-10T00:00:00+01:00;regionaal;achtergrond;3
NL10230_cymeen_lucht;NL10230;cymeen;lucht;1992-08-28T00:00:00+01:00;2009-11-10T00:00:00+01:00;regionaal;achtergrond;3
NL10230_decaan_lucht;NL10230;decaan;lucht;1992-08-28T00:00:00+01:00;2009-11-10T00:00:00+01:00;regionaal;achtergrond;3
NL10230_dodecaan_lucht;NL10230;dodecaan;lucht;1992-08-28T00:00:00+01:00;2009-11-10T00:00:00+01:00;regionaal;achtergrond;3
NL10230_ethylbenzeen_lucht;NL10230;ethylbenzeen;lucht;1992-08-28T00:00:00+01:00;2012-01-01T00:00:00+01:00;regionaal;achtergrond;3
NL10230_fenol_lucht;NL10230;fenol;lucht;1992-08-28T00:00:00+01:00;2009-11-10T00:00:00+01:00;regionaal;achtergrond;3
NL10230_hexadecaan_lucht;NL10230;hexadecaan;lucht;1992-08-28T00:00:00+01:00;2009-11-10T00:00:00+01:00;regionaal;achtergrond;3
NL10230_limoneen_lucht;NL10230;limoneen;lucht;1992-08-28T00:00:00+01:00;2009-11-10T00:00:00+01:00;regionaal;achtergrond;3
NL10230_m-xyleen_lucht;NL10230;m-xyleen;lucht;1992-08-28T00:00:00+01:00;2009-11-10T00:00:00+01:00;regionaal;achtergrond;3
NL10230_meta-paraxyleen_lucht;NL10230;meta-paraxyleen;lucht;2010-01-01T00:00:00+01:00;2012-01-01T00:00:00+01:00;regionaal;achtergrond;3
NL10230_n-heptaan_lucht;NL10230;n-heptaan;lucht;1992-08-28T00:00:00+01:00;2009-11-10T00:00:00+01:00;regionaal;achtergrond;3
NL10230_n-hexaan_lucht;NL10230;n-hexaan;lucht;1992-08-28T00:00:00+01:00;2009-11-10T00:00:00+01:00;regionaal;achtergrond;3
NL10230_n-octaan_lucht;NL10230;n-octaan;lucht;1992-08-28T00:00:00+01:00;2009-11-10T00:00:00+01:00;regionaal;achtergrond;3
NL10230_naftaleen_lucht;NL10230;naftaleen;lucht;1992-08-28T00:00:00+01:00;2009-11-10T00:00:00+01:00;regionaal;achtergrond;3
NL10230_nonaan_lucht;NL10230;nonaan;lucht;1992-08-28T00:00:00+01:00;2009-11-10T00:00:00+01:00;regionaal;achtergrond;3
NL10230_orthoxyleen_lucht;NL10230;orthoxyleen;lucht;1992-08-28T00:00:00+01:00;2012-01-01T00:00:00+01:00;regionaal;achtergrond;3
NL10230_p-xyleen_lucht;NL10230;p-xyleen;lucht;1992-08-28T00:00:00+01:00;2009-11-10T00:00:00+01:00;regionaal;achtergrond;3
NL10230_pentadecaan_lucht;NL10230;pentadecaan;lucht;1992-08-28T00:00:00+01:00;2009-11-10T00:00:00+01:00;regionaal;achtergrond;3
NL10230_propylbenzeen_lucht;NL10230;propylbenzeen;lucht;1992-08-28T00:00:00+01:00;2009-11-10T00:00:00+01:00;regionaal;achtergrond;3
NL10230_styreen_lucht;NL10230;styreen;lucht;1992-08-28T00:00:00+01:00;2009-11-10T00:00:00+01:00;regionaal;achtergrond;3
NL10230_tetrachleteen_lucht;NL10230;tetrachleteen;lucht;1992-08-28T00:00:00+01:00;2009-11-10T00:00:00+01:00;regionaal;achtergrond;3
NL10230_tetrachlmetaan_lucht;NL10230;tetrachlmetaan;lucht;1992-08-28T00:00:00+01:00;2009-11-10T00:00:00+01:00;regionaal;achtergrond;3
NL10230_tetradecaan_lucht;NL10230;tetradecaan;lucht;1992-08-28T00:00:00+01:00;2009-11-10T00:00:00+01:00;regionaal;achtergrond;3
NL10230_tolueen_lucht;NL10230;tolueen;lucht;1992-08-28T00:00:00+01:00;2012-01-01T00:00:00+01:00;regionaal;achtergrond;3
NL10230_trichleteen_lucht;NL10230;trichleteen;lucht;1992-08-28T00:00:00+01:00;2009-11-10T00:00:00+01:00;regionaal;achtergrond;3
NL10230_trichlmetaan_lucht;NL10230;trichlmetaan;lucht;1992-08-28T00:00:00+01:00;2009-11-10T00:00:00+01:00;regionaal;achtergrond;3
NL10230_tridecaan_lucht;NL10230;tridecaan;lucht;1992-08-28T00:00:00+01:00;2009-11-10T00:00:00+01:00;regionaal;achtergrond;3
NL10230_undecaan_lucht;NL10230;undecaan;lucht;1992-08-28T00:00:00+01:00;2009-11-10T00:00:00+01:00;regionaal;achtergrond;3
NL10232_NO2_lucht;NL10232;NO2;lucht;1994-01-18T00:00:00+01:00;2002-04-01T00:00:00+01:00;regionaal;achtergrond;3
NL10232_NO_lucht;NL10232;NO;lucht;1994-01-18T00:00:00+01:00;2002-04-01T00:00:00+01:00;regionaal;achtergrond;3
NL10232_NOx_lucht;NL10232;NOx;lucht;1994-01-18T00:00:00+01:00;2002-04-01T00:00:00+01:00;regionaal;achtergrond;3
NL10232_O3_lucht;NL10232;O3;lucht;1994-01-18T00:00:00+01:00;2002-04-02T00:00:00+01:00;regionaal;achtergrond;3
NL10232_Ox_lucht;NL10232;Ox;lucht;1994-01-18T00:00:00+01:00;2002-04-01T00:00:00+01:00;regionaal;achtergrond;3
NL10232_SO2_lucht;NL10232;SO2;lucht;1986-11-20T00:00:00+01:00;2002-04-01T00:00:00+01:00;regionaal;achtergrond;3
NL10233_SO2_lucht;NL10233;SO2;lucht;1986-11-21T00:00:00+01:00;1993-12-31T00:00:00+01:00;regionaal;achtergrond;3
NL10234_SO2_lucht;NL10234;SO2;lucht;1986-10-16T00:00:00+01:00;1999-01-01T00:00:00+01:00;regionaal;achtergrond;3
NL10235_CO_lucht;NL10235;CO;lucht;1986-08-22T00:00:00+01:00;1994-01-01T00:00:00+01:00;regionaal;achtergrond;3
NL10235_Cl_aerosol;NL10235;Cl;aerosol;1992-08-01T00:00:00+01:00;2009-01-01T00:00:00+01:00;regionaal;achtergrond;3
NL10235_Cl_pm10_aerosol;NL10235;Cl;pm10_aerosol;2009-01-01T00:00:00+01:00;2013-01-01T00:00:00+01:00;regionaal;achtergrond;3
NL10235_NH3_lucht;NL10235;NH3;lucht;1992-08-13T00:00:00+01:00;2014-03-05T00:00:00+01:00;regionaal;achtergrond;3
NL10235_NH4_aerosol;NL10235;NH4;aerosol;1992-08-01T00:00:00+01:00;2009-01-01T00:00:00+01:00;regionaal;achtergrond;3
NL10235_NH4_pm10_aerosol;NL10235;NH4;pm10_aerosol;2009-01-01T00:00:00+01:00;2013-01-01T00:00:00+01:00;regionaal;achtergrond;3
NL10235_NO2_lucht;NL10235;NO2;lucht;1986-08-22T00:00:00+01:00;;regionaal;achtergrond;3
NL10235_NO3_aerosol;NL10235;NO3;aerosol;1992-08-01T00:00:00+01:00;2009-01-01T00:00:00+01:00;regionaal;achtergrond;3
NL10235_NO3_pm10_aerosol;NL10235;NO3;pm10_aerosol;2009-01-01T00:00:00+01:00;2013-01-01T00:00:00+01:00;regionaal;achtergrond;3
NL10235_NO_lucht;NL10235;NO;lucht;1986-08-22T00:00:00+01:00;;regionaal;achtergrond;3
NL10235_NOx_lucht;NL10235;NOx;lucht;1986-08-22T00:00:00+01:00;;regionaal;achtergrond;3
NL10235_O3_lucht;NL10235;O3;lucht;1986-08-22T00:00:00+01:00;;regionaal;achtergrond;3
NL10235_Ox_lucht;NL10235;Ox;lucht;1986-08-22T00:00:00+01:00;;regionaal;achtergrond;3
NL10235_PM10_lucht;NL10235;PM10;lucht;2003-03-01T00:00:00+01:00;;regionaal;achtergrond;3
NL10235_SO2_lucht;NL10235;SO2;lucht;1986-08-22T00:00:00+01:00;2012-01-01T00:00:00+01:00;regionaal;achtergrond;3
NL10235_SO4_aerosol;NL10235;SO4;aerosol;1992-08-01T00:00:00+01:00;2009-01-01T00:00:00+01:00;regionaal;achtergrond;3
NL10235_SO4_pm10_aerosol;NL10235;SO4;pm10_aerosol;2009-01-01T00:00:00+01:00;2013-01-01T00:00:00+01:00;regionaal;achtergrond;3
NL10235_ZWR_lucht;NL10235;ZWR;lucht;1986-10-01T00:00:00+01:00;1997-01-01T00:00:00+01:00;regionaal;achtergrond;3
NL10235_benz-a-antr_pm10_aerosol;NL10235;benz-a-antr;pm10_aerosol;2011-01-01T00:00:00+01:00;2014-01-01T00:00:00+01:00;regionaal;achtergrond;3
NL10235_benz-a-pyreen_pm10_aerosol;NL10235;benz-a-pyreen;pm10_aerosol;2008-01-01T00:00:00+01:00;2014-01-01T00:00:00+01:00;regionaal;achtergrond;3
NL10235_benz-bjk-fluor_pm10_aerosol;NL10235;benz-bjk-fluor;pm10_aerosol;2011-01-01T00:00:00+01:00;2014-01-01T00:00:00+01:00;regionaal;achtergrond;3
NL10235_benz-ghi-peryl_pm10_aerosol;NL10235;benz-ghi-peryl;pm10_aerosol;2011-01-01T00:00:00+01:00;2014-01-01T00:00:00+01:00;regionaal;achtergrond;3
NL10235_chryseen_pm10_aerosol;NL10235;chryseen;pm10_aerosol;2011-01-01T00:00:00+01:00;2014-01-01T00:00:00+01:00;regionaal;achtergrond;3
NL10235_dibenz-ah-antr_pm10_aerosol;NL10235;dibenz-ah-antr;pm10_aerosol;2011-01-01T00:00:00+01:00;2014-01-01T00:00:00+01:00;regionaal;achtergrond;3
NL10235_ind-123cd-pyr_pm10_aerosol;NL10235;ind-123cd-pyr;pm10_aerosol;2011-01-01T00:00:00+01:00;2014-01-01T00:00:00+01:00;regionaal;achtergrond;3
NL10236_111-trichletaan_lucht;NL10236;111-trichletaan;lucht;1992-08-28T00:00:00+01:00;1996-12-10T00:00:00+01:00;stad;verkeer;3
NL10236_112-trichletaan_lucht;NL10236;112-trichletaan;lucht;1992-08-28T00:00:00+01:00;1996-12-10T00:00:00+01:00;stad;verkeer;3
NL10236_12-dichlbenz_lucht;NL10236;12-dichlbenz;lucht;1992-08-28T00:00:00+01:00;1996-12-10T00:00:00+01:00;stad;verkeer;3
NL10236_12-dichletaan_lucht;NL10236;12-dichletaan;lucht;1992-08-28T00:00:00+01:00;1996-12-10T00:00:00+01:00;stad;verkeer;3
NL10236_12-dichlpropaan_lucht;NL10236;12-dichlpropaan;lucht;1992-08-28T00:00:00+01:00;1996-12-10T00:00:00+01:00;stad;verkeer;3
NL10236_123-trichlbenz_lucht;NL10236;123-trichlbenz;lucht;1992-08-28T00:00:00+01:00;1996-12-10T00:00:00+01:00;stad;verkeer;3
NL10236_123-trimetben_lucht;NL10236;123-trimetben;lucht;1992-08-28T00:00:00+01:00;1996-12-10T00:00:00+01:00;stad;verkeer;3
NL10236_124-trichlbenz_lucht;NL10236;124-trichlbenz;lucht;1992-08-28T00:00:00+01:00;1996-12-10T00:00:00+01:00;stad;verkeer;3
NL10236_124-trimetben_lucht;NL10236;124-trimetben;lucht;1992-08-28T00:00:00+01:00;1996-12-10T00:00:00+01:00;stad;verkeer;3
NL10236_13-dichlbenz_lucht;NL10236;13-dichlbenz;lucht;1992-08-28T00:00:00+01:00;1996-12-10T00:00:00+01:00;stad;verkeer;3
NL10236_135-trichlbenz_lucht;NL10236;135-trichlbenz;lucht;1992-08-28T00:00:00+01:00;1996-12-10T00:00:00+01:00;stad;verkeer;3
NL10236_135-trimetben_lucht;NL10236;135-trimetben;lucht;1992-08-28T00:00:00+01:00;1996-12-10T00:00:00+01:00;stad;verkeer;3
NL10236_14-dichlbenz_lucht;NL10236;14-dichlbenz;lucht;1992-08-28T00:00:00+01:00;1996-12-10T00:00:00+01:00;stad;verkeer;3
NL10236_2-ethyltolueen_lucht;NL10236;2-ethyltolueen;lucht;1992-08-28T00:00:00+01:00;1996-12-10T00:00:00+01:00;stad;verkeer;3
NL10236_2-methnaftaleen_lucht;NL10236;2-methnaftaleen;lucht;1992-08-28T00:00:00+01:00;1996-12-10T00:00:00+01:00;stad;verkeer;3
NL10236_3-ethyltolueen_lucht;NL10236;3-ethyltolueen;lucht;1992-08-28T00:00:00+01:00;1996-12-10T00:00:00+01:00;stad;verkeer;3
NL10236_4-ethyltolueen_lucht;NL10236;4-ethyltolueen;lucht;1992-08-28T00:00:00+01:00;1996-12-10T00:00:00+01:00;stad;verkeer;3
NL10236_CO_lucht;NL10236;CO;lucht;1989-01-26T00:00:00+01:00;2011-04-13T00:00:00+01:00;stad;verkeer;3
NL10236_NO2_lucht;NL10236;NO2;lucht;1989-01-28T00:00:00+01:00;;stad;verkeer;3
NL10236_NO_lucht;NL10236;NO;lucht;1989-01-28T00:00:00+01:00;;stad;verkeer;3
NL10236_NOx_lucht;NL10236;NOx;lucht;1989-01-28T00:00:00+01:00;;stad;verkeer;3
NL10236_O3_lucht;NL10236;O3;lucht;1989-01-26T00:00:00+01:00;;stad;verkeer;3
NL10236_Ox_lucht;NL10236;Ox;lucht;1989-01-28T00:00:00+01:00;;stad;verkeer;3
NL10236_PM10_lucht;NL10236;PM10;lucht;1993-03-01T00:00:00+01:00;;stad;verkeer;3
NL10236_benzeen_lucht;NL10236;benzeen;lucht;1992-08-28T00:00:00+01:00;1996-12-10T00:00:00+01:00;stad;verkeer;3
NL10236_butylbenzeen_lucht;NL10236;butylbenzeen;lucht;1992-08-28T00:00:00+01:00;1996-12-10T00:00:00+01:00;stad;verkeer;3
NL10236_chloorbenzeen_lucht;NL10236;chloorbenzeen;lucht;1992-08-28T00:00:00+01:00;1996-12-10T00:00:00+01:00;stad;verkeer;3
NL10236_cumeen_lucht;NL10236;cumeen;lucht;1992-08-28T00:00:00+01:00;1996-12-10T00:00:00+01:00;stad;verkeer;3
NL10236_cymeen_lucht;NL10236;cymeen;lucht;1992-08-28T00:00:00+01:00;1996-12-10T00:00:00+01:00;stad;verkeer;3
NL10236_decaan_lucht;NL10236;decaan;lucht;1992-08-28T00:00:00+01:00;1996-12-10T00:00:00+01:00;stad;verkeer;3
NL10236_dodecaan_lucht;NL10236;dodecaan;lucht;1992-08-28T00:00:00+01:00;1996-12-10T00:00:00+01:00;stad;verkeer;3
NL10236_ethylbenzeen_lucht;NL10236;ethylbenzeen;lucht;1992-08-28T00:00:00+01:00;1996-12-10T00:00:00+01:00;stad;verkeer;3
NL10236_fenol_lucht;NL10236;fenol;lucht;1992-08-28T00:00:00+01:00;1996-12-10T00:00:00+01:00;stad;verkeer;3
NL10236_hexadecaan_lucht;NL10236;hexadecaan;lucht;1992-08-28T00:00:00+01:00;1996-12-10T00:00:00+01:00;stad;verkeer;3
NL10236_limoneen_lucht;NL10236;limoneen;lucht;1992-08-28T00:00:00+01:00;1996-12-10T00:00:00+01:00;stad;verkeer;3
NL10236_m-xyleen_lucht;NL10236;m-xyleen;lucht;1992-08-28T00:00:00+01:00;1996-12-10T00:00:00+01:00;stad;verkeer;3
NL10236_n-heptaan_lucht;NL10236;n-heptaan;lucht;1992-08-28T00:00:00+01:00;1996-12-10T00:00:00+01:00;stad;verkeer;3
NL10236_n-hexaan_lucht;NL10236;n-hexaan;lucht;1992-08-28T00:00:00+01:00;1996-12-10T00:00:00+01:00;stad;verkeer;3
NL10236_n-octaan_lucht;NL10236;n-octaan;lucht;1992-08-28T00:00:00+01:00;1996-12-10T00:00:00+01:00;stad;verkeer;3
NL10236_naftaleen_lucht;NL10236;naftaleen;lucht;1992-08-28T00:00:00+01:00;1996-12-10T00:00:00+01:00;stad;verkeer;3
NL10236_nonaan_lucht;NL10236;nonaan;lucht;1992-08-28T00:00:00+01:00;1996-12-10T00:00:00+01:00;stad;verkeer;3
NL10236_orthoxyleen_lucht;NL10236;orthoxyleen;lucht;1992-08-28T00:00:00+01:00;1996-12-10T00:00:00+01:00;stad;verkeer;3
NL10236_p-xyleen_lucht;NL10236;p-xyleen;lucht;1992-08-28T00:00:00+01:00;1996-12-10T00:00:00+01:00;stad;verkeer;3
NL10236_pentadecaan_lucht;NL10236;pentadecaan;lucht;1992-08-28T00:00:00+01:00;1996-12-10T00:00:00+01:00;stad;verkeer;3
NL10236_propylbenzeen_lucht;NL10236;propylbenzeen;lucht;1992-08-28T00:00:00+01:00;1996-12-10T00:00:00+01:00;stad;verkeer;3
NL10236_styreen_lucht;NL10236;styreen;lucht;1992-08-28T00:00:00+01:00;1996-12-10T00:00:00+01:00;stad;verkeer;3
NL10236_tetrachleteen_lucht;NL10236;tetrachleteen;lucht;1992-08-28T00:00:00+01:00;1996-12-10T00:00:00+01:00;stad;verkeer;3
NL10236_tetrachlmetaan_lucht;NL10236;tetrachlmetaan;lucht;1992-08-28T00:00:00+01:00;1996-12-10T00:00:00+01:00;stad;verkeer;3
NL10236_tetradecaan_lucht;NL10236;tetradecaan;lucht;1992-08-28T00:00:00+01:00;1996-12-10T00:00:00+01:00;stad;verkeer;3
NL10236_tolueen_lucht;NL10236;tolueen;lucht;1992-08-28T00:00:00+01:00;1996-12-10T00:00:00+01:00;stad;verkeer;3
NL10236_trichleteen_lucht;NL10236;trichleteen;lucht;1992-08-28T00:00:00+01:00;1996-12-10T00:00:00+01:00;stad;verkeer;3
NL10236_trichlmetaan_lucht;NL10236;trichlmetaan;lucht;1992-08-28T00:00:00+01:00;1996-12-10T00:00:00+01:00;stad;verkeer;3
NL10236_tridecaan_lucht;NL10236;tridecaan;lucht;1992-08-28T00:00:00+01:00;1996-12-10T00:00:00+01:00;stad;verkeer;3
NL10236_undecaan_lucht;NL10236;undecaan;lucht;1992-08-28T00:00:00+01:00;1996-12-10T00:00:00+01:00;stad;verkeer;3
NL10237_BC_lucht;NL10237;BC;lucht;2015-04-28T00:00:00+01:00;2026-03-13T00:00:00+01:00;stad;verkeer;3
NL10237_BC_lucht;NL10237;BC;lucht;2026-03-11T00:00:00+01:00;;stad;verkeer;
NL10237_BCwb_lucht;NL10237;BCwb;lucht;2026-03-11T00:00:00+01:00;;stad;verkeer;
NL10237_CO_lucht;NL10237;CO;lucht;1989-01-19T00:00:00+01:00;2011-04-13T00:00:00+01:00;stad;verkeer;3
NL10237_NO2_lucht;NL10237;NO2;lucht;1989-01-20T00:00:00+01:00;;stad;verkeer;3
NL10237_NO_lucht;NL10237;NO;lucht;1989-01-20T00:00:00+01:00;;stad;verkeer;3
NL10237_NOx_lucht;NL10237;NOx;lucht;1989-01-20T00:00:00+01:00;;stad;verkeer;3
NL10237_O3_lucht;NL10237;O3;lucht;1989-01-20T00:00:00+01:00;1991-01-01T00:00:00+01:00;stad;verkeer;3
NL10237_Ox_lucht;NL10237;Ox;lucht;1989-01-20T00:00:00+01:00;1991-01-01T00:00:00+01:00;stad;verkeer;3
NL10237_PM10_lucht;NL10237;PM10;lucht;2003-05-01T00:00:00+01:00;;stad;verkeer;3
NL10237_SO2_lucht;NL10237;SO2;lucht;1989-01-20T00:00:00+01:00;2012-01-01T00:00:00+01:00;stad;verkeer;3
NL10238_CO_lucht;NL10238;CO;lucht;1989-01-19T00:00:00+01:00;2002-09-03T00:00:00+01:00;stad;verkeer;3
NL10238_NO2_lucht;NL10238;NO2;lucht;1989-01-20T00:00:00+01:00;2002-09-02T00:00:00+01:00;stad;verkeer;3
NL10238_NO_lucht;NL10238;NO;lucht;1989-01-20T00:00:00+01:00;2002-09-02T00:00:00+01:00;stad;verkeer;3
NL10238_NOx_lucht;NL10238;NOx;lucht;1989-01-20T00:00:00+01:00;2002-09-02T00:00:00+01:00;stad;verkeer;3
NL10238_O3_lucht;NL10238;O3;lucht;1989-01-19T00:00:00+01:00;2002-09-02T00:00:00+01:00;stad;verkeer;3
NL10238_Ox_lucht;NL10238;Ox;lucht;1989-01-20T00:00:00+01:00;2002-09-02T00:00:00+01:00;stad;verkeer;3
NL10240_CO_lucht;NL10240;CO;lucht;2005-04-26T00:00:00+01:00;2011-04-13T00:00:00+01:00;stad;verkeer;3
NL10240_NO2_lucht;NL10240;NO2;lucht;2012-12-18T00:00:00+01:00;;stad;verkeer;3
NL10240_NO_lucht;NL10240;NO;lucht;2012-12-18T00:00:00+01:00;;stad;verkeer;3
NL10240_NOx_lucht;NL10240;NOx;lucht;2012-12-18T00:00:00+01:00;;stad;verkeer;3
NL10240_PM10_lucht;NL10240;PM10;lucht;2005-04-01T00:00:00+01:00;;stad;verkeer;3
NL10240_PM2.5_lucht;NL10240;PM2.5;lucht;2008-09-01T00:00:00+01:00;;stad;verkeer;3
NL10240_ZWR_lucht;NL10240;ZWR;lucht;2009-05-01T00:00:00+01:00;2015-12-03T00:00:00+01:00;stad;verkeer;3
NL10240_benz-a-pyreen_pm10_aerosol;NL10240;benz-a-pyreen;pm10_aerosol;2008-01-01T00:00:00+01:00;2009-01-01T00:00:00+01:00;stad;achtergrond;3
NL10241_NO2_lucht;NL10241;NO2;lucht;2005-02-22T00:00:00+01:00;;stad;achtergrond;3
NL10241_NO_lucht;NL10241;NO;lucht;2005-02-22T00:00:00+01:00;;stad;achtergrond;3
NL10241_NOx_lucht;NL10241;NOx;lucht;2005-02-22T00:00:00+01:00;;stad;achtergrond;3
NL10241_O3_lucht;NL10241;O3;lucht;2005-02-21T00:00:00+01:00;;voorstad;achtergrond;3
NL10241_Ox_lucht;NL10241;Ox;lucht;2005-02-22T00:00:00+01:00;;stad;achtergrond;3
NL10241_PM10_lucht;NL10241;PM10;lucht;2005-02-01T00:00:00+01:00;;stad;achtergrond;3
NL10241_PM2.5_lucht;NL10241;PM2.5;lucht;2008-01-01T00:00:00+01:00;;stad;achtergrond;3
NL10241_ZWR_lucht;NL10241;ZWR;lucht;2009-05-01T00:00:00+01:00;2016-03-10T00:00:00+01:00;stad;achtergrond;3
NL10242_PM2.5_lucht;NL10242;PM2.5;lucht;2009-01-01T00:00:00+01:00;2009-07-01T00:00:00+01:00;stad;achtergrond;3
NL10243_NH3_lucht;NL10243;NH3;lucht;2007-08-03T00:00:00+01:00;2016-01-19T00:00:00+01:00;regionaal;achtergrond;3
NL10243_PM10_lucht;NL10243;PM10;lucht;2007-07-01T00:00:00+01:00;2016-01-19T00:00:00+01:00;regionaal;achtergrond;3
NL10244_NH3_lucht;NL10244;NH3;lucht;2007-07-31T00:00:00+01:00;2016-01-19T00:00:00+01:00;regionaal;achtergrond;3
NL10244_PM10_lucht;NL10244;PM10;lucht;2007-07-01T00:00:00+01:00;2016-01-19T00:00:00+01:00;regionaal;achtergrond;3
NL10245_NO2_lucht;NL10245;NO2;lucht;2007-12-19T00:00:00+01:00;2013-03-20T00:00:00+01:00;regionaal;industrie;3
NL10245_NO_lucht;NL10245;NO;lucht;2007-12-19T00:00:00+01:00;2013-03-20T00:00:00+01:00;regionaal;industrie;3
NL10245_NOx_lucht;NL10245;NOx;lucht;2007-12-19T00:00:00+01:00;2013-03-20T00:00:00+01:00;regionaal;industrie;3
NL10245_PM10_lucht;NL10245;PM10;lucht;2007-07-01T00:00:00+01:00;2013-03-20T00:00:00+01:00;regionaal;industrie;3
NL10246_NO2_lucht;NL10246;NO2;lucht;2007-12-19T00:00:00+01:00;;regionaal;achtergrond;3
NL10246_NO_lucht;NL10246;NO;lucht;2007-12-19T00:00:00+01:00;;regionaal;achtergrond;3
NL10246_NOx_lucht;NL10246;NOx;lucht;2007-12-19T00:00:00+01:00;;regionaal;achtergrond;3
NL10246_PM10_lucht;NL10246;PM10;lucht;2007-09-01T00:00:00+01:00;;regionaal;achtergrond;3
NL10246_PM2.5_lucht;NL10246;PM2.5;lucht;2008-01-01T00:00:00+01:00;2011-01-01T00:00:00+01:00;regionaal;achtergrond;3
NL10247_BC_lucht;NL10247;BC;lucht;2015-05-21T00:00:00+01:00;2026-03-06T00:00:00+01:00;stad;achtergrond;3
NL10247_BC_lucht;NL10247;BC;lucht;2026-03-05T00:00:00+01:00;;stad;achtergrond;
NL10247_BCwb_lucht;NL10247;BCwb;lucht;2026-03-05T00:00:00+01:00;;stad;achtergrond;
NL10247_NO2_lucht;NL10247;NO2;lucht;2009-10-05T00:00:00+01:00;;stad;achtergrond;3
NL10247_NO_lucht;NL10247;NO;lucht;2009-10-05T00:00:00+01:00;;stad;achtergrond;3
NL10247_NOx_lucht;NL10247;NOx;lucht;2009-10-05T00:00:00+01:00;;stad;achtergrond;3
NL10247_O3_lucht;NL10247;O3;lucht;2010-06-10T00:00:00+01:00;;voorstad;achtergrond;3
NL10247_Ox_lucht;NL10247;Ox;lucht;2010-06-14T00:00:00+01:00;;stad;achtergrond;3
NL10247_PM10_lucht;NL10247;PM10;lucht;2009-09-01T00:00:00+01:00;;stad;achtergrond;3
NL10247_PM2.5_lucht;NL10247;PM2.5;lucht;2009-04-01T00:00:00+01:00;;stad;achtergrond;3
NL10248_NH3_lucht;NL10248;NH3;lucht;2022-12-01T00:00:00+01:00;;regionaal;achtergrond;3
NL10248_NO2_lucht;NL10248;NO2;lucht;2022-12-28T00:00:00+01:00;;regionaal;achtergrond;3
NL10248_NO_lucht;NL10248;NO;lucht;2022-12-28T00:00:00+01:00;;regionaal;achtergrond;3
NL10248_NOx_lucht;NL10248;NOx;lucht;2022-12-28T00:00:00+01:00;;regionaal;achtergrond;3
NL10248_PM10_lucht;NL10248;PM10;lucht;2022-12-22T00:00:00+01:00;;regionaal;achtergrond;3
NL10248_PM2.5_lucht;NL10248;PM2.5;lucht;2022-12-22T00:00:00+01:00;;regionaal;achtergrond;3
NL10301_NO2_lucht;NL10301;NO2;lucht;1977-09-10T00:00:00+01:00;;regionaal;achtergrond;3
NL10301_NO_lucht;NL10301;NO;lucht;1977-09-10T00:00:00+01:00;;regionaal;achtergrond;3
NL10301_NOx_lucht;NL10301;NOx;lucht;1977-09-10T00:00:00+01:00;;regionaal;achtergrond;3
NL10301_O3_lucht;NL10301;O3;lucht;1986-08-23T00:00:00+01:00;;regionaal;achtergrond;3
NL10301_Ox_lucht;NL10301;Ox;lucht;1986-08-31T00:00:00+01:00;;regionaal;achtergrond;3
NL10301_SO2_lucht;NL10301;SO2;lucht;1976-01-03T00:00:00+01:00;2012-01-01T00:00:00+01:00;regionaal;achtergrond;3
NL10302_SO2_lucht;NL10302;SO2;lucht;1976-01-03T00:00:00+01:00;1985-01-01T00:00:00+01:00;regionaal;achtergrond;3
NL10303_SO2_lucht;NL10303;SO2;lucht;1976-01-03T00:00:00+01:00;1986-04-01T00:00:00+01:00;regionaal;achtergrond;3
NL10304_SO2_lucht;NL10304;SO2;lucht;1976-01-03T00:00:00+01:00;1985-01-01T00:00:00+01:00;stad;verkeer;3
NL10305_SO2_lucht;NL10305;SO2;lucht;1976-01-03T00:00:00+01:00;1993-12-31T00:00:00+01:00;regionaal;achtergrond;3
NL10306_CO_lucht;NL10306;CO;lucht;1977-10-08T00:00:00+01:00;1986-04-02T00:00:00+01:00;regionaal;achtergrond;3
NL10306_NO2_lucht;NL10306;NO2;lucht;1977-09-03T00:00:00+01:00;1984-05-17T00:00:00+01:00;regionaal;achtergrond;3
NL10306_NO_lucht;NL10306;NO;lucht;1977-09-03T00:00:00+01:00;1984-05-17T00:00:00+01:00;regionaal;achtergrond;3
NL10306_NOx_lucht;NL10306;NOx;lucht;1977-09-03T00:00:00+01:00;1984-05-17T00:00:00+01:00;regionaal;achtergrond;3
NL10306_SO2_lucht;NL10306;SO2;lucht;1976-01-03T00:00:00+01:00;1986-04-01T00:00:00+01:00;regionaal;achtergrond;3
NL10307_CO_lucht;NL10307;CO;lucht;1977-10-10T00:00:00+01:00;1986-04-02T00:00:00+01:00;stad;verkeer;3
NL10307_NO2_lucht;NL10307;NO2;lucht;1977-09-10T00:00:00+01:00;1986-04-01T00:00:00+01:00;stad;verkeer;3
NL10307_NO_lucht;NL10307;NO;lucht;1977-09-10T00:00:00+01:00;1986-04-01T00:00:00+01:00;stad;verkeer;3
NL10307_NOx_lucht;NL10307;NOx;lucht;1977-09-10T00:00:00+01:00;1986-04-01T00:00:00+01:00;stad;verkeer;3
NL10307_SO2_lucht;NL10307;SO2;lucht;1976-01-03T00:00:00+01:00;1986-04-01T00:00:00+01:00;stad;verkeer;3
NL10308_NO2_lucht;NL10308;NO2;lucht;1977-09-05T00:00:00+01:00;1985-01-01T00:00:00+01:00;regionaal;achtergrond;3
NL10308_NO_lucht;NL10308;NO;lucht;1977-09-05T00:00:00+01:00;1985-01-01T00:00:00+01:00;regionaal;achtergrond;3
NL10308_NOx_lucht;NL10308;NOx;lucht;1977-09-05T00:00:00+01:00;1985-01-01T00:00:00+01:00;regionaal;achtergrond;3
NL10308_O3_lucht;NL10308;O3;lucht;1977-10-07T00:00:00+01:00;1985-01-01T00:00:00+01:00;regionaal;achtergrond;3
NL10308_Ox_lucht;NL10308;Ox;lucht;1977-09-05T00:00:00+01:00;1985-01-01T00:00:00+01:00;regionaal;achtergrond;3
NL10308_SO2_lucht;NL10308;SO2;lucht;1976-01-03T00:00:00+01:00;1993-12-31T00:00:00+01:00;regionaal;achtergrond;3
NL10309_NO2_lucht;NL10309;NO2;lucht;1977-09-10T00:00:00+01:00;1985-01-01T00:00:00+01:00;regionaal;achtergrond;3
NL10309_NO_lucht;NL10309;NO;lucht;1977-09-10T00:00:00+01:00;1985-01-01T00:00:00+01:00;regionaal;achtergrond;3
NL10309_NOx_lucht;NL10309;NOx;lucht;1977-09-10T00:00:00+01:00;1985-01-01T00:00:00+01:00;regionaal;achtergrond;3
NL10309_SO2_lucht;NL10309;SO2;lucht;1976-01-03T00:00:00+01:00;1993-12-31T00:00:00+01:00;regionaal;achtergrond;3
NL10310_NO2_lucht;NL10310;NO2;lucht;1977-10-01T00:00:00+01:00;1984-06-05T00:00:00+01:00;regionaal;achtergrond;3
NL10310_NO_lucht;NL10310;NO;lucht;1977-10-01T00:00:00+01:00;1984-06-05T00:00:00+01:00;regionaal;achtergrond;3
NL10310_NOx_lucht;NL10310;NOx;lucht;1977-10-01T00:00:00+01:00;1984-06-05T00:00:00+01:00;regionaal;achtergrond;3
NL10310_SO2_lucht;NL10310;SO2;lucht;1976-01-03T00:00:00+01:00;1985-01-01T00:00:00+01:00;regionaal;achtergrond;3
NL10311_NO2_lucht;NL10311;NO2;lucht;1977-10-08T00:00:00+01:00;1986-04-01T00:00:00+01:00;regionaal;achtergrond;3
NL10311_NO_lucht;NL10311;NO;lucht;1977-10-08T00:00:00+01:00;1986-04-01T00:00:00+01:00;regionaal;achtergrond;3
NL10311_NOx_lucht;NL10311;NOx;lucht;1977-10-08T00:00:00+01:00;1986-04-01T00:00:00+01:00;regionaal;achtergrond;3
NL10311_O3_lucht;NL10311;O3;lucht;1977-10-03T00:00:00+01:00;1986-04-01T00:00:00+01:00;regionaal;achtergrond;3
NL10311_Ox_lucht;NL10311;Ox;lucht;1977-10-08T00:00:00+01:00;1986-04-01T00:00:00+01:00;regionaal;achtergrond;3
NL10311_SO2_lucht;NL10311;SO2;lucht;1976-01-03T00:00:00+01:00;1993-12-31T00:00:00+01:00;regionaal;achtergrond;3
NL10312_CO_lucht;NL10312;CO;lucht;1977-10-06T00:00:00+01:00;1985-01-02T00:00:00+01:00;regionaal;achtergrond;3
NL10312_NO2_lucht;NL10312;NO2;lucht;1977-09-18T00:00:00+01:00;1985-01-01T00:00:00+01:00;regionaal;achtergrond;3
NL10312_NO_lucht;NL10312;NO;lucht;1977-09-18T00:00:00+01:00;1985-01-01T00:00:00+01:00;regionaal;achtergrond;3
NL10312_NOx_lucht;NL10312;NOx;lucht;1977-09-18T00:00:00+01:00;1985-01-01T00:00:00+01:00;regionaal;achtergrond;3
NL10312_O3_lucht;NL10312;O3;lucht;1977-10-10T00:00:00+01:00;1985-01-01T00:00:00+01:00;regionaal;achtergrond;3
NL10312_Ox_lucht;NL10312;Ox;lucht;1977-10-10T00:00:00+01:00;1985-01-01T00:00:00+01:00;regionaal;achtergrond;3
NL10312_PM10_lucht;NL10312;PM10;lucht;2007-07-01T00:00:00+01:00;2013-03-01T00:00:00+01:00;regionaal;achtergrond;3
NL10312_SO2_lucht;NL10312;SO2;lucht;1976-01-03T00:00:00+01:00;2012-01-01T00:00:00+01:00;regionaal;achtergrond;3
NL10313_NO2_lucht;NL10313;NO2;lucht;1977-10-08T00:00:00+01:00;1986-04-01T00:00:00+01:00;regionaal;achtergrond;3
NL10313_NO_lucht;NL10313;NO;lucht;1977-10-08T00:00:00+01:00;1986-04-01T00:00:00+01:00;regionaal;achtergrond;3
NL10313_NOx_lucht;NL10313;NOx;lucht;1977-10-08T00:00:00+01:00;1986-04-01T00:00:00+01:00;regionaal;achtergrond;3
NL10313_SO2_lucht;NL10313;SO2;lucht;1976-01-03T00:00:00+01:00;1986-04-01T00:00:00+01:00;regionaal;achtergrond;3
NL10314_NO2_lucht;NL10314;NO2;lucht;1977-10-06T00:00:00+01:00;1985-01-01T00:00:00+01:00;regionaal;achtergrond;3
NL10314_NO_lucht;NL10314;NO;lucht;1977-10-06T00:00:00+01:00;1985-01-01T00:00:00+01:00;regionaal;achtergrond;3
NL10314_NOx_lucht;NL10314;NOx;lucht;1977-10-06T00:00:00+01:00;1985-01-01T00:00:00+01:00;regionaal;achtergrond;3
NL10314_SO2_lucht;NL10314;SO2;lucht;1976-01-03T00:00:00+01:00;1993-12-31T00:00:00+01:00;regionaal;achtergrond;3
NL10315_NO2_lucht;NL10315;NO2;lucht;1977-09-11T00:00:00+01:00;1985-01-01T00:00:00+01:00;regionaal;achtergrond;3
NL10315_NO_lucht;NL10315;NO;lucht;1977-09-11T00:00:00+01:00;1985-01-01T00:00:00+01:00;regionaal;achtergrond;3
NL10315_NOx_lucht;NL10315;NOx;lucht;1977-09-11T00:00:00+01:00;1985-01-01T00:00:00+01:00;regionaal;achtergrond;3
NL10315_SO2_lucht;NL10315;SO2;lucht;1976-01-03T00:00:00+01:00;1999-01-01T00:00:00+01:00;regionaal;achtergrond;3
NL10316_NO2_lucht;NL10316;NO2;lucht;1977-09-03T00:00:00+01:00;1986-04-01T00:00:00+01:00;regionaal;achtergrond;3
NL10316_NO_lucht;NL10316;NO;lucht;1977-09-03T00:00:00+01:00;1986-04-01T00:00:00+01:00;regionaal;achtergrond;3
NL10316_NOx_lucht;NL10316;NOx;lucht;1977-09-03T00:00:00+01:00;1986-04-01T00:00:00+01:00;regionaal;achtergrond;3
NL10316_SO2_lucht;NL10316;SO2;lucht;1976-01-03T00:00:00+01:00;1986-04-01T00:00:00+01:00;regionaal;achtergrond;3
NL10318_111-trichletaan_lucht;NL10318;111-trichletaan;lucht;1992-08-02T00:00:00+01:00;1997-01-07T00:00:00+01:00;regionaal;achtergrond;3
NL10318_112-trichletaan_lucht;NL10318;112-trichletaan;lucht;1992-08-02T00:00:00+01:00;1997-01-07T00:00:00+01:00;regionaal;achtergrond;3
NL10318_12-dichlbenz_lucht;NL10318;12-dichlbenz;lucht;1992-08-02T00:00:00+01:00;1997-01-07T00:00:00+01:00;regionaal;achtergrond;3
NL10318_12-dichletaan_lucht;NL10318;12-dichletaan;lucht;1992-08-02T00:00:00+01:00;1997-01-07T00:00:00+01:00;regionaal;achtergrond;3
NL10318_12-dichlpropaan_lucht;NL10318;12-dichlpropaan;lucht;1992-08-02T00:00:00+01:00;1997-01-07T00:00:00+01:00;regionaal;achtergrond;3
NL10318_123-trichlbenz_lucht;NL10318;123-trichlbenz;lucht;1992-08-02T00:00:00+01:00;1997-01-07T00:00:00+01:00;regionaal;achtergrond;3
NL10318_123-trimetben_lucht;NL10318;123-trimetben;lucht;1992-08-02T00:00:00+01:00;1997-01-07T00:00:00+01:00;regionaal;achtergrond;3
NL10318_124-trichlbenz_lucht;NL10318;124-trichlbenz;lucht;1992-08-02T00:00:00+01:00;1997-01-07T00:00:00+01:00;regionaal;achtergrond;3
NL10318_124-trimetben_lucht;NL10318;124-trimetben;lucht;1992-08-02T00:00:00+01:00;1997-01-07T00:00:00+01:00;regionaal;achtergrond;3
NL10318_13-dichlbenz_lucht;NL10318;13-dichlbenz;lucht;1992-08-02T00:00:00+01:00;1997-01-07T00:00:00+01:00;regionaal;achtergrond;3
NL10318_135-trichlbenz_lucht;NL10318;135-trichlbenz;lucht;1992-08-02T00:00:00+01:00;1997-01-07T00:00:00+01:00;regionaal;achtergrond;3
NL10318_135-trimetben_lucht;NL10318;135-trimetben;lucht;1992-08-02T00:00:00+01:00;1997-01-07T00:00:00+01:00;regionaal;achtergrond;3
NL10318_14-dichlbenz_lucht;NL10318;14-dichlbenz;lucht;1992-08-02T00:00:00+01:00;1997-01-07T00:00:00+01:00;regionaal;achtergrond;3
NL10318_2-ethyltolueen_lucht;NL10318;2-ethyltolueen;lucht;1992-08-02T00:00:00+01:00;1997-01-07T00:00:00+01:00;regionaal;achtergrond;3
NL10318_2-methnaftaleen_lucht;NL10318;2-methnaftaleen;lucht;1992-08-02T00:00:00+01:00;1997-01-07T00:00:00+01:00;regionaal;achtergrond;3
NL10318_3-ethyltolueen_lucht;NL10318;3-ethyltolueen;lucht;1992-08-02T00:00:00+01:00;1997-01-07T00:00:00+01:00;regionaal;achtergrond;3
NL10318_4-ethyltolueen_lucht;NL10318;4-ethyltolueen;lucht;1992-08-02T00:00:00+01:00;1997-01-07T00:00:00+01:00;regionaal;achtergrond;3
NL10318_CO_lucht;NL10318;CO;lucht;1986-04-01T00:00:00+01:00;1993-01-01T00:00:00+01:00;regionaal;achtergrond;3
NL10318_NO2_lucht;NL10318;NO2;lucht;1986-04-02T00:00:00+01:00;;regionaal;achtergrond;3
NL10318_NO_lucht;NL10318;NO;lucht;1986-04-02T00:00:00+01:00;;regionaal;achtergrond;3
NL10318_NOx_lucht;NL10318;NOx;lucht;1986-04-02T00:00:00+01:00;;regionaal;achtergrond;3
NL10318_O3_lucht;NL10318;O3;lucht;1986-04-01T00:00:00+01:00;;regionaal;achtergrond;3
NL10318_Ox_lucht;NL10318;Ox;lucht;1986-04-02T00:00:00+01:00;;regionaal;achtergrond;3
NL10318_PM10_lucht;NL10318;PM10;lucht;1992-03-01T00:00:00+01:00;;regionaal;achtergrond;3
NL10318_SO2_lucht;NL10318;SO2;lucht;1986-04-02T00:00:00+01:00;;regionaal;achtergrond;3
NL10318_ZWR_lucht;NL10318;ZWR;lucht;1986-03-31T00:00:00+01:00;2009-04-16T00:00:00+01:00;regionaal;achtergrond;3
NL10318_benzeen_lucht;NL10318;benzeen;lucht;1992-08-02T00:00:00+01:00;1997-01-07T00:00:00+01:00;regionaal;achtergrond;3
NL10318_butylbenzeen_lucht;NL10318;butylbenzeen;lucht;1992-08-02T00:00:00+01:00;1997-01-07T00:00:00+01:00;regionaal;achtergrond;3
NL10318_chloorbenzeen_lucht;NL10318;chloorbenzeen;lucht;1992-08-02T00:00:00+01:00;1997-01-07T00:00:00+01:00;regionaal;achtergrond;3
NL10318_cumeen_lucht;NL10318;cumeen;lucht;1992-08-02T00:00:00+01:00;1997-01-07T00:00:00+01:00;regionaal;achtergrond;3
NL10318_cymeen_lucht;NL10318;cymeen;lucht;1992-08-02T00:00:00+01:00;1997-01-07T00:00:00+01:00;regionaal;achtergrond;3
NL10318_decaan_lucht;NL10318;decaan;lucht;1992-08-02T00:00:00+01:00;1997-01-07T00:00:00+01:00;regionaal;achtergrond;3
NL10318_dodecaan_lucht;NL10318;dodecaan;lucht;1992-08-02T00:00:00+01:00;1997-01-07T00:00:00+01:00;regionaal;achtergrond;3
NL10318_ethylbenzeen_lucht;NL10318;ethylbenzeen;lucht;1992-08-02T00:00:00+01:00;1997-01-07T00:00:00+01:00;regionaal;achtergrond;3
NL10318_fenol_lucht;NL10318;fenol;lucht;1992-08-02T00:00:00+01:00;1997-01-07T00:00:00+01:00;regionaal;achtergrond;3
NL10318_hexadecaan_lucht;NL10318;hexadecaan;lucht;1992-08-02T00:00:00+01:00;1997-01-07T00:00:00+01:00;regionaal;achtergrond;3
NL10318_limoneen_lucht;NL10318;limoneen;lucht;1992-08-02T00:00:00+01:00;1997-01-07T00:00:00+01:00;regionaal;achtergrond;3
NL10318_m-xyleen_lucht;NL10318;m-xyleen;lucht;1992-08-02T00:00:00+01:00;1997-01-07T00:00:00+01:00;regionaal;achtergrond;3
NL10318_n-heptaan_lucht;NL10318;n-heptaan;lucht;1992-08-02T00:00:00+01:00;1997-01-07T00:00:00+01:00;regionaal;achtergrond;3
NL10318_n-hexaan_lucht;NL10318;n-hexaan;lucht;1992-08-02T00:00:00+01:00;1997-01-07T00:00:00+01:00;regionaal;achtergrond;3
NL10318_n-octaan_lucht;NL10318;n-octaan;lucht;1992-08-02T00:00:00+01:00;1997-01-07T00:00:00+01:00;regionaal;achtergrond;3
NL10318_naftaleen_lucht;NL10318;naftaleen;lucht;1992-08-02T00:00:00+01:00;1997-01-07T00:00:00+01:00;regionaal;achtergrond;3
NL10318_nonaan_lucht;NL10318;nonaan;lucht;1992-08-02T00:00:00+01:00;1997-01-07T00:00:00+01:00;regionaal;achtergrond;3
NL10318_orthoxyleen_lucht;NL10318;orthoxyleen;lucht;1992-08-02T00:00:00+01:00;1997-01-07T00:00:00+01:00;regionaal;achtergrond;3
NL10318_p-xyleen_lucht;NL10318;p-xyleen;lucht;1992-08-02T00:00:00+01:00;1997-01-07T00:00:00+01:00;regionaal;achtergrond;3
NL10318_pentadecaan_lucht;NL10318;pentadecaan;lucht;1992-08-02T00:00:00+01:00;1997-01-07T00:00:00+01:00;regionaal;achtergrond;3
NL10318_propylbenzeen_lucht;NL10318;propylbenzeen;lucht;1992-08-02T00:00:00+01:00;1997-01-07T00:00:00+01:00;regionaal;achtergrond;3
NL10318_styreen_lucht;NL10318;styreen;lucht;1992-08-02T00:00:00+01:00;1997-01-07T00:00:00+01:00;regionaal;achtergrond;3
NL10318_tetrachleteen_lucht;NL10318;tetrachleteen;lucht;1992-08-02T00:00:00+01:00;1997-01-07T00:00:00+01:00;regionaal;achtergrond;3
NL10318_tetrachlmetaan_lucht;NL10318;tetrachlmetaan;lucht;1992-08-02T00:00:00+01:00;1997-01-07T00:00:00+01:00;regionaal;achtergrond;3
NL10318_tetradecaan_lucht;NL10318;tetradecaan;lucht;1992-08-02T00:00:00+01:00;1997-01-07T00:00:00+01:00;regionaal;achtergrond;3
NL10318_tolueen_lucht;NL10318;tolueen;lucht;1992-08-02T00:00:00+01:00;1997-01-07T00:00:00+01:00;regionaal;achtergrond;3
NL10318_trichleteen_lucht;NL10318;trichleteen;lucht;1992-08-02T00:00:00+01:00;1997-01-07T00:00:00+01:00;regionaal;achtergrond;3
NL10318_trichlmetaan_lucht;NL10318;trichlmetaan;lucht;1992-08-02T00:00:00+01:00;1997-01-07T00:00:00+01:00;regionaal;achtergrond;3
NL10318_tridecaan_lucht;NL10318;tridecaan;lucht;1992-08-02T00:00:00+01:00;1997-01-07T00:00:00+01:00;regionaal;achtergrond;3
NL10318_undecaan_lucht;NL10318;undecaan;lucht;1992-08-02T00:00:00+01:00;1997-01-07T00:00:00+01:00;regionaal;achtergrond;3
NL10319_PM10_lucht;NL10319;PM10;lucht;2009-09-01T00:00:00+01:00;2014-12-03T00:00:00+01:00;regionaal;industrie;3
NL10320_NH3_lucht;NL10320;NH3;lucht;2023-08-15T00:00:00+01:00;;regionaal;achtergrond;3
NL10401_SO2_lucht;NL10401;SO2;lucht;1976-01-03T00:00:00+01:00;1985-01-01T00:00:00+01:00;stad;verkeer;3
NL10402_NO2_lucht;NL10402;NO2;lucht;1977-04-03T00:00:00+01:00;1986-04-01T00:00:00+01:00;regionaal;achtergrond;3
NL10402_NO_lucht;NL10402;NO;lucht;1977-04-03T00:00:00+01:00;1986-04-01T00:00:00+01:00;regionaal;achtergrond;3
NL10402_NOx_lucht;NL10402;NOx;lucht;1977-04-03T00:00:00+01:00;1986-04-01T00:00:00+01:00;regionaal;achtergrond;3
NL10402_O3_lucht;NL10402;O3;lucht;1977-04-03T00:00:00+01:00;1986-04-01T00:00:00+01:00;regionaal;achtergrond;3
NL10402_Ox_lucht;NL10402;Ox;lucht;1977-04-03T00:00:00+01:00;1986-04-01T00:00:00+01:00;regionaal;achtergrond;3
NL10402_SO2_lucht;NL10402;SO2;lucht;1976-01-03T00:00:00+01:00;1993-12-31T00:00:00+01:00;regionaal;achtergrond;3
NL10403_SO2_lucht;NL10403;SO2;lucht;1976-01-03T00:00:00+01:00;1986-04-01T00:00:00+01:00;regionaal;achtergrond;3
NL10404_CO_lucht;NL10404;CO;lucht;1976-01-02T00:00:00+01:00;1989-01-02T00:00:00+01:00;stad;verkeer;3
NL10404_NO2_lucht;NL10404;NO2;lucht;1977-04-03T00:00:00+01:00;;stad;achtergrond;3
NL10404_NO_lucht;NL10404;NO;lucht;1977-04-03T00:00:00+01:00;;stad;achtergrond;3
NL10404_NOx_lucht;NL10404;NOx;lucht;1977-04-03T00:00:00+01:00;;stad;achtergrond;3
NL10404_O3_lucht;NL10404;O3;lucht;1986-09-20T00:00:00+01:00;;stad;achtergrond;3
NL10404_Ox_lucht;NL10404;Ox;lucht;1977-04-03T00:00:00+01:00;;stad;achtergrond;3
NL10404_PM10_lucht;NL10404;PM10;lucht;1992-01-01T00:00:00+01:00;;stad;achtergrond;3
NL10404_PM2.5_lucht;NL10404;PM2.5;lucht;2008-01-01T00:00:00+01:00;;stad;achtergrond;3
NL10404_SO2_lucht;NL10404;SO2;lucht;1976-01-03T00:00:00+01:00;2012-01-01T00:00:00+01:00;stad;achtergrond;3
NL10405_SO2_lucht;NL10405;SO2;lucht;1976-01-03T00:00:00+01:00;1985-01-01T00:00:00+01:00;stad;verkeer;3
NL10406_SO2_lucht;NL10406;SO2;lucht;1976-01-03T00:00:00+01:00;1986-04-01T00:00:00+01:00;stad;verkeer;3
NL10407_SO2_lucht;NL10407;SO2;lucht;1976-01-03T00:00:00+01:00;1985-01-01T00:00:00+01:00;stad;verkeer;3
NL10408_NO2_lucht;NL10408;NO2;lucht;1977-04-04T00:00:00+01:00;1985-01-01T00:00:00+01:00;regionaal;achtergrond;3
NL10408_NO_lucht;NL10408;NO;lucht;1977-04-04T00:00:00+01:00;1985-01-01T00:00:00+01:00;regionaal;achtergrond;3
NL10408_NOx_lucht;NL10408;NOx;lucht;1977-04-04T00:00:00+01:00;1985-01-01T00:00:00+01:00;regionaal;achtergrond;3
NL10408_SO2_lucht;NL10408;SO2;lucht;1976-01-03T00:00:00+01:00;1993-09-01T00:00:00+01:00;regionaal;achtergrond;3
NL10409_SO2_lucht;NL10409;SO2;lucht;1976-01-04T00:00:00+01:00;1993-12-31T00:00:00+01:00;regionaal;achtergrond;3
NL10410_SO2_lucht;NL10410;SO2;lucht;1976-01-03T00:00:00+01:00;1986-04-01T00:00:00+01:00;regionaal;achtergrond;3
NL10411_CO_lucht;NL10411;CO;lucht;1994-01-01T00:00:00+01:00;2011-04-19T00:00:00+01:00;regionaal;achtergrond;3
NL10411_NO2_lucht;NL10411;NO2;lucht;1977-04-03T00:00:00+01:00;2013-01-03T00:00:00+01:00;regionaal;achtergrond;3
NL10411_NO_lucht;NL10411;NO;lucht;1977-04-03T00:00:00+01:00;2013-01-03T00:00:00+01:00;regionaal;achtergrond;3
NL10411_NOx_lucht;NL10411;NOx;lucht;1977-04-03T00:00:00+01:00;2013-01-03T00:00:00+01:00;regionaal;achtergrond;3
NL10411_O3_lucht;NL10411;O3;lucht;1994-01-05T00:00:00+01:00;2013-01-03T00:00:00+01:00;voorstad;achtergrond;3
NL10411_Ox_lucht;NL10411;Ox;lucht;1994-01-07T00:00:00+01:00;2013-01-03T00:00:00+01:00;regionaal;achtergrond;3
NL10411_SO2_lucht;NL10411;SO2;lucht;1976-01-03T00:00:00+01:00;2012-01-01T00:00:00+01:00;regionaal;achtergrond;3
NL10412_NO2_lucht;NL10412;NO2;lucht;1977-04-03T00:00:00+01:00;1985-01-01T00:00:00+01:00;regionaal;achtergrond;3
NL10412_NO_lucht;NL10412;NO;lucht;1977-04-03T00:00:00+01:00;1985-01-01T00:00:00+01:00;regionaal;achtergrond;3
NL10412_NOx_lucht;NL10412;NOx;lucht;1977-04-03T00:00:00+01:00;1985-01-01T00:00:00+01:00;regionaal;achtergrond;3
NL10412_SO2_lucht;NL10412;SO2;lucht;1976-01-03T00:00:00+01:00;1993-12-31T00:00:00+01:00;regionaal;achtergrond;3
NL10413_SO2_lucht;NL10413;SO2;lucht;1976-01-03T00:00:00+01:00;1985-01-01T00:00:00+01:00;regionaal;achtergrond;3
NL10414_SO2_lucht;NL10414;SO2;lucht;1976-01-04T00:00:00+01:00;1985-01-01T00:00:00+01:00;regionaal;achtergrond;3
NL10415_111-trichletaan_lucht;NL10415;111-trichletaan;lucht;1997-01-20T00:00:00+01:00;2010-01-05T00:00:00+01:00;regionaal;achtergrond;3
NL10415_112-trichletaan_lucht;NL10415;112-trichletaan;lucht;1997-01-20T00:00:00+01:00;2010-01-05T00:00:00+01:00;regionaal;achtergrond;3
NL10415_12-dichlbenz_lucht;NL10415;12-dichlbenz;lucht;1997-01-20T00:00:00+01:00;2010-01-05T00:00:00+01:00;regionaal;achtergrond;3
NL10415_12-dichletaan_lucht;NL10415;12-dichletaan;lucht;1997-01-20T00:00:00+01:00;2010-01-05T00:00:00+01:00;regionaal;achtergrond;3
NL10415_12-dichlpropaan_lucht;NL10415;12-dichlpropaan;lucht;1997-01-20T00:00:00+01:00;2010-01-05T00:00:00+01:00;regionaal;achtergrond;3
NL10415_123-trichlbenz_lucht;NL10415;123-trichlbenz;lucht;1997-01-20T00:00:00+01:00;2010-01-05T00:00:00+01:00;regionaal;achtergrond;3
NL10415_123-trimetben_lucht;NL10415;123-trimetben;lucht;1997-01-20T00:00:00+01:00;2010-01-05T00:00:00+01:00;regionaal;achtergrond;3
NL10415_124-trichlbenz_lucht;NL10415;124-trichlbenz;lucht;1997-01-20T00:00:00+01:00;2010-01-05T00:00:00+01:00;regionaal;achtergrond;3
NL10415_124-trimetben_lucht;NL10415;124-trimetben;lucht;1997-01-20T00:00:00+01:00;2010-01-05T00:00:00+01:00;regionaal;achtergrond;3
NL10415_13-dichlbenz_lucht;NL10415;13-dichlbenz;lucht;1997-01-20T00:00:00+01:00;2010-01-05T00:00:00+01:00;regionaal;achtergrond;3
NL10415_135-trichlbenz_lucht;NL10415;135-trichlbenz;lucht;1997-01-20T00:00:00+01:00;2010-01-05T00:00:00+01:00;regionaal;achtergrond;3
NL10415_135-trimetben_lucht;NL10415;135-trimetben;lucht;1997-01-20T00:00:00+01:00;2010-01-05T00:00:00+01:00;regionaal;achtergrond;3
NL10415_14-dichlbenz_lucht;NL10415;14-dichlbenz;lucht;1997-01-20T00:00:00+01:00;2010-01-05T00:00:00+01:00;regionaal;achtergrond;3
NL10415_2-ethyltolueen_lucht;NL10415;2-ethyltolueen;lucht;1997-01-20T00:00:00+01:00;2010-01-05T00:00:00+01:00;regionaal;achtergrond;3
NL10415_2-methnaftaleen_lucht;NL10415;2-methnaftaleen;lucht;1997-01-20T00:00:00+01:00;2010-01-05T00:00:00+01:00;regionaal;achtergrond;3
NL10415_3-ethyltolueen_lucht;NL10415;3-ethyltolueen;lucht;1997-01-20T00:00:00+01:00;2010-01-05T00:00:00+01:00;regionaal;achtergrond;3
NL10415_4-ethyltolueen_lucht;NL10415;4-ethyltolueen;lucht;1997-01-20T00:00:00+01:00;2010-01-05T00:00:00+01:00;regionaal;achtergrond;3
NL10415_NO2_lucht;NL10415;NO2;lucht;1977-04-03T00:00:00+01:00;1985-01-01T00:00:00+01:00;regionaal;achtergrond;3
NL10415_NO_lucht;NL10415;NO;lucht;1977-04-03T00:00:00+01:00;1985-01-01T00:00:00+01:00;regionaal;achtergrond;3
NL10415_NOx_lucht;NL10415;NOx;lucht;1977-04-03T00:00:00+01:00;1985-01-01T00:00:00+01:00;regionaal;achtergrond;3
NL10415_SO2_lucht;NL10415;SO2;lucht;1976-04-04T00:00:00+01:00;2002-04-01T00:00:00+01:00;regionaal;achtergrond;3
NL10415_benzeen_lucht;NL10415;benzeen;lucht;1997-01-20T00:00:00+01:00;2010-01-05T00:00:00+01:00;regionaal;achtergrond;3
NL10415_butylbenzeen_lucht;NL10415;butylbenzeen;lucht;1997-01-20T00:00:00+01:00;2010-01-05T00:00:00+01:00;regionaal;achtergrond;3
NL10415_chloorbenzeen_lucht;NL10415;chloorbenzeen;lucht;1997-01-20T00:00:00+01:00;2010-01-05T00:00:00+01:00;regionaal;achtergrond;3
NL10415_cumeen_lucht;NL10415;cumeen;lucht;1997-01-20T00:00:00+01:00;2010-01-05T00:00:00+01:00;regionaal;achtergrond;3
NL10415_cymeen_lucht;NL10415;cymeen;lucht;1997-01-20T00:00:00+01:00;2010-01-05T00:00:00+01:00;regionaal;achtergrond;3
NL10415_decaan_lucht;NL10415;decaan;lucht;1997-01-20T00:00:00+01:00;2010-01-05T00:00:00+01:00;regionaal;achtergrond;3
NL10415_dodecaan_lucht;NL10415;dodecaan;lucht;1997-01-20T00:00:00+01:00;2010-01-05T00:00:00+01:00;regionaal;achtergrond;3
NL10415_ethylbenzeen_lucht;NL10415;ethylbenzeen;lucht;1997-01-20T00:00:00+01:00;2010-01-05T00:00:00+01:00;regionaal;achtergrond;3
NL10415_fenol_lucht;NL10415;fenol;lucht;1997-01-20T00:00:00+01:00;2010-01-05T00:00:00+01:00;regionaal;achtergrond;3
NL10415_hexadecaan_lucht;NL10415;hexadecaan;lucht;1997-01-20T00:00:00+01:00;2010-01-05T00:00:00+01:00;regionaal;achtergrond;3
NL10415_limoneen_lucht;NL10415;limoneen;lucht;1997-01-20T00:00:00+01:00;2010-01-05T00:00:00+01:00;regionaal;achtergrond;3
NL10415_m-xyleen_lucht;NL10415;m-xyleen;lucht;1997-01-20T00:00:00+01:00;2010-01-05T00:00:00+01:00;regionaal;achtergrond;3
NL10415_n-heptaan_lucht;NL10415;n-heptaan;lucht;1997-01-20T00:00:00+01:00;2010-01-05T00:00:00+01:00;regionaal;achtergrond;3
NL10415_n-hexaan_lucht;NL10415;n-hexaan;lucht;1997-01-20T00:00:00+01:00;2010-01-05T00:00:00+01:00;regionaal;achtergrond;3
NL10415_n-octaan_lucht;NL10415;n-octaan;lucht;1997-01-20T00:00:00+01:00;2010-01-05T00:00:00+01:00;regionaal;achtergrond;3
NL10415_naftaleen_lucht;NL10415;naftaleen;lucht;1997-01-20T00:00:00+01:00;2010-01-05T00:00:00+01:00;regionaal;achtergrond;3
NL10415_nonaan_lucht;NL10415;nonaan;lucht;1997-01-20T00:00:00+01:00;2010-01-05T00:00:00+01:00;regionaal;achtergrond;3
NL10415_orthoxyleen_lucht;NL10415;orthoxyleen;lucht;1997-01-20T00:00:00+01:00;2010-01-05T00:00:00+01:00;regionaal;achtergrond;3
NL10415_p-xyleen_lucht;NL10415;p-xyleen;lucht;1997-01-20T00:00:00+01:00;2010-01-05T00:00:00+01:00;regionaal;achtergrond;3
NL10415_pentadecaan_lucht;NL10415;pentadecaan;lucht;1997-01-20T00:00:00+01:00;2010-01-05T00:00:00+01:00;regionaal;achtergrond;3
NL10415_propylbenzeen_lucht;NL10415;propylbenzeen;lucht;1997-01-20T00:00:00+01:00;2010-01-05T00:00:00+01:00;regionaal;achtergrond;3
NL10415_styreen_lucht;NL10415;styreen;lucht;1997-01-20T00:00:00+01:00;2010-01-05T00:00:00+01:00;regionaal;achtergrond;3
NL10415_tetrachleteen_lucht;NL10415;tetrachleteen;lucht;1997-01-20T00:00:00+01:00;2010-01-05T00:00:00+01:00;regionaal;achtergrond;3
NL10415_tetrachlmetaan_lucht;NL10415;tetrachlmetaan;lucht;1997-01-20T00:00:00+01:00;2010-01-05T00:00:00+01:00;regionaal;achtergrond;3
NL10415_tetradecaan_lucht;NL10415;tetradecaan;lucht;1997-01-20T00:00:00+01:00;2010-01-05T00:00:00+01:00;regionaal;achtergrond;3
NL10415_tolueen_lucht;NL10415;tolueen;lucht;1997-01-20T00:00:00+01:00;2010-01-05T00:00:00+01:00;regionaal;achtergrond;3
NL10415_trichleteen_lucht;NL10415;trichleteen;lucht;1997-01-20T00:00:00+01:00;2010-01-05T00:00:00+01:00;regionaal;achtergrond;3
NL10415_trichlmetaan_lucht;NL10415;trichlmetaan;lucht;1997-01-20T00:00:00+01:00;2010-01-05T00:00:00+01:00;regionaal;achtergrond;3
NL10415_tridecaan_lucht;NL10415;tridecaan;lucht;1997-01-20T00:00:00+01:00;2010-01-05T00:00:00+01:00;regionaal;achtergrond;3
NL10415_undecaan_lucht;NL10415;undecaan;lucht;1997-01-20T00:00:00+01:00;2010-01-05T00:00:00+01:00;regionaal;achtergrond;3
NL10416_NO2_lucht;NL10416;NO2;lucht;1977-04-03T00:00:00+01:00;1985-01-01T00:00:00+01:00;stad;verkeer;3
NL10416_NO_lucht;NL10416;NO;lucht;1977-04-03T00:00:00+01:00;1985-01-01T00:00:00+01:00;stad;verkeer;3
NL10416_NOx_lucht;NL10416;NOx;lucht;1977-04-03T00:00:00+01:00;1985-01-01T00:00:00+01:00;stad;verkeer;3
NL10416_SO2_lucht;NL10416;SO2;lucht;1976-04-10T00:00:00+01:00;2013-01-03T00:00:00+01:00;stad;achtergrond;3
NL10417_SO2_lucht;NL10417;SO2;lucht;1976-05-01T00:00:00+01:00;1985-01-01T00:00:00+01:00;stad;verkeer;3
NL10418_111-trichletaan_lucht;NL10418;111-trichletaan;lucht;1992-08-27T00:00:00+01:00;1996-11-14T00:00:00+01:00;stad;achtergrond;3
NL10418_112-trichletaan_lucht;NL10418;112-trichletaan;lucht;1992-08-27T00:00:00+01:00;1996-11-14T00:00:00+01:00;stad;achtergrond;3
NL10418_12-dichlbenz_lucht;NL10418;12-dichlbenz;lucht;1992-08-27T00:00:00+01:00;1996-11-14T00:00:00+01:00;stad;achtergrond;3
NL10418_12-dichletaan_lucht;NL10418;12-dichletaan;lucht;1992-08-27T00:00:00+01:00;1996-11-14T00:00:00+01:00;stad;achtergrond;3
NL10418_12-dichlpropaan_lucht;NL10418;12-dichlpropaan;lucht;1992-08-27T00:00:00+01:00;1996-11-14T00:00:00+01:00;stad;achtergrond;3
NL10418_123-trichlbenz_lucht;NL10418;123-trichlbenz;lucht;1992-08-27T00:00:00+01:00;1996-11-14T00:00:00+01:00;stad;achtergrond;3
NL10418_123-trimetben_lucht;NL10418;123-trimetben;lucht;1992-08-27T00:00:00+01:00;1996-11-14T00:00:00+01:00;stad;achtergrond;3
NL10418_124-trichlbenz_lucht;NL10418;124-trichlbenz;lucht;1992-08-27T00:00:00+01:00;1996-11-14T00:00:00+01:00;stad;achtergrond;3
NL10418_124-trimetben_lucht;NL10418;124-trimetben;lucht;1992-08-27T00:00:00+01:00;1996-11-14T00:00:00+01:00;stad;achtergrond;3
NL10418_13-dichlbenz_lucht;NL10418;13-dichlbenz;lucht;1992-08-27T00:00:00+01:00;1996-11-14T00:00:00+01:00;stad;achtergrond;3
NL10418_135-trichlbenz_lucht;NL10418;135-trichlbenz;lucht;1992-08-27T00:00:00+01:00;1996-11-14T00:00:00+01:00;stad;achtergrond;3
NL10418_135-trimetben_lucht;NL10418;135-trimetben;lucht;1992-08-27T00:00:00+01:00;1996-11-14T00:00:00+01:00;stad;achtergrond;3
NL10418_14-dichlbenz_lucht;NL10418;14-dichlbenz;lucht;1992-08-27T00:00:00+01:00;1996-11-14T00:00:00+01:00;stad;achtergrond;3
NL10418_2-ethyltolueen_lucht;NL10418;2-ethyltolueen;lucht;1992-08-27T00:00:00+01:00;1996-11-14T00:00:00+01:00;stad;achtergrond;3
NL10418_2-methnaftaleen_lucht;NL10418;2-methnaftaleen;lucht;1992-08-27T00:00:00+01:00;1996-11-14T00:00:00+01:00;stad;achtergrond;3
NL10418_3-ethyltolueen_lucht;NL10418;3-ethyltolueen;lucht;1992-08-27T00:00:00+01:00;1996-11-14T00:00:00+01:00;stad;achtergrond;3
NL10418_4-ethyltolueen_lucht;NL10418;4-ethyltolueen;lucht;1992-08-27T00:00:00+01:00;1996-11-14T00:00:00+01:00;stad;achtergrond;3
NL10418_CO_lucht;NL10418;CO;lucht;1976-01-02T00:00:00+01:00;2011-04-21T00:00:00+01:00;stad;achtergrond;3
NL10418_NO2_lucht;NL10418;NO2;lucht;1977-04-03T00:00:00+01:00;;stad;achtergrond;3
NL10418_NO_lucht;NL10418;NO;lucht;1977-04-03T00:00:00+01:00;;stad;achtergrond;3
NL10418_NOx_lucht;NL10418;NOx;lucht;1977-04-03T00:00:00+01:00;;stad;achtergrond;3
NL10418_O3_lucht;NL10418;O3;lucht;1986-06-18T00:00:00+01:00;;stad;achtergrond;3
NL10418_Ox_lucht;NL10418;Ox;lucht;1986-06-20T00:00:00+01:00;;stad;achtergrond;3
NL10418_PM10_lucht;NL10418;PM10;lucht;1993-09-01T00:00:00+01:00;;stad;achtergrond;3
NL10418_PM2.5_lucht;NL10418;PM2.5;lucht;2008-01-01T00:00:00+01:00;;stad;achtergrond;3
NL10418_SO2_lucht;NL10418;SO2;lucht;1976-01-04T00:00:00+01:00;2012-01-01T00:00:00+01:00;stad;achtergrond;3
NL10418_ZWR_lucht;NL10418;ZWR;lucht;1988-12-31T00:00:00+01:00;1992-10-01T00:00:00+01:00;stad;achtergrond;3
NL10418_benz-a-antr_pm10_aerosol;NL10418;benz-a-antr;pm10_aerosol;2009-01-01T00:00:00+01:00;;stad;achtergrond;3
NL10418_benz-a-pyreen_pm10_aerosol;NL10418;benz-a-pyreen;pm10_aerosol;2008-01-01T00:00:00+01:00;;stad;achtergrond;3
NL10418_benz-bjk-fluor_pm10_aerosol;NL10418;benz-bjk-fluor;pm10_aerosol;2009-01-01T00:00:00+01:00;;stad;achtergrond;3
NL10418_benz-ghi-peryl_pm10_aerosol;NL10418;benz-ghi-peryl;pm10_aerosol;2009-01-01T00:00:00+01:00;;stad;achtergrond;3
NL10418_benzeen_lucht;NL10418;benzeen;lucht;1992-08-27T00:00:00+01:00;1996-11-14T00:00:00+01:00;stad;achtergrond;3
NL10418_butylbenzeen_lucht;NL10418;butylbenzeen;lucht;1992-08-27T00:00:00+01:00;1996-11-14T00:00:00+01:00;stad;achtergrond;3
NL10418_chloorbenzeen_lucht;NL10418;chloorbenzeen;lucht;1992-08-27T00:00:00+01:00;1996-11-14T00:00:00+01:00;stad;achtergrond;3
NL10418_chryseen_pm10_aerosol;NL10418;chryseen;pm10_aerosol;2009-01-01T00:00:00+01:00;;stad;achtergrond;3
NL10418_cumeen_lucht;NL10418;cumeen;lucht;1992-08-27T00:00:00+01:00;1996-11-14T00:00:00+01:00;stad;achtergrond;3
NL10418_cymeen_lucht;NL10418;cymeen;lucht;1992-08-27T00:00:00+01:00;1996-11-14T00:00:00+01:00;stad;achtergrond;3
NL10418_decaan_lucht;NL10418;decaan;lucht;1992-08-27T00:00:00+01:00;1996-11-14T00:00:00+01:00;stad;achtergrond;3
NL10418_dibenz-ah-antr_pm10_aerosol;NL10418;dibenz-ah-antr;pm10_aerosol;2009-01-01T00:00:00+01:00;;stad;achtergrond;3
NL10418_dodecaan_lucht;NL10418;dodecaan;lucht;1992-08-27T00:00:00+01:00;1996-11-14T00:00:00+01:00;stad;achtergrond;3
NL10418_ethylbenzeen_lucht;NL10418;ethylbenzeen;lucht;1992-08-27T00:00:00+01:00;1996-11-14T00:00:00+01:00;stad;achtergrond;3
NL10418_fenol_lucht;NL10418;fenol;lucht;1992-08-27T00:00:00+01:00;1996-11-14T00:00:00+01:00;stad;achtergrond;3
NL10418_hexadecaan_lucht;NL10418;hexadecaan;lucht;1992-08-27T00:00:00+01:00;1996-11-14T00:00:00+01:00;stad;achtergrond;3
NL10418_ind-123cd-pyr_pm10_aerosol;NL10418;ind-123cd-pyr;pm10_aerosol;2009-01-01T00:00:00+01:00;;stad;achtergrond;3
NL10418_limoneen_lucht;NL10418;limoneen;lucht;1992-08-27T00:00:00+01:00;1996-11-14T00:00:00+01:00;stad;achtergrond;3
NL10418_m-xyleen_lucht;NL10418;m-xyleen;lucht;1992-08-27T00:00:00+01:00;1996-11-14T00:00:00+01:00;stad;achtergrond;3
NL10418_n-heptaan_lucht;NL10418;n-heptaan;lucht;1992-08-27T00:00:00+01:00;1996-11-14T00:00:00+01:00;stad;achtergrond;3
NL10418_n-hexaan_lucht;NL10418;n-hexaan;lucht;1992-08-27T00:00:00+01:00;1996-11-14T00:00:00+01:00;stad;achtergrond;3
NL10418_n-octaan_lucht;NL10418;n-octaan;lucht;1992-08-27T00:00:00+01:00;1996-11-14T00:00:00+01:00;stad;achtergrond;3
NL10418_naftaleen_lucht;NL10418;naftaleen;lucht;1992-08-27T00:00:00+01:00;1996-11-14T00:00:00+01:00;stad;achtergrond;3
NL10418_nonaan_lucht;NL10418;nonaan;lucht;1992-08-27T00:00:00+01:00;1996-11-14T00:00:00+01:00;stad;achtergrond;3
NL10418_orthoxyleen_lucht;NL10418;orthoxyleen;lucht;1992-08-27T00:00:00+01:00;1996-11-14T00:00:00+01:00;stad;achtergrond;3
NL10418_p-xyleen_lucht;NL10418;p-xyleen;lucht;1992-08-27T00:00:00+01:00;1996-11-14T00:00:00+01:00;stad;achtergrond;3
NL10418_pentadecaan_lucht;NL10418;pentadecaan;lucht;1992-08-27T00:00:00+01:00;1996-11-14T00:00:00+01:00;stad;achtergrond;3
NL10418_propylbenzeen_lucht;NL10418;propylbenzeen;lucht;1992-08-27T00:00:00+01:00;1996-11-14T00:00:00+01:00;stad;achtergrond;3
NL10418_styreen_lucht;NL10418;styreen;lucht;1992-08-27T00:00:00+01:00;1996-11-14T00:00:00+01:00;stad;achtergrond;3
NL10418_tetrachleteen_lucht;NL10418;tetrachleteen;lucht;1992-08-27T00:00:00+01:00;1996-11-14T00:00:00+01:00;stad;achtergrond;3
NL10418_tetrachlmetaan_lucht;NL10418;tetrachlmetaan;lucht;1992-08-27T00:00:00+01:00;1996-11-14T00:00:00+01:00;stad;achtergrond;3
NL10418_tetradecaan_lucht;NL10418;tetradecaan;lucht;1992-08-27T00:00:00+01:00;1996-11-14T00:00:00+01:00;stad;achtergrond;3
NL10418_tolueen_lucht;NL10418;tolueen;lucht;1992-08-27T00:00:00+01:00;1996-11-14T00:00:00+01:00;stad;achtergrond;3
NL10418_trichleteen_lucht;NL10418;trichleteen;lucht;1992-08-27T00:00:00+01:00;1996-11-14T00:00:00+01:00;stad;achtergrond;3
NL10418_trichlmetaan_lucht;NL10418;trichlmetaan;lucht;1992-08-27T00:00:00+01:00;1996-11-14T00:00:00+01:00;stad;achtergrond;3
NL10418_tridecaan_lucht;NL10418;tridecaan;lucht;1992-08-27T00:00:00+01:00;1996-11-14T00:00:00+01:00;stad;achtergrond;3
NL10418_undecaan_lucht;NL10418;undecaan;lucht;1992-08-27T00:00:00+01:00;1996-11-14T00:00:00+01:00;stad;achtergrond;3
NL10419_SO2_lucht;NL10419;SO2;lucht;1976-01-03T00:00:00+01:00;1993-12-31T00:00:00+01:00;regionaal;achtergrond;3
NL10420_NO2_lucht;NL10420;NO2;lucht;1977-04-04T00:00:00+01:00;1985-01-01T00:00:00+01:00;regionaal;achtergrond;3
NL10420_NO_lucht;NL10420;NO;lucht;1977-04-04T00:00:00+01:00;1985-01-01T00:00:00+01:00;regionaal;achtergrond;3
NL10420_NOx_lucht;NL10420;NOx;lucht;1977-04-04T00:00:00+01:00;1985-01-01T00:00:00+01:00;regionaal;achtergrond;3
NL10420_SO2_lucht;NL10420;SO2;lucht;1976-04-10T00:00:00+01:00;1993-12-31T00:00:00+01:00;regionaal;achtergrond;3
NL10421_SO2_lucht;NL10421;SO2;lucht;1976-04-25T00:00:00+01:00;1986-04-01T00:00:00+01:00;regionaal;achtergrond;3
NL10422_CO_lucht;NL10422;CO;lucht;1977-04-03T00:00:00+01:00;1985-01-02T00:00:00+01:00;regionaal;achtergrond;3
NL10422_NO2_lucht;NL10422;NO2;lucht;1977-04-03T00:00:00+01:00;1989-01-01T00:00:00+01:00;regionaal;achtergrond;3
NL10422_NO_lucht;NL10422;NO;lucht;1977-04-03T00:00:00+01:00;1989-01-01T00:00:00+01:00;regionaal;achtergrond;3
NL10422_NOx_lucht;NL10422;NOx;lucht;1977-04-03T00:00:00+01:00;1989-01-01T00:00:00+01:00;regionaal;achtergrond;3
NL10422_O3_lucht;NL10422;O3;lucht;1977-04-03T00:00:00+01:00;1989-01-01T00:00:00+01:00;regionaal;achtergrond;3
NL10422_Ox_lucht;NL10422;Ox;lucht;1977-04-03T00:00:00+01:00;1989-01-01T00:00:00+01:00;regionaal;achtergrond;3
NL10422_SO2_lucht;NL10422;SO2;lucht;1977-01-20T00:00:00+01:00;1993-12-31T00:00:00+01:00;regionaal;achtergrond;3
NL10423_SO2_lucht;NL10423;SO2;lucht;1976-01-02T00:00:00+01:00;1985-01-01T00:00:00+01:00;stad;verkeer;3
NL10425_CO_lucht;NL10425;CO;lucht;1977-04-03T00:00:00+01:00;1985-01-02T00:00:00+01:00;regionaal;achtergrond;3
NL10425_NO2_lucht;NL10425;NO2;lucht;1977-04-03T00:00:00+01:00;1985-01-01T00:00:00+01:00;regionaal;achtergrond;3
NL10425_NO_lucht;NL10425;NO;lucht;1977-04-03T00:00:00+01:00;1985-01-01T00:00:00+01:00;regionaal;achtergrond;3
NL10425_NOx_lucht;NL10425;NOx;lucht;1977-04-03T00:00:00+01:00;1985-01-01T00:00:00+01:00;regionaal;achtergrond;3
NL10425_SO2_lucht;NL10425;SO2;lucht;1976-04-07T00:00:00+01:00;1993-12-31T00:00:00+01:00;regionaal;achtergrond;3
NL10426_NO2_lucht;NL10426;NO2;lucht;1977-04-06T00:00:00+01:00;1986-04-01T00:00:00+01:00;regionaal;achtergrond;3
NL10426_NO_lucht;NL10426;NO;lucht;1977-04-06T00:00:00+01:00;1986-04-01T00:00:00+01:00;regionaal;achtergrond;3
NL10426_NOx_lucht;NL10426;NOx;lucht;1977-04-06T00:00:00+01:00;1986-04-01T00:00:00+01:00;regionaal;achtergrond;3
NL10426_SO2_lucht;NL10426;SO2;lucht;1976-04-03T00:00:00+01:00;1986-04-01T00:00:00+01:00;regionaal;achtergrond;3
NL10427_CO_lucht;NL10427;CO;lucht;1986-04-02T00:00:00+01:00;1989-09-19T00:00:00+01:00;stad;achtergrond;3
NL10427_NO2_lucht;NL10427;NO2;lucht;1977-04-03T00:00:00+01:00;1989-09-18T00:00:00+01:00;stad;achtergrond;3
NL10427_NO_lucht;NL10427;NO;lucht;1977-04-03T00:00:00+01:00;1989-09-18T00:00:00+01:00;stad;achtergrond;3
NL10427_NOx_lucht;NL10427;NOx;lucht;1977-04-03T00:00:00+01:00;1989-09-18T00:00:00+01:00;stad;achtergrond;3
NL10427_SO2_lucht;NL10427;SO2;lucht;1976-04-03T00:00:00+01:00;1989-09-18T00:00:00+01:00;stad;verkeer;3
NL10428_SO2_lucht;NL10428;SO2;lucht;1976-04-03T00:00:00+01:00;1984-10-01T00:00:00+01:00;regionaal;achtergrond;3
NL10429_SO2_lucht;NL10429;SO2;lucht;1976-04-03T00:00:00+01:00;1993-12-31T00:00:00+01:00;regionaal;achtergrond;3
NL10430_NO2_lucht;NL10430;NO2;lucht;1977-04-03T00:00:00+01:00;1985-01-01T00:00:00+01:00;regionaal;achtergrond;3
NL10430_NO_lucht;NL10430;NO;lucht;1977-04-03T00:00:00+01:00;1985-01-01T00:00:00+01:00;regionaal;achtergrond;3
NL10430_NOx_lucht;NL10430;NOx;lucht;1977-04-03T00:00:00+01:00;1985-01-01T00:00:00+01:00;regionaal;achtergrond;3
NL10430_SO2_lucht;NL10430;SO2;lucht;1976-04-04T00:00:00+01:00;1985-01-01T00:00:00+01:00;regionaal;achtergrond;3
NL10431_SO2_lucht;NL10431;SO2;lucht;1976-04-03T00:00:00+01:00;1985-01-01T00:00:00+01:00;regionaal;achtergrond;3
NL10433_As_aerosol;NL10433;As;aerosol;1987-01-01T00:00:00+01:00;2008-01-01T00:00:00+01:00;stad;verkeer;3
NL10433_As_pm10_aerosol;NL10433;As;pm10_aerosol;2008-01-01T00:00:00+01:00;2014-01-01T00:00:00+01:00;stad;verkeer;3
NL10433_Br_aerosol;NL10433;Br;aerosol;1987-01-01T00:00:00+01:00;1988-01-01T00:00:00+01:00;stad;verkeer;3
NL10433_CO_lucht;NL10433;CO;lucht;1984-04-01T00:00:00+01:00;1998-10-08T00:00:00+01:00;stad;verkeer;3
NL10433_Ca_aerosol;NL10433;Ca;aerosol;1987-01-01T00:00:00+01:00;2008-01-01T00:00:00+01:00;stad;verkeer;3
NL10433_Ca_pm10_aerosol;NL10433;Ca;pm10_aerosol;2008-01-01T00:00:00+01:00;2014-01-01T00:00:00+01:00;stad;verkeer;3
NL10433_Cd_aerosol;NL10433;Cd;aerosol;1987-01-01T00:00:00+01:00;2008-01-01T00:00:00+01:00;stad;verkeer;3
NL10433_Cd_pm10_aerosol;NL10433;Cd;pm10_aerosol;2008-01-01T00:00:00+01:00;2014-01-01T00:00:00+01:00;stad;verkeer;3
NL10433_Cl_aerosol;NL10433;Cl;aerosol;1987-01-01T00:00:00+01:00;1989-01-01T00:00:00+01:00;stad;verkeer;3
NL10433_Cr_aerosol;NL10433;Cr;aerosol;1987-01-01T00:00:00+01:00;1988-01-01T00:00:00+01:00;stad;verkeer;3
NL10433_Cu_aerosol;NL10433;Cu;aerosol;1987-01-01T00:00:00+01:00;1988-01-01T00:00:00+01:00;stad;verkeer;3
NL10433_Fe_aerosol;NL10433;Fe;aerosol;1987-01-01T00:00:00+01:00;1988-01-01T00:00:00+01:00;stad;verkeer;3
NL10433_Mg_pm10_aerosol;NL10433;Mg;pm10_aerosol;2008-01-01T00:00:00+01:00;2014-01-01T00:00:00+01:00;stad;verkeer;3
NL10433_NH4_aerosol;NL10433;NH4;aerosol;1987-01-01T00:00:00+01:00;1989-01-01T00:00:00+01:00;stad;verkeer;3
NL10433_NO2_lucht;NL10433;NO2;lucht;1986-04-02T00:00:00+01:00;2018-03-15T00:00:00+01:00;stad;verkeer;3
NL10433_NO3_aerosol;NL10433;NO3;aerosol;1987-01-01T00:00:00+01:00;1989-01-01T00:00:00+01:00;stad;verkeer;3
NL10433_NO_lucht;NL10433;NO;lucht;1986-04-02T00:00:00+01:00;2018-03-15T00:00:00+01:00;stad;verkeer;3
NL10433_NOx_lucht;NL10433;NOx;lucht;1986-04-02T00:00:00+01:00;2018-03-15T00:00:00+01:00;stad;verkeer;3
NL10433_Na_pm10_aerosol;NL10433;Na;pm10_aerosol;2008-01-01T00:00:00+01:00;2014-01-01T00:00:00+01:00;stad;verkeer;3
NL10433_Ni_aerosol;NL10433;Ni;aerosol;1987-01-01T00:00:00+01:00;2008-01-01T00:00:00+01:00;stad;verkeer;3
NL10433_Ni_pm10_aerosol;NL10433;Ni;pm10_aerosol;2008-01-01T00:00:00+01:00;2014-01-01T00:00:00+01:00;stad;verkeer;3
NL10433_O3_lucht;NL10433;O3;lucht;1986-04-02T00:00:00+01:00;2018-03-15T00:00:00+01:00;stad;verkeer;3
NL10433_Ox_lucht;NL10433;Ox;lucht;1986-04-02T00:00:00+01:00;2018-03-15T00:00:00+01:00;stad;verkeer;3
NL10433_PM10_lucht;NL10433;PM10;lucht;1992-03-01T00:00:00+01:00;2018-03-15T00:00:00+01:00;stad;verkeer;3
NL10433_PM2.5_lucht;NL10433;PM2.5;lucht;2008-01-01T00:00:00+01:00;2018-03-15T00:00:00+01:00;stad;verkeer;3
NL10433_Pb_aerosol;NL10433;Pb;aerosol;1987-01-01T00:00:00+01:00;2008-01-01T00:00:00+01:00;stad;verkeer;3
NL10433_Pb_pm10_aerosol;NL10433;Pb;pm10_aerosol;2008-01-01T00:00:00+01:00;2014-01-01T00:00:00+01:00;stad;verkeer;3
NL10433_SO2_lucht;NL10433;SO2;lucht;1986-04-02T00:00:00+01:00;2012-01-01T00:00:00+01:00;stad;verkeer;3
NL10433_SO4_aerosol;NL10433;SO4;aerosol;1987-01-01T00:00:00+01:00;1989-01-01T00:00:00+01:00;stad;verkeer;3
NL10433_S_aerosol;NL10433;S;aerosol;1987-01-01T00:00:00+01:00;1988-01-01T00:00:00+01:00;stad;verkeer;3
NL10433_ZWR_lucht;NL10433;ZWR;lucht;1984-03-31T00:00:00+01:00;2016-03-02T00:00:00+01:00;stad;verkeer;3
NL10433_Zn_aerosol;NL10433;Zn;aerosol;1987-01-01T00:00:00+01:00;2008-01-01T00:00:00+01:00;stad;verkeer;3
NL10433_Zn_pm10_aerosol;NL10433;Zn;pm10_aerosol;2008-01-01T00:00:00+01:00;2014-01-01T00:00:00+01:00;stad;verkeer;3
NL10433_benz-a-pyreen_pm10_aerosol;NL10433;benz-a-pyreen;pm10_aerosol;2008-01-01T00:00:00+01:00;2009-01-01T00:00:00+01:00;stad;verkeer;3
NL10435_CO_lucht;NL10435;CO;lucht;1986-12-19T00:00:00+01:00;1989-01-01T00:00:00+01:00;stad;verkeer;3
NL10435_NO2_lucht;NL10435;NO2;lucht;1986-12-20T00:00:00+01:00;1992-02-29T00:00:00+01:00;regionaal;achtergrond;3
NL10435_NO_lucht;NL10435;NO;lucht;1986-12-20T00:00:00+01:00;1992-02-29T00:00:00+01:00;regionaal;achtergrond;3
NL10435_NOx_lucht;NL10435;NOx;lucht;1986-12-20T00:00:00+01:00;1992-02-29T00:00:00+01:00;regionaal;achtergrond;3
NL10435_O3_lucht;NL10435;O3;lucht;1986-12-19T00:00:00+01:00;1992-03-01T00:00:00+01:00;regionaal;achtergrond;3
NL10435_Ox_lucht;NL10435;Ox;lucht;1986-12-20T00:00:00+01:00;1992-02-29T00:00:00+01:00;regionaal;achtergrond;3
NL10435_SO2_lucht;NL10435;SO2;lucht;1986-12-19T00:00:00+01:00;1992-03-01T00:00:00+01:00;stad;verkeer;3
NL10435_ZWR_lucht;NL10435;ZWR;lucht;1986-12-31T00:00:00+01:00;1992-03-01T00:00:00+01:00;regionaal;achtergrond;3
NL10437_CO_lucht;NL10437;CO;lucht;1988-09-21T00:00:00+01:00;1994-01-01T00:00:00+01:00;regionaal;achtergrond;3
NL10437_NO2_lucht;NL10437;NO2;lucht;1988-09-24T00:00:00+01:00;;regionaal;achtergrond;3
NL10437_NO_lucht;NL10437;NO;lucht;1988-09-24T00:00:00+01:00;;regionaal;achtergrond;3
NL10437_NOx_lucht;NL10437;NOx;lucht;1988-09-24T00:00:00+01:00;;regionaal;achtergrond;3
NL10437_O3_lucht;NL10437;O3;lucht;1988-09-21T00:00:00+01:00;;regionaal;achtergrond;3
NL10437_Ox_lucht;NL10437;Ox;lucht;1988-09-24T00:00:00+01:00;;regionaal;achtergrond;3
NL10437_PM10_lucht;NL10437;PM10;lucht;1992-01-01T00:00:00+01:00;;regionaal;achtergrond;3
NL10437_SO2_lucht;NL10437;SO2;lucht;1988-09-21T00:00:00+01:00;2012-01-01T00:00:00+01:00;regionaal;achtergrond;3
NL10437_ZWR_lucht;NL10437;ZWR;lucht;1989-01-10T00:00:00+01:00;2009-04-21T00:00:00+01:00;regionaal;achtergrond;3
NL10439_SO2_lucht;NL10439;SO2;lucht;1987-08-04T00:00:00+01:00;1993-12-31T00:00:00+01:00;regionaal;achtergrond;3
NL10441_111-trichletaan_lucht;NL10441;111-trichletaan;lucht;1992-09-24T00:00:00+01:00;1996-12-12T00:00:00+01:00;stad;achtergrond;3
NL10441_112-trichletaan_lucht;NL10441;112-trichletaan;lucht;1992-09-24T00:00:00+01:00;1996-12-12T00:00:00+01:00;stad;achtergrond;3
NL10441_12-dichlbenz_lucht;NL10441;12-dichlbenz;lucht;1992-09-24T00:00:00+01:00;1996-12-12T00:00:00+01:00;stad;achtergrond;3
NL10441_12-dichletaan_lucht;NL10441;12-dichletaan;lucht;1992-09-24T00:00:00+01:00;1996-12-12T00:00:00+01:00;stad;achtergrond;3
NL10441_12-dichlpropaan_lucht;NL10441;12-dichlpropaan;lucht;1992-09-24T00:00:00+01:00;1996-12-12T00:00:00+01:00;stad;achtergrond;3
NL10441_123-trichlbenz_lucht;NL10441;123-trichlbenz;lucht;1992-09-24T00:00:00+01:00;1996-12-12T00:00:00+01:00;stad;achtergrond;3
NL10441_123-trimetben_lucht;NL10441;123-trimetben;lucht;1992-09-24T00:00:00+01:00;1996-12-12T00:00:00+01:00;stad;achtergrond;3
NL10441_124-trichlbenz_lucht;NL10441;124-trichlbenz;lucht;1992-09-24T00:00:00+01:00;1996-12-12T00:00:00+01:00;stad;achtergrond;3
NL10441_124-trimetben_lucht;NL10441;124-trimetben;lucht;1992-09-24T00:00:00+01:00;1996-12-12T00:00:00+01:00;stad;achtergrond;3
NL10441_13-dichlbenz_lucht;NL10441;13-dichlbenz;lucht;1992-09-24T00:00:00+01:00;1996-12-12T00:00:00+01:00;stad;achtergrond;3
NL10441_135-trichlbenz_lucht;NL10441;135-trichlbenz;lucht;1992-09-24T00:00:00+01:00;1996-12-12T00:00:00+01:00;stad;achtergrond;3
NL10441_135-trimetben_lucht;NL10441;135-trimetben;lucht;1992-09-24T00:00:00+01:00;1996-12-12T00:00:00+01:00;stad;achtergrond;3
NL10441_14-dichlbenz_lucht;NL10441;14-dichlbenz;lucht;1992-09-24T00:00:00+01:00;1996-12-12T00:00:00+01:00;stad;achtergrond;3
NL10441_2-ethyltolueen_lucht;NL10441;2-ethyltolueen;lucht;1992-09-24T00:00:00+01:00;1996-12-12T00:00:00+01:00;stad;achtergrond;3
NL10441_2-methnaftaleen_lucht;NL10441;2-methnaftaleen;lucht;1992-09-24T00:00:00+01:00;1996-12-12T00:00:00+01:00;stad;achtergrond;3
NL10441_3-ethyltolueen_lucht;NL10441;3-ethyltolueen;lucht;1992-09-24T00:00:00+01:00;1996-12-12T00:00:00+01:00;stad;achtergrond;3
NL10441_4-ethyltolueen_lucht;NL10441;4-ethyltolueen;lucht;1992-09-24T00:00:00+01:00;1996-12-12T00:00:00+01:00;stad;achtergrond;3
NL10441_CO_lucht;NL10441;CO;lucht;1989-09-28T00:00:00+01:00;2010-11-16T00:00:00+01:00;stad;achtergrond;3
NL10441_NO2_lucht;NL10441;NO2;lucht;1989-09-29T00:00:00+01:00;2010-11-16T00:00:00+01:00;stad;achtergrond;3
NL10441_NO_lucht;NL10441;NO;lucht;1989-09-29T00:00:00+01:00;2010-11-16T00:00:00+01:00;stad;achtergrond;3
NL10441_NOx_lucht;NL10441;NOx;lucht;1989-09-29T00:00:00+01:00;2010-11-16T00:00:00+01:00;stad;achtergrond;3
NL10441_O3_lucht;NL10441;O3;lucht;1992-05-13T00:00:00+01:00;2010-11-16T00:00:00+01:00;stad;achtergrond;3
NL10441_Ox_lucht;NL10441;Ox;lucht;1992-05-16T00:00:00+01:00;2010-11-16T00:00:00+01:00;stad;achtergrond;3
NL10441_PM10_lucht;NL10441;PM10;lucht;1993-09-01T00:00:00+01:00;2010-12-01T00:00:00+01:00;stad;achtergrond;3
NL10441_benzeen_lucht;NL10441;benzeen;lucht;1992-09-24T00:00:00+01:00;1996-12-12T00:00:00+01:00;stad;achtergrond;3
NL10441_butylbenzeen_lucht;NL10441;butylbenzeen;lucht;1992-09-24T00:00:00+01:00;1996-12-12T00:00:00+01:00;stad;achtergrond;3
NL10441_chloorbenzeen_lucht;NL10441;chloorbenzeen;lucht;1992-09-24T00:00:00+01:00;1996-12-12T00:00:00+01:00;stad;achtergrond;3
NL10441_cumeen_lucht;NL10441;cumeen;lucht;1992-09-24T00:00:00+01:00;1996-12-12T00:00:00+01:00;stad;achtergrond;3
NL10441_cymeen_lucht;NL10441;cymeen;lucht;1992-09-24T00:00:00+01:00;1996-12-12T00:00:00+01:00;stad;achtergrond;3
NL10441_decaan_lucht;NL10441;decaan;lucht;1992-09-24T00:00:00+01:00;1996-12-12T00:00:00+01:00;stad;achtergrond;3
NL10441_dodecaan_lucht;NL10441;dodecaan;lucht;1992-09-24T00:00:00+01:00;1996-12-12T00:00:00+01:00;stad;achtergrond;3
NL10441_ethylbenzeen_lucht;NL10441;ethylbenzeen;lucht;1992-09-24T00:00:00+01:00;1996-12-12T00:00:00+01:00;stad;achtergrond;3
NL10441_fenol_lucht;NL10441;fenol;lucht;1992-09-24T00:00:00+01:00;1996-12-12T00:00:00+01:00;stad;achtergrond;3
NL10441_hexadecaan_lucht;NL10441;hexadecaan;lucht;1992-09-24T00:00:00+01:00;1996-12-12T00:00:00+01:00;stad;achtergrond;3
NL10441_limoneen_lucht;NL10441;limoneen;lucht;1992-09-24T00:00:00+01:00;1996-12-12T00:00:00+01:00;stad;achtergrond;3
NL10441_m-xyleen_lucht;NL10441;m-xyleen;lucht;1992-09-24T00:00:00+01:00;1996-12-12T00:00:00+01:00;stad;achtergrond;3
NL10441_n-heptaan_lucht;NL10441;n-heptaan;lucht;1992-09-24T00:00:00+01:00;1996-12-12T00:00:00+01:00;stad;achtergrond;3
NL10441_n-hexaan_lucht;NL10441;n-hexaan;lucht;1992-09-24T00:00:00+01:00;1996-12-12T00:00:00+01:00;stad;achtergrond;3
NL10441_n-octaan_lucht;NL10441;n-octaan;lucht;1992-09-24T00:00:00+01:00;1996-12-12T00:00:00+01:00;stad;achtergrond;3
NL10441_naftaleen_lucht;NL10441;naftaleen;lucht;1992-09-24T00:00:00+01:00;1996-12-12T00:00:00+01:00;stad;achtergrond;3
NL10441_nonaan_lucht;NL10441;nonaan;lucht;1992-09-24T00:00:00+01:00;1996-12-12T00:00:00+01:00;stad;achtergrond;3
NL10441_orthoxyleen_lucht;NL10441;orthoxyleen;lucht;1992-09-24T00:00:00+01:00;1996-12-12T00:00:00+01:00;stad;achtergrond;3
NL10441_p-xyleen_lucht;NL10441;p-xyleen;lucht;1992-09-24T00:00:00+01:00;1996-12-12T00:00:00+01:00;stad;achtergrond;3
NL10441_pentadecaan_lucht;NL10441;pentadecaan;lucht;1992-09-24T00:00:00+01:00;1996-12-12T00:00:00+01:00;stad;achtergrond;3
NL10441_propylbenzeen_lucht;NL10441;propylbenzeen;lucht;1992-09-24T00:00:00+01:00;1996-12-12T00:00:00+01:00;stad;achtergrond;3
NL10441_styreen_lucht;NL10441;styreen;lucht;1992-09-24T00:00:00+01:00;1996-12-12T00:00:00+01:00;stad;achtergrond;3
NL10441_tetrachleteen_lucht;NL10441;tetrachleteen;lucht;1992-09-24T00:00:00+01:00;1996-12-12T00:00:00+01:00;stad;achtergrond;3
NL10441_tetrachlmetaan_lucht;NL10441;tetrachlmetaan;lucht;1992-09-24T00:00:00+01:00;1996-12-12T00:00:00+01:00;stad;achtergrond;3
NL10441_tetradecaan_lucht;NL10441;tetradecaan;lucht;1992-09-24T00:00:00+01:00;1996-12-12T00:00:00+01:00;stad;achtergrond;3
NL10441_tolueen_lucht;NL10441;tolueen;lucht;1992-09-24T00:00:00+01:00;1996-12-12T00:00:00+01:00;stad;achtergrond;3
NL10441_trichleteen_lucht;NL10441;trichleteen;lucht;1992-09-24T00:00:00+01:00;1996-12-12T00:00:00+01:00;stad;achtergrond;3
NL10441_trichlmetaan_lucht;NL10441;trichlmetaan;lucht;1992-09-24T00:00:00+01:00;1996-12-12T00:00:00+01:00;stad;achtergrond;3
NL10441_tridecaan_lucht;NL10441;tridecaan;lucht;1992-09-24T00:00:00+01:00;1996-12-12T00:00:00+01:00;stad;achtergrond;3
NL10441_undecaan_lucht;NL10441;undecaan;lucht;1992-09-24T00:00:00+01:00;1996-12-12T00:00:00+01:00;stad;achtergrond;3
NL10442_CO_lucht;NL10442;CO;lucht;2010-12-04T00:00:00+01:00;2011-05-10T00:00:00+01:00;stad;achtergrond;3
NL10442_NO2_lucht;NL10442;NO2;lucht;2010-11-16T00:00:00+01:00;;stad;achtergrond;3
NL10442_NO_lucht;NL10442;NO;lucht;2010-11-16T00:00:00+01:00;;stad;achtergrond;3
NL10442_NOx_lucht;NL10442;NOx;lucht;2010-11-16T00:00:00+01:00;;stad;achtergrond;3
NL10442_O3_lucht;NL10442;O3;lucht;2010-11-16T00:00:00+01:00;;voorstad;achtergrond;3
NL10442_Ox_lucht;NL10442;Ox;lucht;2010-11-16T00:00:00+01:00;;stad;achtergrond;3
NL10442_PM10_lucht;NL10442;PM10;lucht;2010-11-01T00:00:00+01:00;;stad;achtergrond;3
NL10443_NO2_lucht;NL10443;NO2;lucht;1992-02-28T00:00:00+01:00;1993-12-31T00:00:00+01:00;regionaal;achtergrond;3
NL10443_NO_lucht;NL10443;NO;lucht;1992-02-28T00:00:00+01:00;1993-12-31T00:00:00+01:00;regionaal;achtergrond;3
NL10443_NOx_lucht;NL10443;NOx;lucht;1992-02-28T00:00:00+01:00;1993-12-31T00:00:00+01:00;regionaal;achtergrond;3
NL10443_O3_lucht;NL10443;O3;lucht;1992-02-28T00:00:00+01:00;1993-12-31T00:00:00+01:00;regionaal;achtergrond;3
NL10443_Ox_lucht;NL10443;Ox;lucht;1992-02-28T00:00:00+01:00;1993-12-31T00:00:00+01:00;regionaal;achtergrond;3
NL10443_SO2_lucht;NL10443;SO2;lucht;1992-02-28T00:00:00+01:00;1993-12-31T00:00:00+01:00;regionaal;achtergrond;3
NL10443_ZWR_lucht;NL10443;ZWR;lucht;1992-03-01T00:00:00+01:00;1994-01-01T00:00:00+01:00;regionaal;achtergrond;3
NL10444_BC_lucht;NL10444;BC;lucht;2015-05-18T00:00:00+01:00;2026-03-19T00:00:00+01:00;regionaal;achtergrond;3
NL10444_BC_lucht;NL10444;BC;lucht;2026-03-19T00:00:00+01:00;;regionaal;achtergrond;
NL10444_BCwb_lucht;NL10444;BCwb;lucht;2026-03-19T00:00:00+01:00;;regionaal;achtergrond;
NL10444_Cl_aerosol;NL10444;Cl;aerosol;1994-05-12T00:00:00+01:00;2009-01-01T00:00:00+01:00;regionaal;achtergrond;3
NL10444_Cl_pm10_aerosol;NL10444;Cl;pm10_aerosol;2009-01-01T00:00:00+01:00;;regionaal;achtergrond;3
NL10444_NH3_lucht;NL10444;NH3;lucht;1994-04-29T00:00:00+01:00;;regionaal;achtergrond;3
NL10444_NH4_aerosol;NL10444;NH4;aerosol;1994-05-12T00:00:00+01:00;2009-01-01T00:00:00+01:00;regionaal;achtergrond;3
NL10444_NH4_pm10_aerosol;NL10444;NH4;pm10_aerosol;2009-01-01T00:00:00+01:00;;regionaal;achtergrond;3
NL10444_NO2_lucht;NL10444;NO2;lucht;1994-04-29T00:00:00+01:00;;regionaal;achtergrond;3
NL10444_NO3_aerosol;NL10444;NO3;aerosol;1994-05-12T00:00:00+01:00;2009-01-01T00:00:00+01:00;regionaal;achtergrond;3
NL10444_NO3_pm10_aerosol;NL10444;NO3;pm10_aerosol;2009-01-01T00:00:00+01:00;;regionaal;achtergrond;3
NL10444_NO_lucht;NL10444;NO;lucht;1994-04-29T00:00:00+01:00;;regionaal;achtergrond;3
NL10444_NOx_lucht;NL10444;NOx;lucht;1994-04-29T00:00:00+01:00;;regionaal;achtergrond;3
NL10444_O3_lucht;NL10444;O3;lucht;1994-04-27T00:00:00+01:00;;regionaal;achtergrond;3
NL10444_Ox_lucht;NL10444;Ox;lucht;1994-04-29T00:00:00+01:00;;regionaal;achtergrond;3
NL10444_PM10_lucht;NL10444;PM10;lucht;1994-01-01T00:00:00+01:00;;regionaal;achtergrond;3
NL10444_PM2.5_lucht;NL10444;PM2.5;lucht;2008-01-01T00:00:00+01:00;;regionaal;achtergrond;3
NL10444_SO2_lucht;NL10444;SO2;lucht;1994-04-27T00:00:00+01:00;;regionaal;achtergrond;3
NL10444_SO4_aerosol;NL10444;SO4;aerosol;1994-05-12T00:00:00+01:00;2009-01-01T00:00:00+01:00;regionaal;achtergrond;3
NL10444_SO4_pm10_aerosol;NL10444;SO4;pm10_aerosol;2009-01-01T00:00:00+01:00;;regionaal;achtergrond;3
NL10444_ZWR_lucht;NL10444;ZWR;lucht;1994-01-01T00:00:00+01:00;2016-01-18T00:00:00+01:00;regionaal;achtergrond;3
NL10444_benz-a-antr_pm10_aerosol;NL10444;benz-a-antr;pm10_aerosol;2011-01-01T00:00:00+01:00;;regionaal;achtergrond;3
NL10444_benz-a-pyreen_pm10_aerosol;NL10444;benz-a-pyreen;pm10_aerosol;2009-01-01T00:00:00+01:00;;regionaal;achtergrond;3
NL10444_benz-bjk-fluor_pm10_aerosol;NL10444;benz-bjk-fluor;pm10_aerosol;2011-01-01T00:00:00+01:00;;regionaal;achtergrond;3
NL10444_benz-ghi-peryl_pm10_aerosol;NL10444;benz-ghi-peryl;pm10_aerosol;2011-01-01T00:00:00+01:00;;regionaal;achtergrond;3
NL10444_chryseen_pm10_aerosol;NL10444;chryseen;pm10_aerosol;2011-01-01T00:00:00+01:00;;regionaal;achtergrond;3
NL10444_dibenz-ah-antr_pm10_aerosol;NL10444;dibenz-ah-antr;pm10_aerosol;2011-01-01T00:00:00+01:00;;regionaal;achtergrond;3
NL10444_ind-123cd-pyr_pm10_aerosol;NL10444;ind-123cd-pyr;pm10_aerosol;2011-01-01T00:00:00+01:00;;regionaal;achtergrond;3
NL10445_CO_lucht;NL10445;CO;lucht;2003-09-08T00:00:00+01:00;2007-07-28T00:00:00+01:00;stad;verkeer;3
NL10445_NO2_lucht;NL10445;NO2;lucht;2003-09-05T00:00:00+01:00;;stad;verkeer;3
NL10445_NO_lucht;NL10445;NO;lucht;2003-09-05T00:00:00+01:00;;stad;verkeer;3
NL10445_NOx_lucht;NL10445;NOx;lucht;2003-09-05T00:00:00+01:00;;stad;verkeer;3
NL10445_PM10_lucht;NL10445;PM10;lucht;2003-09-01T00:00:00+01:00;;stad;verkeer;3
NL10445_benzeen_lucht;NL10445;benzeen;lucht;2010-06-29T00:00:00+01:00;2012-01-01T00:00:00+01:00;stad;verkeer;3
NL10445_ethylbenzeen_lucht;NL10445;ethylbenzeen;lucht;2010-06-29T00:00:00+01:00;2012-01-01T00:00:00+01:00;stad;verkeer;3
NL10445_meta-paraxyleen_lucht;NL10445;meta-paraxyleen;lucht;2010-06-29T00:00:00+01:00;2012-01-01T00:00:00+01:00;stad;verkeer;3
NL10445_orthoxyleen_lucht;NL10445;orthoxyleen;lucht;2010-06-29T00:00:00+01:00;2012-01-01T00:00:00+01:00;stad;verkeer;3
NL10445_tolueen_lucht;NL10445;tolueen;lucht;2010-06-29T00:00:00+01:00;2012-01-01T00:00:00+01:00;stad;verkeer;3
NL10446_NO2_lucht;NL10446;NO2;lucht;2012-12-13T00:00:00+01:00;;stad;achtergrond;3
NL10446_NO_lucht;NL10446;NO;lucht;2012-12-13T00:00:00+01:00;;stad;achtergrond;3
NL10446_NOx_lucht;NL10446;NOx;lucht;2012-12-13T00:00:00+01:00;;stad;achtergrond;3
NL10446_O3_lucht;NL10446;O3;lucht;2012-12-13T00:00:00+01:00;;voorstad;achtergrond;3
NL10446_Ox_lucht;NL10446;Ox;lucht;2012-12-13T00:00:00+01:00;;stad;achtergrond;3
NL10446_PM10_lucht;NL10446;PM10;lucht;2005-11-01T00:00:00+01:00;;stad;achtergrond;3
NL10447_NO2_lucht;NL10447;NO2;lucht;2004-12-08T00:00:00+01:00;2009-03-27T00:00:00+01:00;stad;verkeer;3
NL10447_NO_lucht;NL10447;NO;lucht;2004-12-08T00:00:00+01:00;2009-03-27T00:00:00+01:00;stad;verkeer;3
NL10447_NOx_lucht;NL10447;NOx;lucht;2004-12-08T00:00:00+01:00;2009-03-27T00:00:00+01:00;stad;verkeer;3
NL10447_O3_lucht;NL10447;O3;lucht;2004-12-01T00:00:00+01:00;2009-03-27T00:00:00+01:00;stad;verkeer;3
NL10447_Ox_lucht;NL10447;Ox;lucht;2004-12-12T00:00:00+01:00;2009-03-27T00:00:00+01:00;stad;verkeer;3
NL10447_PM10_lucht;NL10447;PM10;lucht;2004-12-01T00:00:00+01:00;2015-12-11T00:00:00+01:00;stad;verkeer;3
NL10447_SO2_lucht;NL10447;SO2;lucht;2004-12-08T00:00:00+01:00;2012-01-01T00:00:00+01:00;stad;verkeer;3
NL10448_CO_lucht;NL10448;CO;lucht;2005-04-15T00:00:00+01:00;2011-04-19T00:00:00+01:00;stad;verkeer;3
NL10448_NO2_lucht;NL10448;NO2;lucht;2005-04-15T00:00:00+01:00;2012-01-01T00:00:00+01:00;stad;verkeer;3
NL10448_NO_lucht;NL10448;NO;lucht;2005-04-15T00:00:00+01:00;2012-01-01T00:00:00+01:00;stad;verkeer;3
NL10448_NOx_lucht;NL10448;NOx;lucht;2005-04-15T00:00:00+01:00;2012-01-01T00:00:00+01:00;stad;verkeer;3
NL10448_PM10_lucht;NL10448;PM10;lucht;2005-03-01T00:00:00+01:00;2012-01-01T00:00:00+01:00;stad;verkeer;3
NL10448_PM2.5_lucht;NL10448;PM2.5;lucht;2008-01-01T00:00:00+01:00;2023-01-01T00:00:00+01:00;stad;verkeer;3
NL10448_SO2_lucht;NL10448;SO2;lucht;2005-03-15T00:00:00+01:00;2012-01-01T00:00:00+01:00;stad;verkeer;3
NL10448_ZWR_lucht;NL10448;ZWR;lucht;2005-05-03T00:00:00+01:00;2016-03-14T00:00:00+01:00;stad;verkeer;3
NL10448_benz-a-antr_pm10_aerosol;NL10448;benz-a-antr;pm10_aerosol;2011-01-01T00:00:00+01:00;2014-01-01T00:00:00+01:00;stad;verkeer;3
NL10448_benz-a-pyreen_pm10_aerosol;NL10448;benz-a-pyreen;pm10_aerosol;2009-01-01T00:00:00+01:00;2014-01-01T00:00:00+01:00;stad;verkeer;3
NL10448_benz-bjk-fluor_pm10_aerosol;NL10448;benz-bjk-fluor;pm10_aerosol;2011-01-01T00:00:00+01:00;2014-01-01T00:00:00+01:00;stad;verkeer;3
NL10448_benz-ghi-peryl_pm10_aerosol;NL10448;benz-ghi-peryl;pm10_aerosol;2011-01-01T00:00:00+01:00;2014-01-01T00:00:00+01:00;stad;verkeer;3
NL10448_chryseen_pm10_aerosol;NL10448;chryseen;pm10_aerosol;2011-01-01T00:00:00+01:00;2014-01-01T00:00:00+01:00;stad;verkeer;3
NL10448_dibenz-ah-antr_pm10_aerosol;NL10448;dibenz-ah-antr;pm10_aerosol;2011-01-01T00:00:00+01:00;2014-01-01T00:00:00+01:00;stad;verkeer;3
NL10448_ind-123cd-pyr_pm10_aerosol;NL10448;ind-123cd-pyr;pm10_aerosol;2011-01-01T00:00:00+01:00;2014-01-01T00:00:00+01:00;stad;verkeer;3
NL10449_NO2_lucht;NL10449;NO2;lucht;2019-03-27T00:00:00+01:00;;stad;verkeer;3
NL10449_NO_lucht;NL10449;NO;lucht;2019-03-27T00:00:00+01:00;;stad;verkeer;3
NL10449_NOx_lucht;NL10449;NOx;lucht;2019-03-27T00:00:00+01:00;;stad;verkeer;3
NL10449_O3_lucht;NL10449;O3;lucht;2019-03-27T00:00:00+01:00;;stad;verkeer;3
NL10449_Ox_lucht;NL10449;Ox;lucht;2019-03-27T00:00:00+01:00;;stad;verkeer;3
NL10449_PM10_lucht;NL10449;PM10;lucht;2019-03-27T00:00:00+01:00;;stad;verkeer;3
NL10449_PM2.5_lucht;NL10449;PM2.5;lucht;2019-03-27T00:00:00+01:00;;stad;verkeer;3
NL10450_NO2_lucht;NL10450;NO2;lucht;2022-10-03T00:00:00+01:00;;stad;verkeer;3
NL10450_NO_lucht;NL10450;NO;lucht;2022-10-03T00:00:00+01:00;;stad;verkeer;3
NL10450_NOx_lucht;NL10450;NOx;lucht;2022-10-03T00:00:00+01:00;;stad;verkeer;3
NL10450_O3_lucht;NL10450;O3;lucht;2022-09-29T00:00:00+01:00;;stad;verkeer;3
NL10450_Ox_lucht;NL10450;Ox;lucht;2022-10-03T00:00:00+01:00;;stad;verkeer;3
NL10450_PM10_lucht;NL10450;PM10;lucht;2022-09-29T00:00:00+01:00;;stad;verkeer;3
NL10450_PM2.5_lucht;NL10450;PM2.5;lucht;2022-09-29T00:00:00+01:00;;stad;verkeer;3
NL10501_CO_lucht;NL10501;CO;lucht;1977-10-30T00:00:00+01:00;1985-08-10T00:00:00+01:00;regionaal;achtergrond;3
NL10501_NO2_lucht;NL10501;NO2;lucht;1977-10-19T00:00:00+01:00;1985-08-13T00:00:00+01:00;regionaal;achtergrond;3
NL10501_NO_lucht;NL10501;NO;lucht;1977-10-19T00:00:00+01:00;1985-08-13T00:00:00+01:00;regionaal;achtergrond;3
NL10501_NOx_lucht;NL10501;NOx;lucht;1977-10-19T00:00:00+01:00;1985-08-13T00:00:00+01:00;regionaal;achtergrond;3
NL10501_O3_lucht;NL10501;O3;lucht;1977-10-30T00:00:00+01:00;1985-08-13T00:00:00+01:00;regionaal;achtergrond;3
NL10501_Ox_lucht;NL10501;Ox;lucht;1977-10-30T00:00:00+01:00;1985-08-13T00:00:00+01:00;regionaal;achtergrond;3
NL10501_SO2_lucht;NL10501;SO2;lucht;1976-04-03T00:00:00+01:00;1985-09-01T00:00:00+01:00;regionaal;achtergrond;3
NL10502_SO2_lucht;NL10502;SO2;lucht;1976-04-03T00:00:00+01:00;1985-01-01T00:00:00+01:00;regionaal;achtergrond;3
NL10503_SO2_lucht;NL10503;SO2;lucht;1976-04-03T00:00:00+01:00;1986-03-30T00:00:00+01:00;regionaal;achtergrond;3
NL10504_NO2_lucht;NL10504;NO2;lucht;1977-10-19T00:00:00+01:00;1985-01-01T00:00:00+01:00;regionaal;achtergrond;3
NL10504_NO_lucht;NL10504;NO;lucht;1977-10-19T00:00:00+01:00;1985-01-01T00:00:00+01:00;regionaal;achtergrond;3
NL10504_NOx_lucht;NL10504;NOx;lucht;1977-10-19T00:00:00+01:00;1985-01-01T00:00:00+01:00;regionaal;achtergrond;3
NL10504_O3_lucht;NL10504;O3;lucht;1977-10-19T00:00:00+01:00;1985-01-01T00:00:00+01:00;regionaal;achtergrond;3
NL10504_Ox_lucht;NL10504;Ox;lucht;1977-10-19T00:00:00+01:00;1985-01-01T00:00:00+01:00;regionaal;achtergrond;3
NL10504_SO2_lucht;NL10504;SO2;lucht;1976-04-03T00:00:00+01:00;1993-12-31T00:00:00+01:00;regionaal;achtergrond;3
NL10505_SO2_lucht;NL10505;SO2;lucht;1976-04-03T00:00:00+01:00;1986-04-01T00:00:00+01:00;regionaal;achtergrond;3
NL10506_SO2_lucht;NL10506;SO2;lucht;1976-04-03T00:00:00+01:00;1985-01-01T00:00:00+01:00;regionaal;achtergrond;3
NL10507_NO2_lucht;NL10507;NO2;lucht;1977-10-24T00:00:00+01:00;1997-02-08T00:00:00+01:00;regionaal;achtergrond;3
NL10507_NO_lucht;NL10507;NO;lucht;1977-10-24T00:00:00+01:00;1997-02-08T00:00:00+01:00;regionaal;achtergrond;3
NL10507_NOx_lucht;NL10507;NOx;lucht;1977-10-24T00:00:00+01:00;1997-02-08T00:00:00+01:00;regionaal;achtergrond;3
NL10507_O3_lucht;NL10507;O3;lucht;1992-05-14T00:00:00+01:00;1997-02-08T00:00:00+01:00;regionaal;achtergrond;3
NL10507_Ox_lucht;NL10507;Ox;lucht;1992-05-14T00:00:00+01:00;1997-01-01T00:00:00+01:00;regionaal;achtergrond;3
NL10507_SO2_lucht;NL10507;SO2;lucht;1976-04-03T00:00:00+01:00;1997-03-01T00:00:00+01:00;regionaal;achtergrond;3
NL10508_NO2_lucht;NL10508;NO2;lucht;1977-11-03T00:00:00+01:00;1985-01-01T00:00:00+01:00;regionaal;achtergrond;3
NL10508_NO_lucht;NL10508;NO;lucht;1977-11-03T00:00:00+01:00;1985-01-01T00:00:00+01:00;regionaal;achtergrond;3
NL10508_NOx_lucht;NL10508;NOx;lucht;1977-11-03T00:00:00+01:00;1985-01-01T00:00:00+01:00;regionaal;achtergrond;3
NL10508_SO2_lucht;NL10508;SO2;lucht;1977-11-03T00:00:00+01:00;1993-12-01T00:00:00+01:00;regionaal;achtergrond;3
NL10509_NO2_lucht;NL10509;NO2;lucht;1977-10-29T00:00:00+01:00;1986-04-01T00:00:00+01:00;regionaal;achtergrond;3
NL10509_NO_lucht;NL10509;NO;lucht;1977-10-29T00:00:00+01:00;1986-04-01T00:00:00+01:00;regionaal;achtergrond;3
NL10509_NOx_lucht;NL10509;NOx;lucht;1977-10-29T00:00:00+01:00;1986-04-01T00:00:00+01:00;regionaal;achtergrond;3
NL10509_SO2_lucht;NL10509;SO2;lucht;1976-04-03T00:00:00+01:00;1986-04-01T00:00:00+01:00;regionaal;achtergrond;3
NL10510_SO2_lucht;NL10510;SO2;lucht;1976-04-03T00:00:00+01:00;1985-01-01T00:00:00+01:00;regionaal;achtergrond;3
NL10511_CO_lucht;NL10511;CO;lucht;1977-10-30T00:00:00+01:00;1985-01-02T00:00:00+01:00;regionaal;achtergrond;3
NL10511_NO2_lucht;NL10511;NO2;lucht;1977-11-07T00:00:00+01:00;1985-01-01T00:00:00+01:00;regionaal;achtergrond;3
NL10511_NO_lucht;NL10511;NO;lucht;1977-11-07T00:00:00+01:00;1985-01-01T00:00:00+01:00;regionaal;achtergrond;3
NL10511_NOx_lucht;NL10511;NOx;lucht;1977-11-07T00:00:00+01:00;1985-01-01T00:00:00+01:00;regionaal;achtergrond;3
NL10511_SO2_lucht;NL10511;SO2;lucht;1976-04-03T00:00:00+01:00;1993-08-01T00:00:00+01:00;regionaal;achtergrond;3
NL10512_SO2_lucht;NL10512;SO2;lucht;1976-04-16T00:00:00+01:00;1985-01-01T00:00:00+01:00;regionaal;achtergrond;3
NL10513_CO_lucht;NL10513;CO;lucht;1977-11-03T00:00:00+01:00;1985-01-02T00:00:00+01:00;regionaal;achtergrond;3
NL10513_NO2_lucht;NL10513;NO2;lucht;1977-10-23T00:00:00+01:00;1992-10-01T00:00:00+01:00;regionaal;achtergrond;3
NL10513_NO_lucht;NL10513;NO;lucht;1977-10-23T00:00:00+01:00;1992-10-01T00:00:00+01:00;regionaal;achtergrond;3
NL10513_NOx_lucht;NL10513;NOx;lucht;1977-10-23T00:00:00+01:00;1992-10-01T00:00:00+01:00;regionaal;achtergrond;3
NL10513_O3_lucht;NL10513;O3;lucht;1977-11-06T00:00:00+01:00;1985-01-01T00:00:00+01:00;regionaal;achtergrond;3
NL10513_Ox_lucht;NL10513;Ox;lucht;1977-11-06T00:00:00+01:00;1985-01-02T00:00:00+01:00;regionaal;achtergrond;3
NL10513_SO2_lucht;NL10513;SO2;lucht;1976-04-03T00:00:00+01:00;1992-10-01T00:00:00+01:00;regionaal;achtergrond;3
NL10514_SO2_lucht;NL10514;SO2;lucht;1976-04-03T00:00:00+01:00;1986-04-01T00:00:00+01:00;stad;verkeer;3
NL10516_SO2_lucht;NL10516;SO2;lucht;1976-04-03T00:00:00+01:00;1986-04-01T00:00:00+01:00;regionaal;achtergrond;3
NL10517_CO_lucht;NL10517;CO;lucht;1977-10-31T00:00:00+01:00;1989-06-28T00:00:00+01:00;stad;verkeer;3
NL10517_NO2_lucht;NL10517;NO2;lucht;1977-11-09T00:00:00+01:00;1989-06-27T00:00:00+01:00;stad;verkeer;3
NL10517_NO_lucht;NL10517;NO;lucht;1977-11-09T00:00:00+01:00;1989-06-27T00:00:00+01:00;stad;verkeer;3
NL10517_NOx_lucht;NL10517;NOx;lucht;1977-11-09T00:00:00+01:00;1989-06-27T00:00:00+01:00;stad;verkeer;3
NL10517_O3_lucht;NL10517;O3;lucht;1986-04-02T00:00:00+01:00;1989-06-27T00:00:00+01:00;stad;verkeer;3
NL10517_Ox_lucht;NL10517;Ox;lucht;1986-04-02T00:00:00+01:00;1989-06-27T00:00:00+01:00;stad;verkeer;3
NL10517_SO2_lucht;NL10517;SO2;lucht;1976-04-03T00:00:00+01:00;1989-06-27T00:00:00+01:00;stad;verkeer;3
NL10518_CO_lucht;NL10518;CO;lucht;1992-10-01T00:00:00+01:00;2004-05-25T00:00:00+01:00;stad;achtergrond;3
NL10518_NO2_lucht;NL10518;NO2;lucht;1978-03-26T00:00:00+01:00;2004-05-25T00:00:00+01:00;stad;achtergrond;3
NL10518_NO_lucht;NL10518;NO;lucht;1978-03-26T00:00:00+01:00;2004-05-25T00:00:00+01:00;stad;achtergrond;3
NL10518_NOx_lucht;NL10518;NOx;lucht;1978-03-26T00:00:00+01:00;2004-05-25T00:00:00+01:00;stad;achtergrond;3
NL10518_PM10_lucht;NL10518;PM10;lucht;2003-06-01T00:00:00+01:00;2004-05-25T00:00:00+01:00;stad;achtergrond;3
NL10518_SO2_lucht;NL10518;SO2;lucht;1976-04-03T00:00:00+01:00;2004-06-01T00:00:00+01:00;stad;achtergrond;3
NL10519_SO2_lucht;NL10519;SO2;lucht;1976-04-03T00:00:00+01:00;1983-03-01T00:00:00+01:00;stad;verkeer;3
NL10520_CO_lucht;NL10520;CO;lucht;1978-07-19T00:00:00+01:00;2011-04-13T00:00:00+01:00;stad;achtergrond;3
NL10520_NO2_lucht;NL10520;NO2;lucht;1978-07-15T00:00:00+01:00;2013-01-03T00:00:00+01:00;stad;achtergrond;3
NL10520_NO_lucht;NL10520;NO;lucht;1978-07-15T00:00:00+01:00;2013-01-03T00:00:00+01:00;stad;achtergrond;3
NL10520_NOx_lucht;NL10520;NOx;lucht;1978-07-15T00:00:00+01:00;2013-01-03T00:00:00+01:00;stad;achtergrond;3
NL10520_O3_lucht;NL10520;O3;lucht;1986-06-24T00:00:00+01:00;2013-01-03T00:00:00+01:00;stad;achtergrond;3
NL10520_Ox_lucht;NL10520;Ox;lucht;1986-06-24T00:00:00+01:00;2013-01-03T00:00:00+01:00;stad;achtergrond;3
NL10520_PM10_lucht;NL10520;PM10;lucht;1993-01-01T00:00:00+01:00;2013-01-03T00:00:00+01:00;stad;achtergrond;3
NL10520_SO2_lucht;NL10520;SO2;lucht;1976-04-03T00:00:00+01:00;2012-01-01T00:00:00+01:00;stad;achtergrond;3
NL10521_SO2_lucht;NL10521;SO2;lucht;1976-04-03T00:00:00+01:00;1986-04-01T00:00:00+01:00;stad;verkeer;3
NL10523_SO2_lucht;NL10523;SO2;lucht;1976-04-03T00:00:00+01:00;1986-04-01T00:00:00+01:00;stad;verkeer;3
NL10524_SO2_lucht;NL10524;SO2;lucht;1976-04-03T00:00:00+01:00;1985-01-01T00:00:00+01:00;regionaal;achtergrond;3
NL10525_SO2_lucht;NL10525;SO2;lucht;1976-04-03T00:00:00+01:00;1986-04-01T00:00:00+01:00;stad;verkeer;3
NL10526_NO2_lucht;NL10526;NO2;lucht;1977-10-24T00:00:00+01:00;1986-04-01T00:00:00+01:00;stad;verkeer;3
NL10526_NO_lucht;NL10526;NO;lucht;1977-10-24T00:00:00+01:00;1986-04-01T00:00:00+01:00;stad;verkeer;3
NL10526_NOx_lucht;NL10526;NOx;lucht;1977-10-24T00:00:00+01:00;1986-04-01T00:00:00+01:00;stad;verkeer;3
NL10526_SO2_lucht;NL10526;SO2;lucht;1976-04-03T00:00:00+01:00;1986-04-01T00:00:00+01:00;stad;verkeer;3
NL10527_NO2_lucht;NL10527;NO2;lucht;1977-11-01T00:00:00+01:00;1986-04-01T00:00:00+01:00;stad;verkeer;3
NL10527_NO_lucht;NL10527;NO;lucht;1977-11-01T00:00:00+01:00;1986-04-01T00:00:00+01:00;stad;verkeer;3
NL10527_NOx_lucht;NL10527;NOx;lucht;1977-11-01T00:00:00+01:00;1986-04-01T00:00:00+01:00;stad;verkeer;3
NL10527_SO2_lucht;NL10527;SO2;lucht;1976-04-03T00:00:00+01:00;1986-04-01T00:00:00+01:00;stad;verkeer;3
NL10528_SO2_lucht;NL10528;SO2;lucht;1976-04-03T00:00:00+01:00;1985-01-01T00:00:00+01:00;stad;verkeer;3
NL10529_SO2_lucht;NL10529;SO2;lucht;1976-04-03T00:00:00+01:00;1985-01-01T00:00:00+01:00;regionaal;achtergrond;3
NL10530_SO2_lucht;NL10530;SO2;lucht;1976-04-03T00:00:00+01:00;1985-01-01T00:00:00+01:00;stad;verkeer;3
NL10533_SO2_lucht;NL10533;SO2;lucht;1976-04-03T00:00:00+01:00;1986-04-01T00:00:00+01:00;regionaal;achtergrond;3
NL10534_SO2_lucht;NL10534;SO2;lucht;1983-04-16T00:00:00+01:00;1986-04-01T00:00:00+01:00;stad;verkeer;3
NL10535_SO2_lucht;NL10535;SO2;lucht;1983-03-03T00:00:00+01:00;1986-04-01T00:00:00+01:00;stad;verkeer;3
NL10536_SO2_lucht;NL10536;SO2;lucht;1986-12-04T00:00:00+01:00;1993-12-31T00:00:00+01:00;regionaal;achtergrond;3
NL10537_CO_lucht;NL10537;CO;lucht;1989-11-21T00:00:00+01:00;2011-04-13T00:00:00+01:00;stad;verkeer;3
NL10537_NO2_lucht;NL10537;NO2;lucht;1989-11-24T00:00:00+01:00;2015-01-21T00:00:00+01:00;stad;verkeer;3
NL10537_NO_lucht;NL10537;NO;lucht;1989-11-24T00:00:00+01:00;2015-01-21T00:00:00+01:00;stad;verkeer;3
NL10537_NOx_lucht;NL10537;NOx;lucht;1989-11-24T00:00:00+01:00;2015-01-21T00:00:00+01:00;stad;verkeer;3
NL10537_O3_lucht;NL10537;O3;lucht;1989-11-22T00:00:00+01:00;2015-01-21T00:00:00+01:00;stad;verkeer;3
NL10537_Ox_lucht;NL10537;Ox;lucht;1989-11-24T00:00:00+01:00;2015-01-21T00:00:00+01:00;stad;verkeer;3
NL10537_PM10_lucht;NL10537;PM10;lucht;2003-06-01T00:00:00+01:00;2015-01-21T00:00:00+01:00;stad;verkeer;3
NL10538_As_pm10_aerosol;NL10538;As;pm10_aerosol;2008-01-01T00:00:00+01:00;2014-01-01T00:00:00+01:00;regionaal;achtergrond;3
NL10538_CO_lucht;NL10538;CO;lucht;1986-04-01T00:00:00+01:00;1994-01-01T00:00:00+01:00;regionaal;achtergrond;3
NL10538_Ca_pm10_aerosol;NL10538;Ca;pm10_aerosol;2008-01-01T00:00:00+01:00;2014-01-01T00:00:00+01:00;regionaal;achtergrond;3
NL10538_Cd_pm10_aerosol;NL10538;Cd;pm10_aerosol;2008-01-01T00:00:00+01:00;2014-01-01T00:00:00+01:00;regionaal;achtergrond;3
NL10538_Cl_aerosol;NL10538;Cl;aerosol;1992-08-01T00:00:00+01:00;2009-01-01T00:00:00+01:00;regionaal;achtergrond;3
NL10538_Cl_pm10_aerosol;NL10538;Cl;pm10_aerosol;2009-01-01T00:00:00+01:00;;regionaal;achtergrond;3
NL10538_Mg_pm10_aerosol;NL10538;Mg;pm10_aerosol;2008-01-01T00:00:00+01:00;2014-01-01T00:00:00+01:00;regionaal;achtergrond;3
NL10538_NH3_lucht;NL10538;NH3;lucht;1992-08-03T00:00:00+01:00;;regionaal;achtergrond;3
NL10538_NH4_aerosol;NL10538;NH4;aerosol;1992-08-01T00:00:00+01:00;2009-01-01T00:00:00+01:00;regionaal;achtergrond;3
NL10538_NH4_pm10_aerosol;NL10538;NH4;pm10_aerosol;2009-01-01T00:00:00+01:00;;regionaal;achtergrond;3
NL10538_NO2_lucht;NL10538;NO2;lucht;1986-04-09T00:00:00+01:00;;regionaal;achtergrond;3
NL10538_NO3_aerosol;NL10538;NO3;aerosol;1992-08-01T00:00:00+01:00;2009-01-01T00:00:00+01:00;regionaal;achtergrond;3
NL10538_NO3_pm10_aerosol;NL10538;NO3;pm10_aerosol;2009-01-01T00:00:00+01:00;;regionaal;achtergrond;3
NL10538_NO_lucht;NL10538;NO;lucht;1986-04-09T00:00:00+01:00;;regionaal;achtergrond;3
NL10538_NOx_lucht;NL10538;NOx;lucht;1986-04-09T00:00:00+01:00;;regionaal;achtergrond;3
NL10538_Na_pm10_aerosol;NL10538;Na;pm10_aerosol;2008-01-01T00:00:00+01:00;2014-01-01T00:00:00+01:00;regionaal;achtergrond;3
NL10538_Ni_pm10_aerosol;NL10538;Ni;pm10_aerosol;2008-01-01T00:00:00+01:00;2014-01-01T00:00:00+01:00;regionaal;achtergrond;3
NL10538_O3_lucht;NL10538;O3;lucht;1986-04-01T00:00:00+01:00;;regionaal;achtergrond;3
NL10538_Ox_lucht;NL10538;Ox;lucht;1986-04-12T00:00:00+01:00;;regionaal;achtergrond;3
NL10538_PM10_lucht;NL10538;PM10;lucht;1992-03-01T00:00:00+01:00;;regionaal;achtergrond;3
NL10538_PM2.5_lucht;NL10538;PM2.5;lucht;2008-08-01T00:00:00+01:00;;regionaal;achtergrond;3
NL10538_Pb_pm10_aerosol;NL10538;Pb;pm10_aerosol;2008-01-01T00:00:00+01:00;2014-01-01T00:00:00+01:00;regionaal;achtergrond;3
NL10538_SO2_lucht;NL10538;SO2;lucht;1986-04-01T00:00:00+01:00;2012-01-01T00:00:00+01:00;regionaal;achtergrond;3
NL10538_SO4_aerosol;NL10538;SO4;aerosol;1992-08-01T00:00:00+01:00;2009-01-01T00:00:00+01:00;regionaal;achtergrond;3
NL10538_SO4_pm10_aerosol;NL10538;SO4;pm10_aerosol;2009-01-01T00:00:00+01:00;;regionaal;achtergrond;3
NL10538_ZWR_lucht;NL10538;ZWR;lucht;1986-03-31T00:00:00+01:00;2015-08-12T00:00:00+01:00;regionaal;achtergrond;3
NL10538_Zn_pm10_aerosol;NL10538;Zn;pm10_aerosol;2008-01-01T00:00:00+01:00;2014-01-01T00:00:00+01:00;regionaal;achtergrond;3
NL10540_CO_lucht;NL10540;CO;lucht;1986-12-04T00:00:00+01:00;1989-01-02T00:00:00+01:00;regionaal;achtergrond;3
NL10540_Cl_aerosol;NL10540;Cl;aerosol;1992-08-01T00:00:00+01:00;1993-07-01T00:00:00+01:00;regionaal;achtergrond;3
NL10540_NH3_lucht;NL10540;NH3;lucht;1992-08-10T00:00:00+01:00;1993-08-17T00:00:00+01:00;regionaal;achtergrond;3
NL10540_NH4_aerosol;NL10540;NH4;aerosol;1992-08-01T00:00:00+01:00;1993-07-01T00:00:00+01:00;regionaal;achtergrond;3
NL10540_NO2_lucht;NL10540;NO2;lucht;1986-12-07T00:00:00+01:00;1993-06-22T00:00:00+01:00;regionaal;achtergrond;3
NL10540_NO3_aerosol;NL10540;NO3;aerosol;1992-08-01T00:00:00+01:00;1993-07-01T00:00:00+01:00;regionaal;achtergrond;3
NL10540_NO_lucht;NL10540;NO;lucht;1986-12-07T00:00:00+01:00;1993-06-22T00:00:00+01:00;regionaal;achtergrond;3
NL10540_NOx_lucht;NL10540;NOx;lucht;1986-12-07T00:00:00+01:00;1993-06-22T00:00:00+01:00;regionaal;achtergrond;3
NL10540_O3_lucht;NL10540;O3;lucht;1987-01-14T00:00:00+01:00;1993-06-22T00:00:00+01:00;regionaal;achtergrond;3
NL10540_Ox_lucht;NL10540;Ox;lucht;1987-01-14T00:00:00+01:00;1993-06-22T00:00:00+01:00;regionaal;achtergrond;3
NL10540_PM10_lucht;NL10540;PM10;lucht;1992-01-01T00:00:00+01:00;1993-06-22T00:00:00+01:00;regionaal;achtergrond;3
NL10540_SO2_lucht;NL10540;SO2;lucht;1986-12-04T00:00:00+01:00;1993-08-17T00:00:00+01:00;regionaal;achtergrond;3
NL10540_SO4_aerosol;NL10540;SO4;aerosol;1992-08-01T00:00:00+01:00;1993-07-01T00:00:00+01:00;regionaal;achtergrond;3
NL10540_ZWR_lucht;NL10540;ZWR;lucht;1986-10-01T00:00:00+01:00;1993-06-01T00:00:00+01:00;regionaal;achtergrond;3
NL10543_PM10_lucht;NL10543;PM10;lucht;2007-10-01T00:00:00+01:00;2012-01-01T00:00:00+01:00;stad;achtergrond;3
NL10544_CO_lucht;NL10544;CO;lucht;2004-12-22T00:00:00+01:00;2011-04-13T00:00:00+01:00;stad;verkeer;3
NL10544_NO2_lucht;NL10544;NO2;lucht;2004-12-22T00:00:00+01:00;2011-12-11T00:00:00+01:00;stad;verkeer;3
NL10544_NO_lucht;NL10544;NO;lucht;2004-12-22T00:00:00+01:00;2011-12-11T00:00:00+01:00;stad;verkeer;3
NL10544_NOx_lucht;NL10544;NOx;lucht;2004-12-22T00:00:00+01:00;2011-12-11T00:00:00+01:00;stad;verkeer;3
NL10544_O3_lucht;NL10544;O3;lucht;2004-12-01T00:00:00+01:00;2011-12-27T00:00:00+01:00;stad;verkeer;3
NL10544_Ox_lucht;NL10544;Ox;lucht;2005-01-10T00:00:00+01:00;2011-12-11T00:00:00+01:00;stad;verkeer;3
NL10544_PM10_lucht;NL10544;PM10;lucht;2004-12-01T00:00:00+01:00;2011-12-11T00:00:00+01:00;stad;verkeer;3
NL10544_SO2_lucht;NL10544;SO2;lucht;2004-12-01T00:00:00+01:00;2012-01-01T00:00:00+01:00;stad;verkeer;3
NL10545_PM10_lucht;NL10545;PM10;lucht;2007-04-01T00:00:00+01:00;2017-05-10T00:00:00+01:00;stad;verkeer;3
NL10546_NO2_lucht;NL10546;NO2;lucht;2012-01-01T00:00:00+01:00;2012-01-05T00:00:00+01:00;voorstad;industrie;3
NL10546_NO_lucht;NL10546;NO;lucht;2012-01-01T00:00:00+01:00;2012-01-05T00:00:00+01:00;voorstad;industrie;3
NL10546_NOx_lucht;NL10546;NOx;lucht;2012-01-01T00:00:00+01:00;2012-01-05T00:00:00+01:00;voorstad;industrie;3
NL10546_PM10_lucht;NL10546;PM10;lucht;2012-01-01T00:00:00+01:00;2012-01-06T00:00:00+01:00;voorstad;industrie;3
NL10546_benzeen_lucht;NL10546;benzeen;lucht;2010-01-01T00:00:00+01:00;2012-01-06T00:00:00+01:00;voorstad;industrie;3
NL10546_ethylbenzeen_lucht;NL10546;ethylbenzeen;lucht;2010-01-01T00:00:00+01:00;2012-01-06T00:00:00+01:00;voorstad;industrie;3
NL10546_meta-paraxyleen_lucht;NL10546;meta-paraxyleen;lucht;2010-01-01T00:00:00+01:00;2012-01-06T00:00:00+01:00;voorstad;industrie;3
NL10546_orthoxyleen_lucht;NL10546;orthoxyleen;lucht;2010-01-01T00:00:00+01:00;2012-01-06T00:00:00+01:00;voorstad;industrie;3
NL10546_tolueen_lucht;NL10546;tolueen;lucht;2010-01-01T00:00:00+01:00;2012-01-06T00:00:00+01:00;voorstad;industrie;3
NL10547_NO2_lucht;NL10547;NO2;lucht;2009-04-02T00:00:00+01:00;2018-01-09T00:00:00+01:00;stad;verkeer;3
NL10547_NO_lucht;NL10547;NO;lucht;2009-04-02T00:00:00+01:00;2018-01-09T00:00:00+01:00;stad;verkeer;3
NL10547_NOx_lucht;NL10547;NOx;lucht;2009-04-02T00:00:00+01:00;2018-01-09T00:00:00+01:00;stad;verkeer;3
NL10547_PM10_lucht;NL10547;PM10;lucht;2008-01-01T00:00:00+01:00;2018-01-09T00:00:00+01:00;stad;verkeer;3
NL10547_PM2.5_lucht;NL10547;PM2.5;lucht;2014-01-01T00:00:00+01:00;2018-01-09T00:00:00+01:00;stad;verkeer;3
NL10548_NO2_lucht;NL10548;NO2;lucht;2009-07-06T00:00:00+01:00;2013-01-08T00:00:00+01:00;stad;verkeer;3
NL10548_NO_lucht;NL10548;NO;lucht;2009-07-06T00:00:00+01:00;2013-01-08T00:00:00+01:00;stad;verkeer;3
NL10548_NOx_lucht;NL10548;NOx;lucht;2009-07-06T00:00:00+01:00;2013-01-08T00:00:00+01:00;stad;verkeer;3
NL10548_PM10_lucht;NL10548;PM10;lucht;2008-01-01T00:00:00+01:00;2013-01-08T00:00:00+01:00;stad;verkeer;3
NL10549_NO2_lucht;NL10549;NO2;lucht;2009-07-06T00:00:00+01:00;2018-01-24T00:00:00+01:00;stad;achtergrond;3
NL10549_NO_lucht;NL10549;NO;lucht;2009-07-06T00:00:00+01:00;2018-01-24T00:00:00+01:00;stad;achtergrond;3
NL10549_NOx_lucht;NL10549;NOx;lucht;2009-07-06T00:00:00+01:00;2018-01-24T00:00:00+01:00;stad;achtergrond;3
NL10549_PM10_lucht;NL10549;PM10;lucht;2008-01-01T00:00:00+01:00;2018-01-24T00:00:00+01:00;stad;achtergrond;3
NL10550_NO2_lucht;NL10550;NO2;lucht;2015-01-12T00:00:00+01:00;2026-03-04T00:00:00+01:00;stad;verkeer;3
NL10550_NO_lucht;NL10550;NO;lucht;2015-01-12T00:00:00+01:00;2026-03-04T00:00:00+01:00;stad;verkeer;3
NL10550_NOx_lucht;NL10550;NOx;lucht;2015-01-12T00:00:00+01:00;2026-03-04T00:00:00+01:00;stad;verkeer;3
NL10550_O3_lucht;NL10550;O3;lucht;2014-12-15T00:00:00+01:00;2026-03-04T00:00:00+01:00;stad;verkeer;3
NL10550_Ox_lucht;NL10550;Ox;lucht;2014-12-15T00:00:00+01:00;2026-03-04T00:00:00+01:00;stad;verkeer;3
NL10550_PM10_lucht;NL10550;PM10;lucht;2014-12-15T00:00:00+01:00;2026-03-04T00:00:00+01:00;stad;verkeer;3
NL10552_NO2_lucht;NL10552;NO2;lucht;2026-07-01T00:00:00+01:00;;stad;verkeer;3
NL10552_NO_lucht;NL10552;NO;lucht;2026-07-01T00:00:00+01:00;;stad;verkeer;3
NL10552_NOx_lucht;NL10552;NOx;lucht;2026-07-01T00:00:00+01:00;;stad;verkeer;3
NL10552_O3_lucht;NL10552;O3;lucht;2026-07-01T00:00:00+01:00;;stad;verkeer;3
NL10552_Ox_lucht;NL10552;Ox;lucht;2026-07-01T00:00:00+01:00;;stad;verkeer;3
NL10552_PM10_lucht;NL10552;PM10;lucht;2026-07-01T00:00:00+01:00;;stad;verkeer;
NL10552_PM2.5_lucht;NL10552;PM2.5;lucht;2026-07-01T00:00:00+01:00;;stad;verkeer;
NL10601_SO2_lucht;NL10601;SO2;lucht;1976-04-03T00:00:00+01:00;1985-01-01T00:00:00+01:00;regionaal;achtergrond;3
NL10602_SO2_lucht;NL10602;SO2;lucht;1976-04-03T00:00:00+01:00;1985-01-01T00:00:00+01:00;regionaal;achtergrond;3
NL10603_CO_lucht;NL10603;CO;lucht;1978-02-19T00:00:00+01:00;1986-04-02T00:00:00+01:00;stad;verkeer;3
NL10603_NO2_lucht;NL10603;NO2;lucht;1978-02-19T00:00:00+01:00;1986-04-01T00:00:00+01:00;stad;verkeer;3
NL10603_NO_lucht;NL10603;NO;lucht;1978-02-19T00:00:00+01:00;1986-04-01T00:00:00+01:00;stad;verkeer;3
NL10603_NOx_lucht;NL10603;NOx;lucht;1978-02-19T00:00:00+01:00;1986-04-01T00:00:00+01:00;stad;verkeer;3
NL10603_SO2_lucht;NL10603;SO2;lucht;1976-04-03T00:00:00+01:00;1986-04-01T00:00:00+01:00;stad;verkeer;3
NL10604_CO_lucht;NL10604;CO;lucht;1978-03-16T00:00:00+01:00;1985-01-02T00:00:00+01:00;regionaal;achtergrond;3
NL10604_NO2_lucht;NL10604;NO2;lucht;1978-03-05T00:00:00+01:00;1984-05-26T00:00:00+01:00;regionaal;achtergrond;3
NL10604_NO_lucht;NL10604;NO;lucht;1978-03-05T00:00:00+01:00;1984-05-26T00:00:00+01:00;regionaal;achtergrond;3
NL10604_NOx_lucht;NL10604;NOx;lucht;1978-03-05T00:00:00+01:00;1984-05-26T00:00:00+01:00;regionaal;achtergrond;3
NL10604_SO2_lucht;NL10604;SO2;lucht;1976-04-03T00:00:00+01:00;1985-01-01T00:00:00+01:00;regionaal;achtergrond;3
NL10607_SO2_lucht;NL10607;SO2;lucht;1976-04-03T00:00:00+01:00;1985-01-01T00:00:00+01:00;stad;verkeer;3
NL10608_CO_lucht;NL10608;CO;lucht;1978-02-19T00:00:00+01:00;1986-04-02T00:00:00+01:00;regionaal;achtergrond;3
NL10608_NO2_lucht;NL10608;NO2;lucht;1978-02-19T00:00:00+01:00;1986-03-19T00:00:00+01:00;regionaal;achtergrond;3
NL10608_NO_lucht;NL10608;NO;lucht;1978-02-19T00:00:00+01:00;1986-03-19T00:00:00+01:00;regionaal;achtergrond;3
NL10608_NOx_lucht;NL10608;NOx;lucht;1978-02-19T00:00:00+01:00;1986-03-19T00:00:00+01:00;regionaal;achtergrond;3
NL10608_SO2_lucht;NL10608;SO2;lucht;1976-04-03T00:00:00+01:00;1986-04-01T00:00:00+01:00;regionaal;achtergrond;3
NL10609_CO_lucht;NL10609;CO;lucht;1978-02-12T00:00:00+01:00;1983-05-05T00:00:00+01:00;regionaal;achtergrond;3
NL10609_NO2_lucht;NL10609;NO2;lucht;1978-02-12T00:00:00+01:00;1983-04-22T00:00:00+01:00;regionaal;achtergrond;3
NL10609_NO_lucht;NL10609;NO;lucht;1978-02-12T00:00:00+01:00;1983-04-22T00:00:00+01:00;regionaal;achtergrond;3
NL10609_NOx_lucht;NL10609;NOx;lucht;1978-02-12T00:00:00+01:00;1983-04-22T00:00:00+01:00;regionaal;achtergrond;3
NL10609_SO2_lucht;NL10609;SO2;lucht;1976-04-03T00:00:00+01:00;1983-05-04T00:00:00+01:00;regionaal;achtergrond;3
NL10610_CO_lucht;NL10610;CO;lucht;1978-02-13T00:00:00+01:00;1986-04-02T00:00:00+01:00;stad;verkeer;3
NL10610_NO2_lucht;NL10610;NO2;lucht;1978-02-13T00:00:00+01:00;1986-04-01T00:00:00+01:00;stad;verkeer;3
NL10610_NO_lucht;NL10610;NO;lucht;1978-02-13T00:00:00+01:00;1986-04-01T00:00:00+01:00;stad;verkeer;3
NL10610_NOx_lucht;NL10610;NOx;lucht;1978-02-13T00:00:00+01:00;1986-04-01T00:00:00+01:00;stad;verkeer;3
NL10610_SO2_lucht;NL10610;SO2;lucht;1976-04-03T00:00:00+01:00;1986-04-01T00:00:00+01:00;stad;verkeer;3
NL10611_CO_lucht;NL10611;CO;lucht;1978-03-24T00:00:00+01:00;1986-04-02T00:00:00+01:00;regionaal;achtergrond;3
NL10611_NO2_lucht;NL10611;NO2;lucht;1978-02-26T00:00:00+01:00;1986-04-01T00:00:00+01:00;regionaal;achtergrond;3
NL10611_NO_lucht;NL10611;NO;lucht;1978-02-26T00:00:00+01:00;1986-04-01T00:00:00+01:00;regionaal;achtergrond;3
NL10611_NOx_lucht;NL10611;NOx;lucht;1978-02-26T00:00:00+01:00;1986-04-01T00:00:00+01:00;regionaal;achtergrond;3
NL10611_SO2_lucht;NL10611;SO2;lucht;1976-04-03T00:00:00+01:00;1986-04-01T00:00:00+01:00;regionaal;achtergrond;3
NL10612_SO2_lucht;NL10612;SO2;lucht;1976-04-03T00:00:00+01:00;1985-01-01T00:00:00+01:00;regionaal;achtergrond;3
NL10613_SO2_lucht;NL10613;SO2;lucht;1976-04-03T00:00:00+01:00;1986-04-01T00:00:00+01:00;regionaal;achtergrond;3
NL10614_SO2_lucht;NL10614;SO2;lucht;1976-04-03T00:00:00+01:00;1986-04-01T00:00:00+01:00;regionaal;achtergrond;3
NL10617_CO_lucht;NL10617;CO;lucht;1978-03-03T00:00:00+01:00;1986-04-02T00:00:00+01:00;regionaal;achtergrond;3
NL10617_NO2_lucht;NL10617;NO2;lucht;1978-02-24T00:00:00+01:00;;regionaal;achtergrond;3
NL10617_NO_lucht;NL10617;NO;lucht;1978-02-24T00:00:00+01:00;;regionaal;achtergrond;3
NL10617_NOx_lucht;NL10617;NOx;lucht;1978-02-24T00:00:00+01:00;;regionaal;achtergrond;3
NL10617_O3_lucht;NL10617;O3;lucht;1978-03-03T00:00:00+01:00;;regionaal;achtergrond;3
NL10617_Ox_lucht;NL10617;Ox;lucht;1978-03-03T00:00:00+01:00;;regionaal;achtergrond;3
NL10617_PM10_lucht;NL10617;PM10;lucht;2015-05-01T00:00:00+01:00;;regionaal;achtergrond;3
NL10617_SO2_lucht;NL10617;SO2;lucht;1977-04-29T00:00:00+01:00;1986-04-01T00:00:00+01:00;regionaal;achtergrond;3
NL10619_SO2_lucht;NL10619;SO2;lucht;1976-04-03T00:00:00+01:00;1985-01-01T00:00:00+01:00;regionaal;achtergrond;3
NL10620_As_pm25_aerosol;NL10620;As;pm25_aerosol;2010-01-01T00:00:00+01:00;2012-01-01T00:00:00+01:00;regionaal;achtergrond;3
NL10620_Ca_pm25_aerosol;NL10620;Ca;pm25_aerosol;2010-01-01T00:00:00+01:00;2012-01-01T00:00:00+01:00;regionaal;achtergrond;3
NL10620_Cd_pm25_aerosol;NL10620;Cd;pm25_aerosol;2010-01-01T00:00:00+01:00;2012-01-01T00:00:00+01:00;regionaal;achtergrond;3
NL10620_Cl_pm25_aerosol;NL10620;Cl;pm25_aerosol;2010-01-01T00:00:00+01:00;2012-01-01T00:00:00+01:00;regionaal;achtergrond;3
NL10620_K_pm25_aerosol;NL10620;K;pm25_aerosol;2010-01-01T00:00:00+01:00;2012-01-01T00:00:00+01:00;regionaal;achtergrond;3
NL10620_Mg_pm25_aerosol;NL10620;Mg;pm25_aerosol;2010-01-01T00:00:00+01:00;2012-01-01T00:00:00+01:00;regionaal;achtergrond;3
NL10620_NH4_pm25_aerosol;NL10620;NH4;pm25_aerosol;2010-01-01T00:00:00+01:00;2012-01-01T00:00:00+01:00;regionaal;achtergrond;3
NL10620_NO2_lucht;NL10620;NO2;lucht;1977-09-21T00:00:00+01:00;2011-12-10T00:00:00+01:00;regionaal;achtergrond;3
NL10620_NO3_pm25_aerosol;NL10620;NO3;pm25_aerosol;2010-01-01T00:00:00+01:00;2012-01-01T00:00:00+01:00;regionaal;achtergrond;3
NL10620_NO_lucht;NL10620;NO;lucht;1977-09-21T00:00:00+01:00;2011-12-10T00:00:00+01:00;regionaal;achtergrond;3
NL10620_NOx_lucht;NL10620;NOx;lucht;1977-09-21T00:00:00+01:00;2011-12-10T00:00:00+01:00;regionaal;achtergrond;3
NL10620_Na_pm25_aerosol;NL10620;Na;pm25_aerosol;2010-01-01T00:00:00+01:00;2012-01-01T00:00:00+01:00;regionaal;achtergrond;3
NL10620_Ni_pm25_aerosol;NL10620;Ni;pm25_aerosol;2010-01-01T00:00:00+01:00;2012-01-01T00:00:00+01:00;regionaal;achtergrond;3
NL10620_O3_lucht;NL10620;O3;lucht;1977-09-21T00:00:00+01:00;2011-12-31T00:00:00+01:00;regionaal;achtergrond;3
NL10620_Ox_lucht;NL10620;Ox;lucht;1977-09-21T00:00:00+01:00;2011-12-10T00:00:00+01:00;regionaal;achtergrond;3
NL10620_PM2.5_lucht;NL10620;PM2.5;lucht;2008-01-01T00:00:00+01:00;2012-01-01T00:00:00+01:00;regionaal;achtergrond;3
NL10620_Pb_pm25_aerosol;NL10620;Pb;pm25_aerosol;2010-01-01T00:00:00+01:00;2012-01-01T00:00:00+01:00;regionaal;achtergrond;3
NL10620_SO2_lucht;NL10620;SO2;lucht;1976-04-03T00:00:00+01:00;2012-01-01T00:00:00+01:00;regionaal;achtergrond;3
NL10620_SO4_pm25_aerosol;NL10620;SO4;pm25_aerosol;2010-01-01T00:00:00+01:00;2012-01-01T00:00:00+01:00;regionaal;achtergrond;3
NL10620_Zn_pm25_aerosol;NL10620;Zn;pm25_aerosol;2010-01-01T00:00:00+01:00;2012-01-01T00:00:00+01:00;regionaal;achtergrond;3
NL10626_SO2_lucht;NL10626;SO2;lucht;1976-04-03T00:00:00+01:00;1985-01-01T00:00:00+01:00;regionaal;achtergrond;3
NL10627_As_aerosol;NL10627;As;aerosol;1987-01-01T00:00:00+01:00;2008-01-01T00:00:00+01:00;regionaal;achtergrond;3
NL10627_As_pm10_aerosol;NL10627;As;pm10_aerosol;2008-01-01T00:00:00+01:00;;regionaal;achtergrond;3
NL10627_Br_aerosol;NL10627;Br;aerosol;1987-01-01T00:00:00+01:00;1988-01-01T00:00:00+01:00;regionaal;achtergrond;3
NL10627_Ca_aerosol;NL10627;Ca;aerosol;1987-01-01T00:00:00+01:00;2008-01-01T00:00:00+01:00;regionaal;achtergrond;3
NL10627_Ca_pm10_aerosol;NL10627;Ca;pm10_aerosol;2008-01-01T00:00:00+01:00;;regionaal;achtergrond;3
NL10627_Cd_aerosol;NL10627;Cd;aerosol;1987-01-01T00:00:00+01:00;2008-01-01T00:00:00+01:00;regionaal;achtergrond;3
NL10627_Cd_pm10_aerosol;NL10627;Cd;pm10_aerosol;2008-01-01T00:00:00+01:00;;regionaal;achtergrond;3
NL10627_Cl_aerosol;NL10627;Cl;aerosol;1987-01-01T00:00:00+01:00;2009-01-01T00:00:00+01:00;regionaal;achtergrond;3
NL10627_Cl_pm10_aerosol;NL10627;Cl;pm10_aerosol;2009-01-01T00:00:00+01:00;2013-01-06T00:00:00+01:00;regionaal;achtergrond;3
NL10627_Cr_aerosol;NL10627;Cr;aerosol;1987-01-01T00:00:00+01:00;1988-01-01T00:00:00+01:00;regionaal;achtergrond;3
NL10627_Cu_aerosol;NL10627;Cu;aerosol;1987-01-01T00:00:00+01:00;1988-01-01T00:00:00+01:00;regionaal;achtergrond;3
NL10627_Fe_aerosol;NL10627;Fe;aerosol;1987-01-01T00:00:00+01:00;1988-01-01T00:00:00+01:00;regionaal;achtergrond;3
NL10627_Mg_pm10_aerosol;NL10627;Mg;pm10_aerosol;2008-01-01T00:00:00+01:00;;regionaal;achtergrond;3
NL10627_NH4_aerosol;NL10627;NH4;aerosol;1987-01-01T00:00:00+01:00;2009-01-01T00:00:00+01:00;regionaal;achtergrond;3
NL10627_NH4_pm10_aerosol;NL10627;NH4;pm10_aerosol;2009-01-01T00:00:00+01:00;2013-01-06T00:00:00+01:00;regionaal;achtergrond;3
NL10627_NO3_aerosol;NL10627;NO3;aerosol;1987-01-01T00:00:00+01:00;2009-01-01T00:00:00+01:00;regionaal;achtergrond;3
NL10627_NO3_pm10_aerosol;NL10627;NO3;pm10_aerosol;2009-01-01T00:00:00+01:00;2013-01-06T00:00:00+01:00;regionaal;achtergrond;3
NL10627_Na_pm10_aerosol;NL10627;Na;pm10_aerosol;2008-01-01T00:00:00+01:00;;regionaal;achtergrond;3
NL10627_Ni_aerosol;NL10627;Ni;aerosol;1987-01-01T00:00:00+01:00;2008-01-01T00:00:00+01:00;regionaal;achtergrond;3
NL10627_Ni_pm10_aerosol;NL10627;Ni;pm10_aerosol;2008-01-01T00:00:00+01:00;;regionaal;achtergrond;3
NL10627_PM2.5_lucht;NL10627;PM2.5;lucht;2009-08-01T00:00:00+01:00;2011-01-01T00:00:00+01:00;regionaal;achtergrond;3
NL10627_Pb_aerosol;NL10627;Pb;aerosol;1987-01-01T00:00:00+01:00;2008-01-01T00:00:00+01:00;regionaal;achtergrond;3
NL10627_Pb_pm10_aerosol;NL10627;Pb;pm10_aerosol;2008-01-01T00:00:00+01:00;;regionaal;achtergrond;3
NL10627_SO2_lucht;NL10627;SO2;lucht;1986-07-02T00:00:00+01:00;2011-02-01T00:00:00+01:00;regionaal;achtergrond;3
NL10627_SO4_aerosol;NL10627;SO4;aerosol;1987-01-01T00:00:00+01:00;2009-01-01T00:00:00+01:00;regionaal;achtergrond;3
NL10627_SO4_pm10_aerosol;NL10627;SO4;pm10_aerosol;2009-01-01T00:00:00+01:00;2013-01-06T00:00:00+01:00;regionaal;achtergrond;3
NL10627_S_aerosol;NL10627;S;aerosol;1987-01-01T00:00:00+01:00;1988-01-01T00:00:00+01:00;regionaal;achtergrond;3
NL10627_ZWR_lucht;NL10627;ZWR;lucht;1984-03-31T00:00:00+01:00;1997-01-01T00:00:00+01:00;regionaal;achtergrond;3
NL10627_Zn_aerosol;NL10627;Zn;aerosol;1987-01-01T00:00:00+01:00;2008-01-01T00:00:00+01:00;regionaal;achtergrond;3
NL10627_Zn_pm10_aerosol;NL10627;Zn;pm10_aerosol;2008-01-01T00:00:00+01:00;;regionaal;achtergrond;3
NL10631_As_aerosol;NL10631;As;aerosol;1987-01-01T00:00:00+01:00;2008-01-01T00:00:00+01:00;regionaal;achtergrond;3
NL10631_Br_aerosol;NL10631;Br;aerosol;1987-01-01T00:00:00+01:00;1988-01-01T00:00:00+01:00;regionaal;achtergrond;3
NL10631_CO_lucht;NL10631;CO;lucht;1986-04-01T00:00:00+01:00;1998-10-08T00:00:00+01:00;regionaal;achtergrond;3
NL10631_Ca_aerosol;NL10631;Ca;aerosol;1987-01-01T00:00:00+01:00;2008-01-01T00:00:00+01:00;regionaal;achtergrond;3
NL10631_Cd_aerosol;NL10631;Cd;aerosol;1987-01-01T00:00:00+01:00;2008-01-01T00:00:00+01:00;regionaal;achtergrond;3
NL10631_Cl_aerosol;NL10631;Cl;aerosol;1987-01-01T00:00:00+01:00;1989-01-01T00:00:00+01:00;regionaal;achtergrond;3
NL10631_Cr_aerosol;NL10631;Cr;aerosol;1987-01-01T00:00:00+01:00;1988-01-01T00:00:00+01:00;regionaal;achtergrond;3
NL10631_Cu_aerosol;NL10631;Cu;aerosol;1987-01-01T00:00:00+01:00;1988-01-01T00:00:00+01:00;regionaal;achtergrond;3
NL10631_Fe_aerosol;NL10631;Fe;aerosol;1987-01-01T00:00:00+01:00;1988-01-01T00:00:00+01:00;regionaal;achtergrond;3
NL10631_NH4_aerosol;NL10631;NH4;aerosol;1987-01-01T00:00:00+01:00;1989-01-01T00:00:00+01:00;regionaal;achtergrond;3
NL10631_NO2_lucht;NL10631;NO2;lucht;1986-04-02T00:00:00+01:00;2016-12-21T00:00:00+01:00;regionaal;achtergrond;3
NL10631_NO3_aerosol;NL10631;NO3;aerosol;1987-01-01T00:00:00+01:00;1989-01-01T00:00:00+01:00;regionaal;achtergrond;3
NL10631_NO_lucht;NL10631;NO;lucht;1986-04-02T00:00:00+01:00;2016-12-21T00:00:00+01:00;regionaal;achtergrond;3
NL10631_NOx_lucht;NL10631;NOx;lucht;1986-04-02T00:00:00+01:00;2016-12-21T00:00:00+01:00;regionaal;achtergrond;3
NL10631_Ni_aerosol;NL10631;Ni;aerosol;1987-01-01T00:00:00+01:00;2008-01-01T00:00:00+01:00;regionaal;achtergrond;3
NL10631_O3_lucht;NL10631;O3;lucht;1986-04-01T00:00:00+01:00;2017-04-12T00:00:00+01:00;regionaal;achtergrond;3
NL10631_Ox_lucht;NL10631;Ox;lucht;1986-04-02T00:00:00+01:00;2016-12-21T00:00:00+01:00;regionaal;achtergrond;3
NL10631_PM10_lucht;NL10631;PM10;lucht;2003-03-01T00:00:00+01:00;2017-04-12T00:00:00+01:00;regionaal;achtergrond;3
NL10631_Pb_aerosol;NL10631;Pb;aerosol;1987-01-01T00:00:00+01:00;2008-01-01T00:00:00+01:00;regionaal;achtergrond;3
NL10631_SO2_lucht;NL10631;SO2;lucht;1986-04-02T00:00:00+01:00;2012-01-01T00:00:00+01:00;regionaal;achtergrond;3
NL10631_SO4_aerosol;NL10631;SO4;aerosol;1987-01-01T00:00:00+01:00;1989-01-01T00:00:00+01:00;regionaal;achtergrond;3
NL10631_S_aerosol;NL10631;S;aerosol;1987-01-01T00:00:00+01:00;1988-01-01T00:00:00+01:00;regionaal;achtergrond;3
NL10631_ZWR_lucht;NL10631;ZWR;lucht;1984-03-31T00:00:00+01:00;1994-01-01T00:00:00+01:00;regionaal;achtergrond;3
NL10631_Zn_aerosol;NL10631;Zn;aerosol;1987-01-01T00:00:00+01:00;2008-01-01T00:00:00+01:00;regionaal;achtergrond;3
NL10633_111-trichletaan_lucht;NL10633;111-trichletaan;lucht;1992-08-26T00:00:00+01:00;2010-01-08T00:00:00+01:00;regionaal;achtergrond;3
NL10633_112-trichletaan_lucht;NL10633;112-trichletaan;lucht;1992-08-26T00:00:00+01:00;2010-01-08T00:00:00+01:00;regionaal;achtergrond;3
NL10633_12-dichlbenz_lucht;NL10633;12-dichlbenz;lucht;1992-08-26T00:00:00+01:00;2010-01-08T00:00:00+01:00;regionaal;achtergrond;3
NL10633_12-dichletaan_lucht;NL10633;12-dichletaan;lucht;1992-08-26T00:00:00+01:00;2010-01-08T00:00:00+01:00;regionaal;achtergrond;3
NL10633_12-dichlpropaan_lucht;NL10633;12-dichlpropaan;lucht;1992-08-26T00:00:00+01:00;2010-01-08T00:00:00+01:00;regionaal;achtergrond;3
NL10633_123-trichlbenz_lucht;NL10633;123-trichlbenz;lucht;1992-08-26T00:00:00+01:00;2010-01-08T00:00:00+01:00;regionaal;achtergrond;3
NL10633_123-trimetben_lucht;NL10633;123-trimetben;lucht;1992-08-26T00:00:00+01:00;2010-01-08T00:00:00+01:00;regionaal;achtergrond;3
NL10633_124-trichlbenz_lucht;NL10633;124-trichlbenz;lucht;1992-08-26T00:00:00+01:00;2010-01-08T00:00:00+01:00;regionaal;achtergrond;3
NL10633_124-trimetben_lucht;NL10633;124-trimetben;lucht;1992-08-26T00:00:00+01:00;2010-01-08T00:00:00+01:00;regionaal;achtergrond;3
NL10633_13-dichlbenz_lucht;NL10633;13-dichlbenz;lucht;1992-08-26T00:00:00+01:00;2010-01-08T00:00:00+01:00;regionaal;achtergrond;3
NL10633_135-trichlbenz_lucht;NL10633;135-trichlbenz;lucht;1992-08-26T00:00:00+01:00;2010-01-08T00:00:00+01:00;regionaal;achtergrond;3
NL10633_135-trimetben_lucht;NL10633;135-trimetben;lucht;1992-08-26T00:00:00+01:00;2010-01-08T00:00:00+01:00;regionaal;achtergrond;3
NL10633_14-dichlbenz_lucht;NL10633;14-dichlbenz;lucht;1992-08-26T00:00:00+01:00;2010-01-08T00:00:00+01:00;regionaal;achtergrond;3
NL10633_2-ethyltolueen_lucht;NL10633;2-ethyltolueen;lucht;1992-08-26T00:00:00+01:00;2010-01-08T00:00:00+01:00;regionaal;achtergrond;3
NL10633_2-methnaftaleen_lucht;NL10633;2-methnaftaleen;lucht;1992-08-26T00:00:00+01:00;2010-01-08T00:00:00+01:00;regionaal;achtergrond;3
NL10633_3-ethyltolueen_lucht;NL10633;3-ethyltolueen;lucht;1992-08-26T00:00:00+01:00;2010-01-08T00:00:00+01:00;regionaal;achtergrond;3
NL10633_4-ethyltolueen_lucht;NL10633;4-ethyltolueen;lucht;1992-08-26T00:00:00+01:00;2010-01-08T00:00:00+01:00;regionaal;achtergrond;3
NL10633_BC_lucht;NL10633;BC;lucht;2015-05-07T00:00:00+01:00;;regionaal;achtergrond;3
NL10633_BC_lucht;NL10633;BC;lucht;2026-02-04T00:00:00+01:00;;regionaal;achtergrond;
NL10633_BCwb_lucht;NL10633;BCwb;lucht;2026-02-04T00:00:00+01:00;;regionaal;achtergrond;
NL10633_CO_lucht;NL10633;CO;lucht;1987-05-15T00:00:00+01:00;2016-02-29T00:00:00+01:00;regionaal;achtergrond;3
NL10633_NH3_lucht;NL10633;NH3;lucht;1992-07-30T00:00:00+01:00;;regionaal;achtergrond;3
NL10633_NO2_lucht;NL10633;NO2;lucht;1987-05-14T00:00:00+01:00;;regionaal;achtergrond;3
NL10633_NO_lucht;NL10633;NO;lucht;1987-05-14T00:00:00+01:00;;regionaal;achtergrond;3
NL10633_NOx_lucht;NL10633;NOx;lucht;1987-05-14T00:00:00+01:00;;regionaal;achtergrond;3
NL10633_O3_lucht;NL10633;O3;lucht;1987-05-13T00:00:00+01:00;;regionaal;achtergrond;3
NL10633_Ox_lucht;NL10633;Ox;lucht;1987-05-14T00:00:00+01:00;;regionaal;achtergrond;3
NL10633_PM10_lucht;NL10633;PM10;lucht;2003-03-01T00:00:00+01:00;;regionaal;achtergrond;3
NL10633_SO2_lucht;NL10633;SO2;lucht;1987-05-12T00:00:00+01:00;2012-01-01T00:00:00+01:00;regionaal;achtergrond;3
NL10633_benz-a-pyreen_pm10_aerosol;NL10633;benz-a-pyreen;pm10_aerosol;2008-01-01T00:00:00+01:00;2009-01-01T00:00:00+01:00;regionaal;achtergrond;3
NL10633_benzeen_lucht;NL10633;benzeen;lucht;1992-08-26T00:00:00+01:00;2014-08-20T00:00:00+01:00;regionaal;achtergrond;3
NL10633_butylbenzeen_lucht;NL10633;butylbenzeen;lucht;1992-08-26T00:00:00+01:00;2010-01-08T00:00:00+01:00;regionaal;achtergrond;3
NL10633_chloorbenzeen_lucht;NL10633;chloorbenzeen;lucht;1992-08-26T00:00:00+01:00;2010-01-08T00:00:00+01:00;regionaal;achtergrond;3
NL10633_cumeen_lucht;NL10633;cumeen;lucht;1992-08-26T00:00:00+01:00;2010-01-08T00:00:00+01:00;regionaal;achtergrond;3
NL10633_cymeen_lucht;NL10633;cymeen;lucht;1992-08-26T00:00:00+01:00;2010-01-08T00:00:00+01:00;regionaal;achtergrond;3
NL10633_decaan_lucht;NL10633;decaan;lucht;1992-08-26T00:00:00+01:00;2010-01-08T00:00:00+01:00;regionaal;achtergrond;3
NL10633_dodecaan_lucht;NL10633;dodecaan;lucht;1992-08-26T00:00:00+01:00;2010-01-08T00:00:00+01:00;regionaal;achtergrond;3
NL10633_ethylbenzeen_lucht;NL10633;ethylbenzeen;lucht;1992-08-26T00:00:00+01:00;2014-08-20T00:00:00+01:00;regionaal;achtergrond;3
NL10633_fenol_lucht;NL10633;fenol;lucht;1992-08-26T00:00:00+01:00;2010-01-08T00:00:00+01:00;regionaal;achtergrond;3
NL10633_hexadecaan_lucht;NL10633;hexadecaan;lucht;1992-08-26T00:00:00+01:00;2010-01-08T00:00:00+01:00;regionaal;achtergrond;3
NL10633_limoneen_lucht;NL10633;limoneen;lucht;1992-08-26T00:00:00+01:00;2010-01-08T00:00:00+01:00;regionaal;achtergrond;3
NL10633_m-xyleen_lucht;NL10633;m-xyleen;lucht;1992-08-26T00:00:00+01:00;2010-01-08T00:00:00+01:00;regionaal;achtergrond;3
NL10633_meta-paraxyleen_lucht;NL10633;meta-paraxyleen;lucht;2010-01-01T00:00:00+01:00;2014-08-20T00:00:00+01:00;regionaal;achtergrond;3
NL10633_n-heptaan_lucht;NL10633;n-heptaan;lucht;1992-08-26T00:00:00+01:00;2010-01-08T00:00:00+01:00;regionaal;achtergrond;3
NL10633_n-hexaan_lucht;NL10633;n-hexaan;lucht;1992-08-26T00:00:00+01:00;2010-01-08T00:00:00+01:00;regionaal;achtergrond;3
NL10633_n-octaan_lucht;NL10633;n-octaan;lucht;1992-08-26T00:00:00+01:00;2010-01-08T00:00:00+01:00;regionaal;achtergrond;3
NL10633_naftaleen_lucht;NL10633;naftaleen;lucht;1992-08-26T00:00:00+01:00;2010-01-08T00:00:00+01:00;regionaal;achtergrond;3
NL10633_nonaan_lucht;NL10633;nonaan;lucht;1992-08-26T00:00:00+01:00;2010-01-08T00:00:00+01:00;regionaal;achtergrond;3
NL10633_orthoxyleen_lucht;NL10633;orthoxyleen;lucht;1992-08-26T00:00:00+01:00;2014-08-20T00:00:00+01:00;regionaal;achtergrond;3
NL10633_p-xyleen_lucht;NL10633;p-xyleen;lucht;1992-08-26T00:00:00+01:00;2010-01-08T00:00:00+01:00;regionaal;achtergrond;3
NL10633_pentadecaan_lucht;NL10633;pentadecaan;lucht;1992-08-26T00:00:00+01:00;2010-01-08T00:00:00+01:00;regionaal;achtergrond;3
NL10633_propylbenzeen_lucht;NL10633;propylbenzeen;lucht;1992-08-26T00:00:00+01:00;2010-01-08T00:00:00+01:00;regionaal;achtergrond;3
NL10633_styreen_lucht;NL10633;styreen;lucht;1992-08-26T00:00:00+01:00;2010-01-08T00:00:00+01:00;regionaal;achtergrond;3
NL10633_tetrachleteen_lucht;NL10633;tetrachleteen;lucht;1992-08-26T00:00:00+01:00;2010-01-08T00:00:00+01:00;regionaal;achtergrond;3
NL10633_tetrachlmetaan_lucht;NL10633;tetrachlmetaan;lucht;1992-08-26T00:00:00+01:00;2010-01-08T00:00:00+01:00;regionaal;achtergrond;3
NL10633_tetradecaan_lucht;NL10633;tetradecaan;lucht;1992-08-26T00:00:00+01:00;2010-01-08T00:00:00+01:00;regionaal;achtergrond;3
NL10633_tolueen_lucht;NL10633;tolueen;lucht;1992-08-26T00:00:00+01:00;2014-08-20T00:00:00+01:00;regionaal;achtergrond;3
NL10633_trichleteen_lucht;NL10633;trichleteen;lucht;1992-08-26T00:00:00+01:00;2010-01-08T00:00:00+01:00;regionaal;achtergrond;3
NL10633_trichlmetaan_lucht;NL10633;trichlmetaan;lucht;1992-08-26T00:00:00+01:00;2010-01-08T00:00:00+01:00;regionaal;achtergrond;3
NL10633_tridecaan_lucht;NL10633;tridecaan;lucht;1992-08-26T00:00:00+01:00;2010-01-08T00:00:00+01:00;regionaal;achtergrond;3
NL10633_undecaan_lucht;NL10633;undecaan;lucht;1992-08-26T00:00:00+01:00;2010-01-08T00:00:00+01:00;regionaal;achtergrond;3
NL10636_111-trichletaan_lucht;NL10636;111-trichletaan;lucht;1997-02-17T00:00:00+01:00;2009-10-15T00:00:00+01:00;stad;verkeer;3
NL10636_112-trichletaan_lucht;NL10636;112-trichletaan;lucht;1997-02-17T00:00:00+01:00;2009-10-15T00:00:00+01:00;stad;verkeer;3
NL10636_12-dichlbenz_lucht;NL10636;12-dichlbenz;lucht;1997-02-17T00:00:00+01:00;2009-10-15T00:00:00+01:00;stad;verkeer;3
NL10636_12-dichletaan_lucht;NL10636;12-dichletaan;lucht;1997-02-17T00:00:00+01:00;2009-10-15T00:00:00+01:00;stad;verkeer;3
NL10636_12-dichlpropaan_lucht;NL10636;12-dichlpropaan;lucht;1997-02-17T00:00:00+01:00;2009-10-15T00:00:00+01:00;stad;verkeer;3
NL10636_123-trichlbenz_lucht;NL10636;123-trichlbenz;lucht;1997-02-17T00:00:00+01:00;2009-10-15T00:00:00+01:00;stad;verkeer;3
NL10636_123-trimetben_lucht;NL10636;123-trimetben;lucht;1997-02-17T00:00:00+01:00;2009-10-15T00:00:00+01:00;stad;verkeer;3
NL10636_124-trichlbenz_lucht;NL10636;124-trichlbenz;lucht;1997-02-17T00:00:00+01:00;2009-10-15T00:00:00+01:00;stad;verkeer;3
NL10636_124-trimetben_lucht;NL10636;124-trimetben;lucht;1997-02-17T00:00:00+01:00;2009-10-15T00:00:00+01:00;stad;verkeer;3
NL10636_13-dichlbenz_lucht;NL10636;13-dichlbenz;lucht;1997-02-17T00:00:00+01:00;2009-10-15T00:00:00+01:00;stad;verkeer;3
NL10636_135-trichlbenz_lucht;NL10636;135-trichlbenz;lucht;1997-02-17T00:00:00+01:00;2009-10-15T00:00:00+01:00;stad;verkeer;3
NL10636_135-trimetben_lucht;NL10636;135-trimetben;lucht;1997-02-17T00:00:00+01:00;2009-10-15T00:00:00+01:00;stad;verkeer;3
NL10636_14-dichlbenz_lucht;NL10636;14-dichlbenz;lucht;1997-02-17T00:00:00+01:00;2009-10-15T00:00:00+01:00;stad;verkeer;3
NL10636_2-ethyltolueen_lucht;NL10636;2-ethyltolueen;lucht;1997-02-17T00:00:00+01:00;2009-10-15T00:00:00+01:00;stad;verkeer;3
NL10636_2-methnaftaleen_lucht;NL10636;2-methnaftaleen;lucht;1997-02-17T00:00:00+01:00;2009-10-15T00:00:00+01:00;stad;verkeer;3
NL10636_3-ethyltolueen_lucht;NL10636;3-ethyltolueen;lucht;1997-02-17T00:00:00+01:00;2009-10-15T00:00:00+01:00;stad;verkeer;3
NL10636_4-ethyltolueen_lucht;NL10636;4-ethyltolueen;lucht;1997-02-17T00:00:00+01:00;2009-10-15T00:00:00+01:00;stad;verkeer;3
NL10636_CO_lucht;NL10636;CO;lucht;1987-11-18T00:00:00+01:00;2011-04-29T00:00:00+01:00;stad;verkeer;3
NL10636_NO2_lucht;NL10636;NO2;lucht;1987-11-03T00:00:00+01:00;;stad;verkeer;3
NL10636_NO_lucht;NL10636;NO;lucht;1987-11-03T00:00:00+01:00;;stad;verkeer;3
NL10636_NOx_lucht;NL10636;NOx;lucht;1987-11-03T00:00:00+01:00;;stad;verkeer;3
NL10636_O3_lucht;NL10636;O3;lucht;1987-10-29T00:00:00+01:00;2024-05-24T00:00:00+01:00;stad;verkeer;3
NL10636_Ox_lucht;NL10636;Ox;lucht;1987-11-03T00:00:00+01:00;;stad;verkeer;3
NL10636_PM10_lucht;NL10636;PM10;lucht;2003-09-01T00:00:00+01:00;;stad;verkeer;3
NL10636_PM2.5_lucht;NL10636;PM2.5;lucht;2009-07-01T00:00:00+01:00;;stad;verkeer;3
NL10636_SO2_lucht;NL10636;SO2;lucht;1987-10-30T00:00:00+01:00;2012-01-01T00:00:00+01:00;stad;verkeer;3
NL10636_ZWR_lucht;NL10636;ZWR;lucht;1989-01-13T00:00:00+01:00;2003-08-24T00:00:00+01:00;stad;verkeer;3
NL10636_benzeen_lucht;NL10636;benzeen;lucht;1997-02-17T00:00:00+01:00;2009-10-15T00:00:00+01:00;stad;verkeer;3
NL10636_butylbenzeen_lucht;NL10636;butylbenzeen;lucht;1997-02-17T00:00:00+01:00;2009-10-15T00:00:00+01:00;stad;verkeer;3
NL10636_chloorbenzeen_lucht;NL10636;chloorbenzeen;lucht;1997-02-17T00:00:00+01:00;2009-10-15T00:00:00+01:00;stad;verkeer;3
NL10636_cumeen_lucht;NL10636;cumeen;lucht;1997-02-17T00:00:00+01:00;2009-10-15T00:00:00+01:00;stad;verkeer;3
NL10636_cymeen_lucht;NL10636;cymeen;lucht;1997-02-17T00:00:00+01:00;2009-10-15T00:00:00+01:00;stad;verkeer;3
NL10636_decaan_lucht;NL10636;decaan;lucht;1997-02-17T00:00:00+01:00;2009-10-15T00:00:00+01:00;stad;verkeer;3
NL10636_dodecaan_lucht;NL10636;dodecaan;lucht;1997-02-17T00:00:00+01:00;2009-10-15T00:00:00+01:00;stad;verkeer;3
NL10636_ethylbenzeen_lucht;NL10636;ethylbenzeen;lucht;1997-02-17T00:00:00+01:00;2009-10-15T00:00:00+01:00;stad;verkeer;3
NL10636_fenol_lucht;NL10636;fenol;lucht;1997-02-17T00:00:00+01:00;2009-10-15T00:00:00+01:00;stad;verkeer;3
NL10636_hexadecaan_lucht;NL10636;hexadecaan;lucht;1997-02-17T00:00:00+01:00;2009-10-15T00:00:00+01:00;stad;verkeer;3
NL10636_limoneen_lucht;NL10636;limoneen;lucht;1997-02-17T00:00:00+01:00;2009-10-15T00:00:00+01:00;stad;verkeer;3
NL10636_m-xyleen_lucht;NL10636;m-xyleen;lucht;1997-02-17T00:00:00+01:00;2009-10-15T00:00:00+01:00;stad;verkeer;3
NL10636_n-heptaan_lucht;NL10636;n-heptaan;lucht;1997-02-17T00:00:00+01:00;2009-10-15T00:00:00+01:00;stad;verkeer;3
NL10636_n-hexaan_lucht;NL10636;n-hexaan;lucht;1997-02-17T00:00:00+01:00;2009-10-15T00:00:00+01:00;stad;verkeer;3
NL10636_n-octaan_lucht;NL10636;n-octaan;lucht;1997-02-17T00:00:00+01:00;2009-10-15T00:00:00+01:00;stad;verkeer;3
NL10636_naftaleen_lucht;NL10636;naftaleen;lucht;1997-02-17T00:00:00+01:00;2009-10-15T00:00:00+01:00;stad;verkeer;3
NL10636_nonaan_lucht;NL10636;nonaan;lucht;1997-02-17T00:00:00+01:00;2009-10-15T00:00:00+01:00;stad;verkeer;3
NL10636_orthoxyleen_lucht;NL10636;orthoxyleen;lucht;1997-02-17T00:00:00+01:00;2009-10-15T00:00:00+01:00;stad;verkeer;3
NL10636_p-xyleen_lucht;NL10636;p-xyleen;lucht;1997-02-17T00:00:00+01:00;2009-10-15T00:00:00+01:00;stad;verkeer;3
NL10636_pentadecaan_lucht;NL10636;pentadecaan;lucht;1997-02-17T00:00:00+01:00;2009-10-15T00:00:00+01:00;stad;verkeer;3
NL10636_propylbenzeen_lucht;NL10636;propylbenzeen;lucht;1997-02-17T00:00:00+01:00;2009-10-15T00:00:00+01:00;stad;verkeer;3
NL10636_styreen_lucht;NL10636;styreen;lucht;1997-02-17T00:00:00+01:00;2009-10-15T00:00:00+01:00;stad;verkeer;3
NL10636_tetrachleteen_lucht;NL10636;tetrachleteen;lucht;1997-02-17T00:00:00+01:00;2009-10-15T00:00:00+01:00;stad;verkeer;3
NL10636_tetrachlmetaan_lucht;NL10636;tetrachlmetaan;lucht;1997-02-17T00:00:00+01:00;2009-10-15T00:00:00+01:00;stad;verkeer;3
NL10636_tetradecaan_lucht;NL10636;tetradecaan;lucht;1997-02-17T00:00:00+01:00;2009-10-15T00:00:00+01:00;stad;verkeer;3
NL10636_tolueen_lucht;NL10636;tolueen;lucht;1997-02-17T00:00:00+01:00;2009-10-15T00:00:00+01:00;stad;verkeer;3
NL10636_trichleteen_lucht;NL10636;trichleteen;lucht;1997-02-17T00:00:00+01:00;2009-10-15T00:00:00+01:00;stad;verkeer;3
NL10636_trichlmetaan_lucht;NL10636;trichlmetaan;lucht;1997-02-17T00:00:00+01:00;2009-10-15T00:00:00+01:00;stad;verkeer;3
NL10636_tridecaan_lucht;NL10636;tridecaan;lucht;1997-02-17T00:00:00+01:00;2009-10-15T00:00:00+01:00;stad;verkeer;3
NL10636_undecaan_lucht;NL10636;undecaan;lucht;1997-02-17T00:00:00+01:00;2009-10-15T00:00:00+01:00;stad;verkeer;3
NL10637_CO_lucht;NL10637;CO;lucht;1987-11-05T00:00:00+01:00;2004-10-02T00:00:00+01:00;stad;verkeer;3
NL10637_NO2_lucht;NL10637;NO2;lucht;1987-11-09T00:00:00+01:00;2004-10-02T00:00:00+01:00;stad;verkeer;3
NL10637_NO_lucht;NL10637;NO;lucht;1987-11-09T00:00:00+01:00;2004-10-02T00:00:00+01:00;stad;verkeer;3
NL10637_NOx_lucht;NL10637;NOx;lucht;1987-11-09T00:00:00+01:00;2004-10-02T00:00:00+01:00;stad;verkeer;3
NL10637_O3_lucht;NL10637;O3;lucht;1987-11-05T00:00:00+01:00;1990-12-24T00:00:00+01:00;stad;verkeer;3
NL10637_Ox_lucht;NL10637;Ox;lucht;1987-11-09T00:00:00+01:00;1990-12-25T00:00:00+01:00;stad;verkeer;3
NL10637_ZWR_lucht;NL10637;ZWR;lucht;1988-12-31T00:00:00+01:00;2004-09-30T00:00:00+01:00;stad;verkeer;3
NL10638_111-trichletaan_lucht;NL10638;111-trichletaan;lucht;1997-03-31T00:00:00+01:00;2010-01-02T00:00:00+01:00;stad;verkeer;3
NL10638_112-trichletaan_lucht;NL10638;112-trichletaan;lucht;1997-03-31T00:00:00+01:00;2010-01-02T00:00:00+01:00;stad;verkeer;3
NL10638_12-dichlbenz_lucht;NL10638;12-dichlbenz;lucht;1997-03-31T00:00:00+01:00;2010-01-02T00:00:00+01:00;stad;verkeer;3
NL10638_12-dichletaan_lucht;NL10638;12-dichletaan;lucht;1997-03-31T00:00:00+01:00;2010-01-02T00:00:00+01:00;stad;verkeer;3
NL10638_12-dichlpropaan_lucht;NL10638;12-dichlpropaan;lucht;1997-03-31T00:00:00+01:00;2010-01-02T00:00:00+01:00;stad;verkeer;3
NL10638_123-trichlbenz_lucht;NL10638;123-trichlbenz;lucht;1997-03-31T00:00:00+01:00;2010-01-02T00:00:00+01:00;stad;verkeer;3
NL10638_123-trimetben_lucht;NL10638;123-trimetben;lucht;1997-03-31T00:00:00+01:00;2010-01-02T00:00:00+01:00;stad;verkeer;3
NL10638_124-trichlbenz_lucht;NL10638;124-trichlbenz;lucht;1997-03-31T00:00:00+01:00;2010-01-02T00:00:00+01:00;stad;verkeer;3
NL10638_124-trimetben_lucht;NL10638;124-trimetben;lucht;1997-03-31T00:00:00+01:00;2010-01-02T00:00:00+01:00;stad;verkeer;3
NL10638_13-dichlbenz_lucht;NL10638;13-dichlbenz;lucht;1997-03-31T00:00:00+01:00;2010-01-02T00:00:00+01:00;stad;verkeer;3
NL10638_135-trichlbenz_lucht;NL10638;135-trichlbenz;lucht;1997-03-31T00:00:00+01:00;2010-01-02T00:00:00+01:00;stad;verkeer;3
NL10638_135-trimetben_lucht;NL10638;135-trimetben;lucht;1997-03-31T00:00:00+01:00;2010-01-02T00:00:00+01:00;stad;verkeer;3
NL10638_14-dichlbenz_lucht;NL10638;14-dichlbenz;lucht;1997-03-31T00:00:00+01:00;2010-01-02T00:00:00+01:00;stad;verkeer;3
NL10638_2-ethyltolueen_lucht;NL10638;2-ethyltolueen;lucht;1997-03-31T00:00:00+01:00;2010-01-02T00:00:00+01:00;stad;verkeer;3
NL10638_2-methnaftaleen_lucht;NL10638;2-methnaftaleen;lucht;1997-03-31T00:00:00+01:00;2010-01-02T00:00:00+01:00;stad;verkeer;3
NL10638_3-ethyltolueen_lucht;NL10638;3-ethyltolueen;lucht;1997-03-31T00:00:00+01:00;2010-01-02T00:00:00+01:00;stad;verkeer;3
NL10638_4-ethyltolueen_lucht;NL10638;4-ethyltolueen;lucht;1997-03-31T00:00:00+01:00;2010-01-02T00:00:00+01:00;stad;verkeer;3
NL10638_CO_lucht;NL10638;CO;lucht;1987-10-01T00:00:00+01:00;2002-04-18T00:00:00+01:00;stad;verkeer;3
NL10638_NO2_lucht;NL10638;NO2;lucht;1987-10-02T00:00:00+01:00;2002-04-01T00:00:00+01:00;stad;verkeer;3
NL10638_NO_lucht;NL10638;NO;lucht;1987-10-02T00:00:00+01:00;2002-04-01T00:00:00+01:00;stad;verkeer;3
NL10638_NOx_lucht;NL10638;NOx;lucht;1987-10-02T00:00:00+01:00;2002-04-01T00:00:00+01:00;stad;verkeer;3
NL10638_O3_lucht;NL10638;O3;lucht;1987-10-01T00:00:00+01:00;2002-04-01T00:00:00+01:00;stad;verkeer;3
NL10638_Ox_lucht;NL10638;Ox;lucht;1987-10-08T00:00:00+01:00;2002-04-01T00:00:00+01:00;stad;verkeer;3
NL10638_SO2_lucht;NL10638;SO2;lucht;1987-10-02T00:00:00+01:00;2011-02-01T00:00:00+01:00;stad;verkeer;3
NL10638_ZWR_lucht;NL10638;ZWR;lucht;2003-08-24T00:00:00+01:00;2012-08-26T00:00:00+01:00;stad;verkeer;3
NL10638_benzeen_lucht;NL10638;benzeen;lucht;1997-03-31T00:00:00+01:00;2013-01-03T00:00:00+01:00;stad;verkeer;3
NL10638_butylbenzeen_lucht;NL10638;butylbenzeen;lucht;1997-03-31T00:00:00+01:00;2010-01-02T00:00:00+01:00;stad;verkeer;3
NL10638_chloorbenzeen_lucht;NL10638;chloorbenzeen;lucht;1997-03-31T00:00:00+01:00;2010-01-02T00:00:00+01:00;stad;verkeer;3
NL10638_cumeen_lucht;NL10638;cumeen;lucht;1997-03-31T00:00:00+01:00;2010-01-02T00:00:00+01:00;stad;verkeer;3
NL10638_cymeen_lucht;NL10638;cymeen;lucht;1997-03-31T00:00:00+01:00;2010-01-02T00:00:00+01:00;stad;verkeer;3
NL10638_decaan_lucht;NL10638;decaan;lucht;1997-03-31T00:00:00+01:00;2010-01-02T00:00:00+01:00;stad;verkeer;3
NL10638_dodecaan_lucht;NL10638;dodecaan;lucht;1997-03-31T00:00:00+01:00;2010-01-02T00:00:00+01:00;stad;verkeer;3
NL10638_ethylbenzeen_lucht;NL10638;ethylbenzeen;lucht;1997-03-31T00:00:00+01:00;2013-01-03T00:00:00+01:00;stad;verkeer;3
NL10638_fenol_lucht;NL10638;fenol;lucht;1997-03-31T00:00:00+01:00;2010-01-02T00:00:00+01:00;stad;verkeer;3
NL10638_hexadecaan_lucht;NL10638;hexadecaan;lucht;1997-03-31T00:00:00+01:00;2010-01-02T00:00:00+01:00;stad;verkeer;3
NL10638_limoneen_lucht;NL10638;limoneen;lucht;1997-03-31T00:00:00+01:00;2010-01-02T00:00:00+01:00;stad;verkeer;3
NL10638_m-xyleen_lucht;NL10638;m-xyleen;lucht;1997-03-31T00:00:00+01:00;2010-01-02T00:00:00+01:00;stad;verkeer;3
NL10638_meta-paraxyleen_lucht;NL10638;meta-paraxyleen;lucht;2010-04-01T00:00:00+01:00;2013-01-03T00:00:00+01:00;stad;verkeer;3
NL10638_n-heptaan_lucht;NL10638;n-heptaan;lucht;1997-03-31T00:00:00+01:00;2010-01-02T00:00:00+01:00;stad;verkeer;3
NL10638_n-hexaan_lucht;NL10638;n-hexaan;lucht;1997-03-31T00:00:00+01:00;2010-01-02T00:00:00+01:00;stad;verkeer;3
NL10638_n-octaan_lucht;NL10638;n-octaan;lucht;1997-03-31T00:00:00+01:00;2010-01-02T00:00:00+01:00;stad;verkeer;3
NL10638_naftaleen_lucht;NL10638;naftaleen;lucht;1997-03-31T00:00:00+01:00;2010-01-02T00:00:00+01:00;stad;verkeer;3
NL10638_nonaan_lucht;NL10638;nonaan;lucht;1997-03-31T00:00:00+01:00;2010-01-02T00:00:00+01:00;stad;verkeer;3
NL10638_orthoxyleen_lucht;NL10638;orthoxyleen;lucht;1997-03-31T00:00:00+01:00;2013-01-03T00:00:00+01:00;stad;verkeer;3
NL10638_p-xyleen_lucht;NL10638;p-xyleen;lucht;1997-03-31T00:00:00+01:00;2010-01-02T00:00:00+01:00;stad;verkeer;3
NL10638_pentadecaan_lucht;NL10638;pentadecaan;lucht;1997-03-31T00:00:00+01:00;2010-01-02T00:00:00+01:00;stad;verkeer;3
NL10638_propylbenzeen_lucht;NL10638;propylbenzeen;lucht;1997-03-31T00:00:00+01:00;2010-01-02T00:00:00+01:00;stad;verkeer;3
NL10638_styreen_lucht;NL10638;styreen;lucht;1997-03-31T00:00:00+01:00;2010-01-02T00:00:00+01:00;stad;verkeer;3
NL10638_tetrachleteen_lucht;NL10638;tetrachleteen;lucht;1997-03-31T00:00:00+01:00;2010-01-02T00:00:00+01:00;stad;verkeer;3
NL10638_tetrachlmetaan_lucht;NL10638;tetrachlmetaan;lucht;1997-03-31T00:00:00+01:00;2010-01-02T00:00:00+01:00;stad;verkeer;3
NL10638_tetradecaan_lucht;NL10638;tetradecaan;lucht;1997-03-31T00:00:00+01:00;2010-01-02T00:00:00+01:00;stad;verkeer;3
NL10638_tolueen_lucht;NL10638;tolueen;lucht;1997-03-31T00:00:00+01:00;2013-01-03T00:00:00+01:00;stad;verkeer;3
NL10638_trichleteen_lucht;NL10638;trichleteen;lucht;1997-03-31T00:00:00+01:00;2010-01-02T00:00:00+01:00;stad;verkeer;3
NL10638_trichlmetaan_lucht;NL10638;trichlmetaan;lucht;1997-03-31T00:00:00+01:00;2010-01-02T00:00:00+01:00;stad;verkeer;3
NL10638_tridecaan_lucht;NL10638;tridecaan;lucht;1997-03-31T00:00:00+01:00;2010-01-02T00:00:00+01:00;stad;verkeer;3
NL10638_undecaan_lucht;NL10638;undecaan;lucht;1997-03-31T00:00:00+01:00;2010-01-02T00:00:00+01:00;stad;verkeer;3
NL10639_111-trichletaan_lucht;NL10639;111-trichletaan;lucht;1992-08-02T00:00:00+01:00;2009-12-15T00:00:00+01:00;stad;verkeer;3
NL10639_112-trichletaan_lucht;NL10639;112-trichletaan;lucht;1992-08-02T00:00:00+01:00;2009-12-15T00:00:00+01:00;stad;verkeer;3
NL10639_12-dichlbenz_lucht;NL10639;12-dichlbenz;lucht;1992-08-02T00:00:00+01:00;2009-12-15T00:00:00+01:00;stad;verkeer;3
NL10639_12-dichletaan_lucht;NL10639;12-dichletaan;lucht;1992-08-02T00:00:00+01:00;2009-12-15T00:00:00+01:00;stad;verkeer;3
NL10639_12-dichlpropaan_lucht;NL10639;12-dichlpropaan;lucht;1992-08-02T00:00:00+01:00;2009-12-15T00:00:00+01:00;stad;verkeer;3
NL10639_123-trichlbenz_lucht;NL10639;123-trichlbenz;lucht;1992-08-02T00:00:00+01:00;2009-12-15T00:00:00+01:00;stad;verkeer;3
NL10639_123-trimetben_lucht;NL10639;123-trimetben;lucht;1992-08-02T00:00:00+01:00;2009-12-15T00:00:00+01:00;stad;verkeer;3
NL10639_124-trichlbenz_lucht;NL10639;124-trichlbenz;lucht;1992-08-02T00:00:00+01:00;2009-12-15T00:00:00+01:00;stad;verkeer;3
NL10639_124-trimetben_lucht;NL10639;124-trimetben;lucht;1992-08-02T00:00:00+01:00;2009-12-15T00:00:00+01:00;stad;verkeer;3
NL10639_13-dichlbenz_lucht;NL10639;13-dichlbenz;lucht;1992-08-02T00:00:00+01:00;2009-12-15T00:00:00+01:00;stad;verkeer;3
NL10639_135-trichlbenz_lucht;NL10639;135-trichlbenz;lucht;1992-08-02T00:00:00+01:00;2009-12-15T00:00:00+01:00;stad;verkeer;3
NL10639_135-trimetben_lucht;NL10639;135-trimetben;lucht;1992-08-02T00:00:00+01:00;2009-12-15T00:00:00+01:00;stad;verkeer;3
NL10639_14-dichlbenz_lucht;NL10639;14-dichlbenz;lucht;1992-08-02T00:00:00+01:00;2009-12-15T00:00:00+01:00;stad;verkeer;3
NL10639_2-ethyltolueen_lucht;NL10639;2-ethyltolueen;lucht;1992-08-02T00:00:00+01:00;2009-12-15T00:00:00+01:00;stad;verkeer;3
NL10639_2-methnaftaleen_lucht;NL10639;2-methnaftaleen;lucht;1992-08-02T00:00:00+01:00;2009-12-15T00:00:00+01:00;stad;verkeer;3
NL10639_3-ethyltolueen_lucht;NL10639;3-ethyltolueen;lucht;1992-08-02T00:00:00+01:00;2009-12-15T00:00:00+01:00;stad;verkeer;3
NL10639_4-ethyltolueen_lucht;NL10639;4-ethyltolueen;lucht;1992-08-02T00:00:00+01:00;2009-12-15T00:00:00+01:00;stad;verkeer;3
NL10639_CO_lucht;NL10639;CO;lucht;1987-11-18T00:00:00+01:00;2011-04-13T00:00:00+01:00;stad;verkeer;3
NL10639_NO2_lucht;NL10639;NO2;lucht;1987-10-08T00:00:00+01:00;;stad;verkeer;3
NL10639_NO_lucht;NL10639;NO;lucht;1987-10-08T00:00:00+01:00;;stad;verkeer;3
NL10639_NOx_lucht;NL10639;NOx;lucht;1987-10-08T00:00:00+01:00;;stad;verkeer;3
NL10639_O3_lucht;NL10639;O3;lucht;1987-10-01T00:00:00+01:00;;stad;verkeer;3
NL10639_Ox_lucht;NL10639;Ox;lucht;1987-10-08T00:00:00+01:00;;stad;verkeer;3
NL10639_PM10_lucht;NL10639;PM10;lucht;1992-09-01T00:00:00+01:00;;stad;verkeer;3
NL10639_ZWR_lucht;NL10639;ZWR;lucht;1998-09-25T00:00:00+01:00;2001-01-01T00:00:00+01:00;stad;verkeer;3
NL10639_benzeen_lucht;NL10639;benzeen;lucht;1992-08-02T00:00:00+01:00;2015-05-19T00:00:00+01:00;stad;verkeer;3
NL10639_butylbenzeen_lucht;NL10639;butylbenzeen;lucht;1992-08-02T00:00:00+01:00;2009-12-15T00:00:00+01:00;stad;verkeer;3
NL10639_chloorbenzeen_lucht;NL10639;chloorbenzeen;lucht;1992-08-02T00:00:00+01:00;2009-12-15T00:00:00+01:00;stad;verkeer;3
NL10639_cumeen_lucht;NL10639;cumeen;lucht;1992-08-02T00:00:00+01:00;2009-12-15T00:00:00+01:00;stad;verkeer;3
NL10639_cymeen_lucht;NL10639;cymeen;lucht;1992-08-02T00:00:00+01:00;2009-12-15T00:00:00+01:00;stad;verkeer;3
NL10639_decaan_lucht;NL10639;decaan;lucht;1992-08-02T00:00:00+01:00;2009-12-15T00:00:00+01:00;stad;verkeer;3
NL10639_dodecaan_lucht;NL10639;dodecaan;lucht;1992-08-02T00:00:00+01:00;2009-12-15T00:00:00+01:00;stad;verkeer;3
NL10639_ethylbenzeen_lucht;NL10639;ethylbenzeen;lucht;1992-08-02T00:00:00+01:00;2015-05-19T00:00:00+01:00;stad;verkeer;3
NL10639_fenol_lucht;NL10639;fenol;lucht;1992-08-02T00:00:00+01:00;2009-12-15T00:00:00+01:00;stad;verkeer;3
NL10639_hexadecaan_lucht;NL10639;hexadecaan;lucht;1992-08-02T00:00:00+01:00;2009-12-15T00:00:00+01:00;stad;verkeer;3
NL10639_limoneen_lucht;NL10639;limoneen;lucht;1992-08-02T00:00:00+01:00;2009-12-15T00:00:00+01:00;stad;verkeer;3
NL10639_m-xyleen_lucht;NL10639;m-xyleen;lucht;1992-08-02T00:00:00+01:00;2009-12-15T00:00:00+01:00;stad;verkeer;3
NL10639_meta-paraxyleen_lucht;NL10639;meta-paraxyleen;lucht;2013-01-15T00:00:00+01:00;2015-05-19T00:00:00+01:00;stad;verkeer;3
NL10639_n-heptaan_lucht;NL10639;n-heptaan;lucht;1992-08-02T00:00:00+01:00;2009-12-15T00:00:00+01:00;stad;verkeer;3
NL10639_n-hexaan_lucht;NL10639;n-hexaan;lucht;1992-08-02T00:00:00+01:00;2009-12-15T00:00:00+01:00;stad;verkeer;3
NL10639_n-octaan_lucht;NL10639;n-octaan;lucht;1992-08-02T00:00:00+01:00;2009-12-15T00:00:00+01:00;stad;verkeer;3
NL10639_naftaleen_lucht;NL10639;naftaleen;lucht;1992-08-02T00:00:00+01:00;2009-12-15T00:00:00+01:00;stad;verkeer;3
NL10639_nonaan_lucht;NL10639;nonaan;lucht;1992-08-02T00:00:00+01:00;2009-12-15T00:00:00+01:00;stad;verkeer;3
NL10639_orthoxyleen_lucht;NL10639;orthoxyleen;lucht;1992-08-02T00:00:00+01:00;2015-05-19T00:00:00+01:00;stad;verkeer;3
NL10639_p-xyleen_lucht;NL10639;p-xyleen;lucht;1992-08-02T00:00:00+01:00;2009-12-15T00:00:00+01:00;stad;verkeer;3
NL10639_pentadecaan_lucht;NL10639;pentadecaan;lucht;1992-08-02T00:00:00+01:00;2009-12-15T00:00:00+01:00;stad;verkeer;3
NL10639_propylbenzeen_lucht;NL10639;propylbenzeen;lucht;1992-08-02T00:00:00+01:00;2009-12-15T00:00:00+01:00;stad;verkeer;3
NL10639_styreen_lucht;NL10639;styreen;lucht;1992-08-02T00:00:00+01:00;2009-12-15T00:00:00+01:00;stad;verkeer;3
NL10639_tetrachleteen_lucht;NL10639;tetrachleteen;lucht;1992-08-02T00:00:00+01:00;2009-12-15T00:00:00+01:00;stad;verkeer;3
NL10639_tetrachlmetaan_lucht;NL10639;tetrachlmetaan;lucht;1992-08-02T00:00:00+01:00;2009-12-15T00:00:00+01:00;stad;verkeer;3
NL10639_tetradecaan_lucht;NL10639;tetradecaan;lucht;1992-08-02T00:00:00+01:00;2009-12-15T00:00:00+01:00;stad;verkeer;3
NL10639_tolueen_lucht;NL10639;tolueen;lucht;1992-08-02T00:00:00+01:00;2015-05-19T00:00:00+01:00;stad;verkeer;3
NL10639_trichleteen_lucht;NL10639;trichleteen;lucht;1992-08-02T00:00:00+01:00;2009-12-15T00:00:00+01:00;stad;verkeer;3
NL10639_trichlmetaan_lucht;NL10639;trichlmetaan;lucht;1992-08-02T00:00:00+01:00;2009-12-15T00:00:00+01:00;stad;verkeer;3
NL10639_tridecaan_lucht;NL10639;tridecaan;lucht;1992-08-02T00:00:00+01:00;2009-12-15T00:00:00+01:00;stad;verkeer;3
NL10639_undecaan_lucht;NL10639;undecaan;lucht;1992-08-02T00:00:00+01:00;2009-12-15T00:00:00+01:00;stad;verkeer;3
NL10640_111-trichletaan_lucht;NL10640;111-trichletaan;lucht;1997-05-26T00:00:00+01:00;2004-09-08T00:00:00+01:00;stad;achtergrond;3
NL10640_112-trichletaan_lucht;NL10640;112-trichletaan;lucht;1997-05-26T00:00:00+01:00;2004-09-08T00:00:00+01:00;stad;achtergrond;3
NL10640_12-dichlbenz_lucht;NL10640;12-dichlbenz;lucht;1997-05-26T00:00:00+01:00;2004-09-08T00:00:00+01:00;stad;achtergrond;3
NL10640_12-dichletaan_lucht;NL10640;12-dichletaan;lucht;1997-05-26T00:00:00+01:00;2004-09-08T00:00:00+01:00;stad;achtergrond;3
NL10640_12-dichlpropaan_lucht;NL10640;12-dichlpropaan;lucht;1997-05-26T00:00:00+01:00;2004-09-08T00:00:00+01:00;stad;achtergrond;3
NL10640_123-trichlbenz_lucht;NL10640;123-trichlbenz;lucht;1997-05-26T00:00:00+01:00;2004-09-08T00:00:00+01:00;stad;achtergrond;3
NL10640_123-trimetben_lucht;NL10640;123-trimetben;lucht;1997-05-26T00:00:00+01:00;2004-09-08T00:00:00+01:00;stad;achtergrond;3
NL10640_124-trichlbenz_lucht;NL10640;124-trichlbenz;lucht;1997-05-26T00:00:00+01:00;2004-09-08T00:00:00+01:00;stad;achtergrond;3
NL10640_124-trimetben_lucht;NL10640;124-trimetben;lucht;1997-05-26T00:00:00+01:00;2004-09-08T00:00:00+01:00;stad;achtergrond;3
NL10640_13-dichlbenz_lucht;NL10640;13-dichlbenz;lucht;1997-05-26T00:00:00+01:00;2004-09-08T00:00:00+01:00;stad;achtergrond;3
NL10640_135-trichlbenz_lucht;NL10640;135-trichlbenz;lucht;1997-05-26T00:00:00+01:00;2004-09-08T00:00:00+01:00;stad;achtergrond;3
NL10640_135-trimetben_lucht;NL10640;135-trimetben;lucht;1997-05-26T00:00:00+01:00;2004-09-08T00:00:00+01:00;stad;achtergrond;3
NL10640_14-dichlbenz_lucht;NL10640;14-dichlbenz;lucht;1997-05-26T00:00:00+01:00;2004-09-08T00:00:00+01:00;stad;achtergrond;3
NL10640_2-ethyltolueen_lucht;NL10640;2-ethyltolueen;lucht;1997-05-26T00:00:00+01:00;2004-09-08T00:00:00+01:00;stad;achtergrond;3
NL10640_2-methnaftaleen_lucht;NL10640;2-methnaftaleen;lucht;1997-05-26T00:00:00+01:00;2004-09-08T00:00:00+01:00;stad;achtergrond;3
NL10640_3-ethyltolueen_lucht;NL10640;3-ethyltolueen;lucht;1997-05-26T00:00:00+01:00;2004-09-08T00:00:00+01:00;stad;achtergrond;3
NL10640_4-ethyltolueen_lucht;NL10640;4-ethyltolueen;lucht;1997-05-26T00:00:00+01:00;2004-09-08T00:00:00+01:00;stad;achtergrond;3
NL10640_CO_lucht;NL10640;CO;lucht;1987-12-02T00:00:00+01:00;2004-10-02T00:00:00+01:00;stad;achtergrond;3
NL10640_NO2_lucht;NL10640;NO2;lucht;1987-12-03T00:00:00+01:00;2004-10-02T00:00:00+01:00;stad;achtergrond;3
NL10640_NO_lucht;NL10640;NO;lucht;1987-12-03T00:00:00+01:00;2004-10-02T00:00:00+01:00;stad;achtergrond;3
NL10640_NOx_lucht;NL10640;NOx;lucht;1987-12-03T00:00:00+01:00;2004-10-02T00:00:00+01:00;stad;achtergrond;3
NL10640_O3_lucht;NL10640;O3;lucht;1987-12-02T00:00:00+01:00;2005-01-01T00:00:00+01:00;stad;achtergrond;3
NL10640_Ox_lucht;NL10640;Ox;lucht;1987-12-03T00:00:00+01:00;2004-10-02T00:00:00+01:00;stad;achtergrond;3
NL10640_ZWR_lucht;NL10640;ZWR;lucht;1988-12-31T00:00:00+01:00;2004-09-30T00:00:00+01:00;stad;achtergrond;3
NL10640_benzeen_lucht;NL10640;benzeen;lucht;1997-05-26T00:00:00+01:00;2004-09-08T00:00:00+01:00;stad;achtergrond;3
NL10640_butylbenzeen_lucht;NL10640;butylbenzeen;lucht;1997-05-26T00:00:00+01:00;2004-09-08T00:00:00+01:00;stad;achtergrond;3
NL10640_chloorbenzeen_lucht;NL10640;chloorbenzeen;lucht;1997-05-26T00:00:00+01:00;2004-09-08T00:00:00+01:00;stad;achtergrond;3
NL10640_cumeen_lucht;NL10640;cumeen;lucht;1997-05-26T00:00:00+01:00;2004-09-08T00:00:00+01:00;stad;achtergrond;3
NL10640_cymeen_lucht;NL10640;cymeen;lucht;1997-05-26T00:00:00+01:00;2004-09-08T00:00:00+01:00;stad;achtergrond;3
NL10640_decaan_lucht;NL10640;decaan;lucht;1997-05-26T00:00:00+01:00;2004-09-08T00:00:00+01:00;stad;achtergrond;3
NL10640_dodecaan_lucht;NL10640;dodecaan;lucht;1997-05-26T00:00:00+01:00;2004-09-08T00:00:00+01:00;stad;achtergrond;3
NL10640_ethylbenzeen_lucht;NL10640;ethylbenzeen;lucht;1997-05-26T00:00:00+01:00;2004-09-08T00:00:00+01:00;stad;achtergrond;3
NL10640_fenol_lucht;NL10640;fenol;lucht;1997-05-26T00:00:00+01:00;2004-09-08T00:00:00+01:00;stad;achtergrond;3
NL10640_hexadecaan_lucht;NL10640;hexadecaan;lucht;1997-05-26T00:00:00+01:00;2004-09-08T00:00:00+01:00;stad;achtergrond;3
NL10640_limoneen_lucht;NL10640;limoneen;lucht;1997-05-26T00:00:00+01:00;2004-09-08T00:00:00+01:00;stad;achtergrond;3
NL10640_m-xyleen_lucht;NL10640;m-xyleen;lucht;1997-05-26T00:00:00+01:00;2004-09-08T00:00:00+01:00;stad;achtergrond;3
NL10640_n-heptaan_lucht;NL10640;n-heptaan;lucht;1997-05-26T00:00:00+01:00;2004-09-08T00:00:00+01:00;stad;achtergrond;3
NL10640_n-hexaan_lucht;NL10640;n-hexaan;lucht;1997-05-26T00:00:00+01:00;2004-09-08T00:00:00+01:00;stad;achtergrond;3
NL10640_n-octaan_lucht;NL10640;n-octaan;lucht;1997-05-26T00:00:00+01:00;2004-09-08T00:00:00+01:00;stad;achtergrond;3
NL10640_naftaleen_lucht;NL10640;naftaleen;lucht;1997-05-26T00:00:00+01:00;2004-09-08T00:00:00+01:00;stad;achtergrond;3
NL10640_nonaan_lucht;NL10640;nonaan;lucht;1997-05-26T00:00:00+01:00;2004-09-08T00:00:00+01:00;stad;achtergrond;3
NL10640_orthoxyleen_lucht;NL10640;orthoxyleen;lucht;1997-05-26T00:00:00+01:00;2004-09-08T00:00:00+01:00;stad;achtergrond;3
NL10640_p-xyleen_lucht;NL10640;p-xyleen;lucht;1997-05-26T00:00:00+01:00;2004-09-08T00:00:00+01:00;stad;achtergrond;3
NL10640_pentadecaan_lucht;NL10640;pentadecaan;lucht;1997-05-26T00:00:00+01:00;2004-09-08T00:00:00+01:00;stad;achtergrond;3
NL10640_propylbenzeen_lucht;NL10640;propylbenzeen;lucht;1997-05-26T00:00:00+01:00;2004-09-08T00:00:00+01:00;stad;achtergrond;3
NL10640_styreen_lucht;NL10640;styreen;lucht;1997-05-26T00:00:00+01:00;2004-09-08T00:00:00+01:00;stad;achtergrond;3
NL10640_tetrachleteen_lucht;NL10640;tetrachleteen;lucht;1997-05-26T00:00:00+01:00;2004-09-08T00:00:00+01:00;stad;achtergrond;3
NL10640_tetrachlmetaan_lucht;NL10640;tetrachlmetaan;lucht;1997-05-26T00:00:00+01:00;2004-09-08T00:00:00+01:00;stad;achtergrond;3
NL10640_tetradecaan_lucht;NL10640;tetradecaan;lucht;1997-05-26T00:00:00+01:00;2004-09-08T00:00:00+01:00;stad;achtergrond;3
NL10640_tolueen_lucht;NL10640;tolueen;lucht;1997-05-26T00:00:00+01:00;2004-09-08T00:00:00+01:00;stad;achtergrond;3
NL10640_trichleteen_lucht;NL10640;trichleteen;lucht;1997-05-26T00:00:00+01:00;2004-09-08T00:00:00+01:00;stad;achtergrond;3
NL10640_trichlmetaan_lucht;NL10640;trichlmetaan;lucht;1997-05-26T00:00:00+01:00;2004-09-08T00:00:00+01:00;stad;achtergrond;3
NL10640_tridecaan_lucht;NL10640;tridecaan;lucht;1997-05-26T00:00:00+01:00;2004-09-08T00:00:00+01:00;stad;achtergrond;3
NL10640_undecaan_lucht;NL10640;undecaan;lucht;1997-05-26T00:00:00+01:00;2004-09-08T00:00:00+01:00;stad;achtergrond;3
NL10641_BC_lucht;NL10641;BC;lucht;2015-04-21T00:00:00+01:00;2026-02-06T00:00:00+01:00;regionaal;verkeer;3
NL10641_BC_lucht;NL10641;BC;lucht;2026-02-05T00:00:00+01:00;;regionaal;verkeer;
NL10641_BCwb_lucht;NL10641;BCwb;lucht;2026-02-05T00:00:00+01:00;;regionaal;verkeer;
NL10641_CO_lucht;NL10641;CO;lucht;1994-01-01T00:00:00+01:00;2011-05-19T00:00:00+01:00;stad;verkeer;3
NL10641_NO2_lucht;NL10641;NO2;lucht;1994-05-18T00:00:00+01:00;;regionaal;verkeer;3
NL10641_NO_lucht;NL10641;NO;lucht;1994-05-18T00:00:00+01:00;;regionaal;verkeer;3
NL10641_NOx_lucht;NL10641;NOx;lucht;1994-05-18T00:00:00+01:00;;regionaal;verkeer;3
NL10641_O3_lucht;NL10641;O3;lucht;1994-05-18T00:00:00+01:00;;regionaal;verkeer;3
NL10641_Ox_lucht;NL10641;Ox;lucht;1994-05-18T00:00:00+01:00;;regionaal;verkeer;3
NL10641_PM10_lucht;NL10641;PM10;lucht;1993-09-01T00:00:00+01:00;;regionaal;verkeer;3
NL10641_PM2.5_lucht;NL10641;PM2.5;lucht;2008-09-01T00:00:00+01:00;;regionaal;verkeer;3
NL10641_SO2_lucht;NL10641;SO2;lucht;1994-05-17T00:00:00+01:00;2012-01-01T00:00:00+01:00;stad;verkeer;3
NL10641_ZWR_lucht;NL10641;ZWR;lucht;2009-05-15T00:00:00+01:00;2013-12-22T00:00:00+01:00;regionaal;verkeer;3
NL10643_1-buteen_lucht;NL10643;1-buteen;lucht;2011-12-01T00:00:00+01:00;;stad;achtergrond;3
NL10643_1-penteen_lucht;NL10643;1-penteen;lucht;2011-12-01T00:00:00+01:00;;stad;achtergrond;3
NL10643_123-trimetben_lucht;NL10643;123-trimetben;lucht;2011-12-01T00:00:00+01:00;;stad;achtergrond;3
NL10643_124-trimetben_lucht;NL10643;124-trimetben;lucht;2011-12-01T00:00:00+01:00;;stad;achtergrond;3
NL10643_13-butadieen_lucht;NL10643;13-butadieen;lucht;2011-12-01T00:00:00+01:00;;stad;achtergrond;3
NL10643_135-trimetben_lucht;NL10643;135-trimetben;lucht;2011-12-01T00:00:00+01:00;;stad;achtergrond;3
NL10643_2-penteen_lucht;NL10643;2-penteen;lucht;2011-12-01T00:00:00+01:00;;stad;achtergrond;3
NL10643_NO2_lucht;NL10643;NO2;lucht;2013-01-04T00:00:00+01:00;;stad;achtergrond;3
NL10643_NO_lucht;NL10643;NO;lucht;2013-01-04T00:00:00+01:00;;stad;achtergrond;3
NL10643_NOx_lucht;NL10643;NOx;lucht;2013-01-04T00:00:00+01:00;;stad;achtergrond;3
NL10643_O3_lucht;NL10643;O3;lucht;2011-02-18T00:00:00+01:00;;voorstad;achtergrond;3
NL10643_Ox_lucht;NL10643;Ox;lucht;2013-01-03T00:00:00+01:00;;stad;achtergrond;3
NL10643_PM2.5_lucht;NL10643;PM2.5;lucht;2008-09-01T00:00:00+01:00;;stad;achtergrond;3
NL10643_acetyleen_lucht;NL10643;acetyleen;lucht;2011-12-01T00:00:00+01:00;;stad;achtergrond;3
NL10643_benzeen_lucht;NL10643;benzeen;lucht;2011-12-01T00:00:00+01:00;;stad;achtergrond;3
NL10643_cis-2-buteen_lucht;NL10643;cis-2-buteen;lucht;2011-12-01T00:00:00+01:00;;stad;achtergrond;3
NL10643_ethaan_lucht;NL10643;ethaan;lucht;2011-12-01T00:00:00+01:00;;stad;achtergrond;3
NL10643_ethylbenzeen_lucht;NL10643;ethylbenzeen;lucht;2011-12-01T00:00:00+01:00;;stad;achtergrond;3
NL10643_ethyleen_lucht;NL10643;ethyleen;lucht;2011-12-01T00:00:00+01:00;;stad;achtergrond;3
NL10643_i-butaan_lucht;NL10643;i-butaan;lucht;2011-12-01T00:00:00+01:00;;stad;achtergrond;3
NL10643_i-hexaan_lucht;NL10643;i-hexaan;lucht;2011-12-01T00:00:00+01:00;;stad;achtergrond;3
NL10643_i-octaan_lucht;NL10643;i-octaan;lucht;2011-12-01T00:00:00+01:00;;stad;achtergrond;3
NL10643_i-pentaan_lucht;NL10643;i-pentaan;lucht;2011-12-01T00:00:00+01:00;;stad;achtergrond;3
NL10643_isopreen_lucht;NL10643;isopreen;lucht;2011-12-01T00:00:00+01:00;;stad;achtergrond;3
NL10643_meta-paraxyleen_lucht;NL10643;meta-paraxyleen;lucht;2011-12-01T00:00:00+01:00;;stad;achtergrond;3
NL10643_n-butaan_lucht;NL10643;n-butaan;lucht;2011-12-01T00:00:00+01:00;;stad;achtergrond;3
NL10643_n-heptaan_lucht;NL10643;n-heptaan;lucht;2011-12-01T00:00:00+01:00;;stad;achtergrond;3
NL10643_n-hexaan_lucht;NL10643;n-hexaan;lucht;2011-12-01T00:00:00+01:00;;stad;achtergrond;3
NL10643_n-octaan_lucht;NL10643;n-octaan;lucht;2011-12-01T00:00:00+01:00;;stad;achtergrond;3
NL10643_n-pentaan_lucht;NL10643;n-pentaan;lucht;2011-12-01T00:00:00+01:00;;stad;achtergrond;3
NL10643_orthoxyleen_lucht;NL10643;orthoxyleen;lucht;2011-12-01T00:00:00+01:00;;stad;achtergrond;3
NL10643_propaan_lucht;NL10643;propaan;lucht;2011-12-01T00:00:00+01:00;;stad;achtergrond;3
NL10643_propeen_lucht;NL10643;propeen;lucht;2011-12-01T00:00:00+01:00;;stad;achtergrond;3
NL10643_tolueen_lucht;NL10643;tolueen;lucht;2011-12-01T00:00:00+01:00;;stad;achtergrond;3
NL10643_trans-2-buteen_lucht;NL10643;trans-2-buteen;lucht;2011-12-01T00:00:00+01:00;;stad;achtergrond;3
NL10644_As_pm25_aerosol;NL10644;As;pm25_aerosol;2012-01-01T00:00:00+01:00;;regionaal;achtergrond;3
NL10644_BC_lucht;NL10644;BC;lucht;2017-05-10T00:00:00+01:00;2026-03-04T00:00:00+01:00;regionaal;achtergrond;3
NL10644_BC_lucht;NL10644;BC;lucht;2026-03-03T00:00:00+01:00;;regionaal;achtergrond;
NL10644_BCwb_lucht;NL10644;BCwb;lucht;2026-03-03T00:00:00+01:00;;regionaal;achtergrond;
NL10644_CO_lucht;NL10644;CO;lucht;2012-01-23T00:00:00+01:00;2020-02-22T00:00:00+01:00;regionaal;achtergrond;3
NL10644_Ca_pm25_aerosol;NL10644;Ca;pm25_aerosol;2012-01-01T00:00:00+01:00;;regionaal;achtergrond;3
NL10644_Cd_pm25_aerosol;NL10644;Cd;pm25_aerosol;2012-01-01T00:00:00+01:00;;regionaal;achtergrond;3
NL10644_Cl_pm25_aerosol;NL10644;Cl;pm25_aerosol;2012-01-01T00:00:00+01:00;;regionaal;achtergrond;3
NL10644_EC_pm25_aerosol;NL10644;EC;pm25_aerosol;2012-01-01T00:00:00+01:00;;regionaal;achtergrond;3
NL10644_EC_unc_pm25_aerosol;NL10644;EC_unc;pm25_aerosol;2012-01-01T00:00:00+01:00;;regionaal;achtergrond;3
NL10644_K_pm25_aerosol;NL10644;K;pm25_aerosol;2012-01-01T00:00:00+01:00;;regionaal;achtergrond;3
NL10644_Mg_pm25_aerosol;NL10644;Mg;pm25_aerosol;2012-01-01T00:00:00+01:00;;regionaal;achtergrond;3
NL10644_NH4_pm25_aerosol;NL10644;NH4;pm25_aerosol;2012-01-01T00:00:00+01:00;;regionaal;achtergrond;3
NL10644_NO2_lucht;NL10644;NO2;lucht;2011-03-28T00:00:00+01:00;;regionaal;achtergrond;3
NL10644_NO3_pm25_aerosol;NL10644;NO3;pm25_aerosol;2012-01-01T00:00:00+01:00;;regionaal;achtergrond;3
NL10644_NO_lucht;NL10644;NO;lucht;2011-03-28T00:00:00+01:00;;regionaal;achtergrond;3
NL10644_NOx_lucht;NL10644;NOx;lucht;2011-03-28T00:00:00+01:00;;regionaal;achtergrond;3
NL10644_Na_pm25_aerosol;NL10644;Na;pm25_aerosol;2012-01-01T00:00:00+01:00;;regionaal;achtergrond;3
NL10644_Ni_pm25_aerosol;NL10644;Ni;pm25_aerosol;2012-01-01T00:00:00+01:00;;regionaal;achtergrond;3
NL10644_O3_lucht;NL10644;O3;lucht;2011-03-24T00:00:00+01:00;;regionaal;achtergrond;3
NL10644_OC_fra1_pm25_aerosol;NL10644;OC_fra1;pm25_aerosol;2012-01-01T00:00:00+01:00;;regionaal;achtergrond;3
NL10644_OC_fra2_pm25_aerosol;NL10644;OC_fra2;pm25_aerosol;2012-01-01T00:00:00+01:00;;regionaal;achtergrond;3
NL10644_OC_fra3_pm25_aerosol;NL10644;OC_fra3;pm25_aerosol;2012-01-01T00:00:00+01:00;;regionaal;achtergrond;3
NL10644_OC_fra4_pm25_aerosol;NL10644;OC_fra4;pm25_aerosol;2012-01-01T00:00:00+01:00;;regionaal;achtergrond;3
NL10644_OC_pm25_aerosol;NL10644;OC;pm25_aerosol;2012-01-01T00:00:00+01:00;;regionaal;achtergrond;3
NL10644_OC_pyr_pm25_aerosol;NL10644;OC_pyr;pm25_aerosol;2012-01-01T00:00:00+01:00;;regionaal;achtergrond;3
NL10644_OC_unc_pm25_aerosol;NL10644;OC_unc;pm25_aerosol;2012-01-01T00:00:00+01:00;;regionaal;achtergrond;3
NL10644_Ox_lucht;NL10644;Ox;lucht;2011-03-31T00:00:00+01:00;;regionaal;achtergrond;3
NL10644_PM10_lucht;NL10644;PM10;lucht;2012-05-07T00:00:00+01:00;;regionaal;achtergrond;3
NL10644_PM2.5_lucht;NL10644;PM2.5;lucht;2012-01-01T00:00:00+01:00;;regionaal;achtergrond;3
NL10644_Pb_pm25_aerosol;NL10644;Pb;pm25_aerosol;2012-01-01T00:00:00+01:00;;regionaal;achtergrond;3
NL10644_SO2_lucht;NL10644;SO2;lucht;2011-03-28T00:00:00+01:00;;regionaal;achtergrond;3
NL10644_SO4_pm25_aerosol;NL10644;SO4;pm25_aerosol;2012-01-01T00:00:00+01:00;;regionaal;achtergrond;3
NL10644_TC_pm25_aerosol;NL10644;TC;pm25_aerosol;2012-01-01T00:00:00+01:00;;regionaal;achtergrond;3
NL10644_TC_unc_pm25_aerosol;NL10644;TC_unc;pm25_aerosol;2012-01-01T00:00:00+01:00;;regionaal;achtergrond;3
NL10644_Zn_pm25_aerosol;NL10644;Zn;pm25_aerosol;2012-01-01T00:00:00+01:00;;regionaal;achtergrond;3
NL10701_SO2_lucht;NL10701;SO2;lucht;1976-04-03T00:00:00+01:00;1986-04-01T00:00:00+01:00;regionaal;achtergrond;3
NL10703_NO2_lucht;NL10703;NO2;lucht;1993-01-01T00:00:00+01:00;1993-12-31T00:00:00+01:00;regionaal;achtergrond;3
NL10703_NO_lucht;NL10703;NO;lucht;1993-01-01T00:00:00+01:00;1993-12-31T00:00:00+01:00;regionaal;achtergrond;3
NL10703_NOx_lucht;NL10703;NOx;lucht;1993-01-01T00:00:00+01:00;1993-12-31T00:00:00+01:00;regionaal;achtergrond;3
NL10703_O3_lucht;NL10703;O3;lucht;1993-01-08T00:00:00+01:00;1993-12-31T00:00:00+01:00;regionaal;achtergrond;3
NL10703_Ox_lucht;NL10703;Ox;lucht;1993-01-08T00:00:00+01:00;1993-12-31T00:00:00+01:00;regionaal;achtergrond;3
NL10703_SO2_lucht;NL10703;SO2;lucht;1976-04-03T00:00:00+01:00;1993-12-31T00:00:00+01:00;regionaal;achtergrond;3
NL10704_NO2_lucht;NL10704;NO2;lucht;1977-12-16T00:00:00+01:00;1993-04-23T00:00:00+01:00;regionaal;achtergrond;3
NL10704_NO_lucht;NL10704;NO;lucht;1977-12-16T00:00:00+01:00;1993-04-23T00:00:00+01:00;regionaal;achtergrond;3
NL10704_NOx_lucht;NL10704;NOx;lucht;1977-12-16T00:00:00+01:00;1993-04-23T00:00:00+01:00;regionaal;achtergrond;3
NL10704_O3_lucht;NL10704;O3;lucht;1977-12-10T00:00:00+01:00;1993-04-23T00:00:00+01:00;regionaal;achtergrond;3
NL10704_Ox_lucht;NL10704;Ox;lucht;1977-12-16T00:00:00+01:00;1993-04-23T00:00:00+01:00;regionaal;achtergrond;3
NL10704_SO2_lucht;NL10704;SO2;lucht;1976-04-03T00:00:00+01:00;1993-05-01T00:00:00+01:00;regionaal;achtergrond;3
NL10705_SO2_lucht;NL10705;SO2;lucht;1976-04-03T00:00:00+01:00;1985-01-01T00:00:00+01:00;regionaal;achtergrond;3
NL10706_SO2_lucht;NL10706;SO2;lucht;1976-04-03T00:00:00+01:00;1986-04-01T00:00:00+01:00;regionaal;achtergrond;3
NL10707_SO2_lucht;NL10707;SO2;lucht;1976-04-03T00:00:00+01:00;1986-04-01T00:00:00+01:00;regionaal;achtergrond;3
NL10708_SO2_lucht;NL10708;SO2;lucht;1976-04-03T00:00:00+01:00;1986-04-01T00:00:00+01:00;regionaal;achtergrond;3
NL10709_SO2_lucht;NL10709;SO2;lucht;1976-04-03T00:00:00+01:00;1985-01-01T00:00:00+01:00;regionaal;achtergrond;3
NL10710_SO2_lucht;NL10710;SO2;lucht;1976-04-03T00:00:00+01:00;1985-01-01T00:00:00+01:00;stad;verkeer;3
NL10711_SO2_lucht;NL10711;SO2;lucht;1976-04-03T00:00:00+01:00;1985-01-01T00:00:00+01:00;stad;verkeer;3
NL10712_SO2_lucht;NL10712;SO2;lucht;1976-04-03T00:00:00+01:00;1985-01-01T00:00:00+01:00;stad;verkeer;3
NL10713_SO2_lucht;NL10713;SO2;lucht;1976-04-03T00:00:00+01:00;1985-01-01T00:00:00+01:00;regionaal;achtergrond;3
NL10714_SO2_lucht;NL10714;SO2;lucht;1976-04-04T00:00:00+01:00;1993-12-31T00:00:00+01:00;regionaal;achtergrond;3
NL10715_CO_lucht;NL10715;CO;lucht;1977-12-18T00:00:00+01:00;1986-04-02T00:00:00+01:00;regionaal;achtergrond;3
NL10715_NO2_lucht;NL10715;NO2;lucht;1977-12-02T00:00:00+01:00;1986-04-01T00:00:00+01:00;regionaal;achtergrond;3
NL10715_NO_lucht;NL10715;NO;lucht;1977-12-02T00:00:00+01:00;1986-04-01T00:00:00+01:00;regionaal;achtergrond;3
NL10715_NOx_lucht;NL10715;NOx;lucht;1977-12-02T00:00:00+01:00;1986-04-01T00:00:00+01:00;regionaal;achtergrond;3
NL10715_O3_lucht;NL10715;O3;lucht;1977-12-17T00:00:00+01:00;1986-04-01T00:00:00+01:00;regionaal;achtergrond;3
NL10715_Ox_lucht;NL10715;Ox;lucht;1977-12-17T00:00:00+01:00;1986-04-01T00:00:00+01:00;regionaal;achtergrond;3
NL10715_SO2_lucht;NL10715;SO2;lucht;1977-05-20T00:00:00+01:00;1986-04-01T00:00:00+01:00;regionaal;achtergrond;3
NL10716_NO2_lucht;NL10716;NO2;lucht;1977-12-02T00:00:00+01:00;1985-01-01T00:00:00+01:00;regionaal;achtergrond;3
NL10716_NO_lucht;NL10716;NO;lucht;1977-12-02T00:00:00+01:00;1985-01-01T00:00:00+01:00;regionaal;achtergrond;3
NL10716_NOx_lucht;NL10716;NOx;lucht;1977-12-02T00:00:00+01:00;1985-01-01T00:00:00+01:00;regionaal;achtergrond;3
NL10716_SO2_lucht;NL10716;SO2;lucht;1977-10-20T00:00:00+01:00;1993-12-31T00:00:00+01:00;regionaal;achtergrond;3
NL10717_CO_lucht;NL10717;CO;lucht;1977-07-21T00:00:00+01:00;1985-01-02T00:00:00+01:00;regionaal;achtergrond;3
NL10717_NO2_lucht;NL10717;NO2;lucht;1977-12-12T00:00:00+01:00;1985-01-01T00:00:00+01:00;regionaal;achtergrond;3
NL10717_NO_lucht;NL10717;NO;lucht;1977-12-12T00:00:00+01:00;1985-01-01T00:00:00+01:00;regionaal;achtergrond;3
NL10717_NOx_lucht;NL10717;NOx;lucht;1977-12-12T00:00:00+01:00;1985-01-01T00:00:00+01:00;regionaal;achtergrond;3
NL10717_O3_lucht;NL10717;O3;lucht;1977-12-16T00:00:00+01:00;1985-01-01T00:00:00+01:00;regionaal;achtergrond;3
NL10717_Ox_lucht;NL10717;Ox;lucht;1977-12-12T00:00:00+01:00;1985-01-01T00:00:00+01:00;regionaal;achtergrond;3
NL10717_SO2_lucht;NL10717;SO2;lucht;1976-04-03T00:00:00+01:00;1993-12-31T00:00:00+01:00;regionaal;achtergrond;3
NL10718_SO2_lucht;NL10718;SO2;lucht;1976-04-03T00:00:00+01:00;1985-01-01T00:00:00+01:00;regionaal;achtergrond;3
NL10719_SO2_lucht;NL10719;SO2;lucht;1976-04-03T00:00:00+01:00;1985-01-01T00:00:00+01:00;regionaal;achtergrond;3
NL10720_CO_lucht;NL10720;CO;lucht;1986-07-09T00:00:00+01:00;1989-01-02T00:00:00+01:00;stad;verkeer;3
NL10720_NO2_lucht;NL10720;NO2;lucht;1977-12-03T00:00:00+01:00;1992-01-01T00:00:00+01:00;stad;verkeer;3
NL10720_NO_lucht;NL10720;NO;lucht;1977-12-03T00:00:00+01:00;1992-01-01T00:00:00+01:00;stad;verkeer;3
NL10720_NOx_lucht;NL10720;NOx;lucht;1977-12-03T00:00:00+01:00;1992-01-01T00:00:00+01:00;stad;verkeer;3
NL10720_O3_lucht;NL10720;O3;lucht;1986-07-08T00:00:00+01:00;1989-01-01T00:00:00+01:00;stad;verkeer;3
NL10720_Ox_lucht;NL10720;Ox;lucht;1986-07-08T00:00:00+01:00;1989-01-02T00:00:00+01:00;stad;verkeer;3
NL10720_SO2_lucht;NL10720;SO2;lucht;1976-04-03T00:00:00+01:00;1992-01-01T00:00:00+01:00;stad;verkeer;3
NL10721_SO2_lucht;NL10721;SO2;lucht;1976-04-03T00:00:00+01:00;1986-04-01T00:00:00+01:00;regionaal;achtergrond;3
NL10722_As_aerosol;NL10722;As;aerosol;1987-01-01T00:00:00+01:00;2008-01-01T00:00:00+01:00;regionaal;achtergrond;3
NL10722_Br_aerosol;NL10722;Br;aerosol;1987-01-01T00:00:00+01:00;1988-01-01T00:00:00+01:00;regionaal;achtergrond;3
NL10722_CO_lucht;NL10722;CO;lucht;1986-04-02T00:00:00+01:00;1993-01-01T00:00:00+01:00;regionaal;achtergrond;3
NL10722_Ca_aerosol;NL10722;Ca;aerosol;1987-01-01T00:00:00+01:00;2008-01-01T00:00:00+01:00;regionaal;achtergrond;3
NL10722_Cd_aerosol;NL10722;Cd;aerosol;1987-01-01T00:00:00+01:00;2008-01-01T00:00:00+01:00;regionaal;achtergrond;3
NL10722_Cl_aerosol;NL10722;Cl;aerosol;1987-01-01T00:00:00+01:00;1987-09-01T00:00:00+01:00;regionaal;achtergrond;3
NL10722_Cr_aerosol;NL10722;Cr;aerosol;1987-01-01T00:00:00+01:00;1988-01-01T00:00:00+01:00;regionaal;achtergrond;3
NL10722_Cu_aerosol;NL10722;Cu;aerosol;1987-01-01T00:00:00+01:00;1988-01-01T00:00:00+01:00;regionaal;achtergrond;3
NL10722_Fe_aerosol;NL10722;Fe;aerosol;1987-01-01T00:00:00+01:00;1988-01-01T00:00:00+01:00;regionaal;achtergrond;3
NL10722_NH3_lucht;NL10722;NH3;lucht;1992-08-18T00:00:00+01:00;2014-04-10T00:00:00+01:00;regionaal;achtergrond;3
NL10722_NH4_aerosol;NL10722;NH4;aerosol;1987-01-01T00:00:00+01:00;1987-09-01T00:00:00+01:00;regionaal;achtergrond;3
NL10722_NO2_lucht;NL10722;NO2;lucht;1986-04-02T00:00:00+01:00;;regionaal;achtergrond;3
NL10722_NO3_aerosol;NL10722;NO3;aerosol;1987-01-01T00:00:00+01:00;1987-09-01T00:00:00+01:00;regionaal;achtergrond;3
NL10722_NO_lucht;NL10722;NO;lucht;1986-04-02T00:00:00+01:00;;regionaal;achtergrond;3
NL10722_NOx_lucht;NL10722;NOx;lucht;1986-04-02T00:00:00+01:00;;regionaal;achtergrond;3
NL10722_Ni_aerosol;NL10722;Ni;aerosol;1987-01-01T00:00:00+01:00;2008-01-01T00:00:00+01:00;regionaal;achtergrond;3
NL10722_O3_lucht;NL10722;O3;lucht;1986-04-02T00:00:00+01:00;;regionaal;achtergrond;3
NL10722_Ox_lucht;NL10722;Ox;lucht;1986-04-02T00:00:00+01:00;;regionaal;achtergrond;3
NL10722_PM10_lucht;NL10722;PM10;lucht;1992-03-01T00:00:00+01:00;;regionaal;achtergrond;3
NL10722_Pb_aerosol;NL10722;Pb;aerosol;1987-01-01T00:00:00+01:00;2008-01-01T00:00:00+01:00;regionaal;achtergrond;3
NL10722_SO2_lucht;NL10722;SO2;lucht;1986-04-02T00:00:00+01:00;;regionaal;achtergrond;3
NL10722_SO4_aerosol;NL10722;SO4;aerosol;1987-01-01T00:00:00+01:00;1987-09-01T00:00:00+01:00;regionaal;achtergrond;3
NL10722_S_aerosol;NL10722;S;aerosol;1987-01-01T00:00:00+01:00;1988-01-01T00:00:00+01:00;regionaal;achtergrond;3
NL10722_ZWR_lucht;NL10722;ZWR;lucht;1984-03-31T00:00:00+01:00;2009-04-21T00:00:00+01:00;regionaal;achtergrond;3
NL10722_Zn_aerosol;NL10722;Zn;aerosol;1987-01-01T00:00:00+01:00;2008-01-01T00:00:00+01:00;regionaal;achtergrond;3
NL10724_CO_lucht;NL10724;CO;lucht;1987-03-19T00:00:00+01:00;1989-01-02T00:00:00+01:00;regionaal;achtergrond;3
NL10724_NO2_lucht;NL10724;NO2;lucht;1987-03-19T00:00:00+01:00;2002-04-23T00:00:00+01:00;regionaal;achtergrond;3
NL10724_NO_lucht;NL10724;NO;lucht;1987-03-19T00:00:00+01:00;2002-04-23T00:00:00+01:00;regionaal;achtergrond;3
NL10724_NOx_lucht;NL10724;NOx;lucht;1987-03-19T00:00:00+01:00;2002-04-23T00:00:00+01:00;regionaal;achtergrond;3
NL10724_O3_lucht;NL10724;O3;lucht;1987-03-19T00:00:00+01:00;2002-04-23T00:00:00+01:00;regionaal;achtergrond;3
NL10724_Ox_lucht;NL10724;Ox;lucht;1987-03-19T00:00:00+01:00;2002-04-23T00:00:00+01:00;regionaal;achtergrond;3
NL10724_SO2_lucht;NL10724;SO2;lucht;1987-03-19T00:00:00+01:00;2002-04-23T00:00:00+01:00;regionaal;achtergrond;3
NL10724_ZWR_lucht;NL10724;ZWR;lucht;1987-03-01T00:00:00+01:00;2003-05-21T00:00:00+01:00;regionaal;achtergrond;3
NL10726_SO2_lucht;NL10726;SO2;lucht;1986-09-13T00:00:00+01:00;1993-12-31T00:00:00+01:00;regionaal;achtergrond;3
NL10727_CO_lucht;NL10727;CO;lucht;1988-04-22T00:00:00+01:00;2002-04-03T00:00:00+01:00;stad;verkeer;3
NL10727_NO2_lucht;NL10727;NO2;lucht;1988-04-26T00:00:00+01:00;2002-04-01T00:00:00+01:00;stad;verkeer;3
NL10727_NO_lucht;NL10727;NO;lucht;1988-04-26T00:00:00+01:00;2002-04-01T00:00:00+01:00;stad;verkeer;3
NL10727_NOx_lucht;NL10727;NOx;lucht;1988-04-26T00:00:00+01:00;2002-04-01T00:00:00+01:00;stad;verkeer;3
NL10727_O3_lucht;NL10727;O3;lucht;1988-04-23T00:00:00+01:00;1991-01-01T00:00:00+01:00;stad;verkeer;3
NL10727_Ox_lucht;NL10727;Ox;lucht;1988-04-26T00:00:00+01:00;1991-01-02T00:00:00+01:00;stad;verkeer;3
NL10728_111-trichletaan_lucht;NL10728;111-trichletaan;lucht;1992-08-02T00:00:00+01:00;2009-12-15T00:00:00+01:00;stad;verkeer;3
NL10728_112-trichletaan_lucht;NL10728;112-trichletaan;lucht;1992-08-02T00:00:00+01:00;2009-12-15T00:00:00+01:00;stad;verkeer;3
NL10728_12-dichlbenz_lucht;NL10728;12-dichlbenz;lucht;1992-08-02T00:00:00+01:00;2009-12-15T00:00:00+01:00;stad;verkeer;3
NL10728_12-dichletaan_lucht;NL10728;12-dichletaan;lucht;1992-08-02T00:00:00+01:00;2009-12-15T00:00:00+01:00;stad;verkeer;3
NL10728_12-dichlpropaan_lucht;NL10728;12-dichlpropaan;lucht;1992-08-02T00:00:00+01:00;2009-12-15T00:00:00+01:00;stad;verkeer;3
NL10728_123-trichlbenz_lucht;NL10728;123-trichlbenz;lucht;1992-08-02T00:00:00+01:00;2009-12-15T00:00:00+01:00;stad;verkeer;3
NL10728_123-trimetben_lucht;NL10728;123-trimetben;lucht;1992-08-02T00:00:00+01:00;2009-12-15T00:00:00+01:00;stad;verkeer;3
NL10728_124-trichlbenz_lucht;NL10728;124-trichlbenz;lucht;1992-08-02T00:00:00+01:00;2009-12-15T00:00:00+01:00;stad;verkeer;3
NL10728_124-trimetben_lucht;NL10728;124-trimetben;lucht;1992-08-02T00:00:00+01:00;2009-12-15T00:00:00+01:00;stad;verkeer;3
NL10728_13-dichlbenz_lucht;NL10728;13-dichlbenz;lucht;1992-08-02T00:00:00+01:00;2009-12-15T00:00:00+01:00;stad;verkeer;3
NL10728_135-trichlbenz_lucht;NL10728;135-trichlbenz;lucht;1992-08-02T00:00:00+01:00;2009-12-15T00:00:00+01:00;stad;verkeer;3
NL10728_135-trimetben_lucht;NL10728;135-trimetben;lucht;1992-08-02T00:00:00+01:00;2009-12-15T00:00:00+01:00;stad;verkeer;3
NL10728_14-dichlbenz_lucht;NL10728;14-dichlbenz;lucht;1992-08-02T00:00:00+01:00;2009-12-15T00:00:00+01:00;stad;verkeer;3
NL10728_2-ethyltolueen_lucht;NL10728;2-ethyltolueen;lucht;1992-08-02T00:00:00+01:00;2009-12-15T00:00:00+01:00;stad;verkeer;3
NL10728_2-methnaftaleen_lucht;NL10728;2-methnaftaleen;lucht;1992-08-02T00:00:00+01:00;2009-12-15T00:00:00+01:00;stad;verkeer;3
NL10728_3-ethyltolueen_lucht;NL10728;3-ethyltolueen;lucht;1992-08-02T00:00:00+01:00;2009-12-15T00:00:00+01:00;stad;verkeer;3
NL10728_4-ethyltolueen_lucht;NL10728;4-ethyltolueen;lucht;1992-08-02T00:00:00+01:00;2009-12-15T00:00:00+01:00;stad;verkeer;3
NL10728_CO_lucht;NL10728;CO;lucht;1988-04-19T00:00:00+01:00;2002-04-03T00:00:00+01:00;stad;verkeer;3
NL10728_NO2_lucht;NL10728;NO2;lucht;1988-04-20T00:00:00+01:00;2002-04-01T00:00:00+01:00;stad;verkeer;3
NL10728_NO_lucht;NL10728;NO;lucht;1988-04-20T00:00:00+01:00;2002-04-01T00:00:00+01:00;stad;verkeer;3
NL10728_NOx_lucht;NL10728;NOx;lucht;1988-04-20T00:00:00+01:00;2002-04-01T00:00:00+01:00;stad;verkeer;3
NL10728_O3_lucht;NL10728;O3;lucht;1988-04-20T00:00:00+01:00;1991-01-01T00:00:00+01:00;stad;verkeer;3
NL10728_Ox_lucht;NL10728;Ox;lucht;1988-04-20T00:00:00+01:00;1991-01-02T00:00:00+01:00;stad;verkeer;3
NL10728_PM10_lucht;NL10728;PM10;lucht;1993-03-01T00:00:00+01:00;2013-07-10T00:00:00+01:00;stad;verkeer;3
NL10728_ZWR_lucht;NL10728;ZWR;lucht;1988-12-31T00:00:00+01:00;1992-10-01T00:00:00+01:00;stad;verkeer;3
NL10728_benzeen_lucht;NL10728;benzeen;lucht;1992-08-02T00:00:00+01:00;2009-12-15T00:00:00+01:00;stad;verkeer;3
NL10728_butylbenzeen_lucht;NL10728;butylbenzeen;lucht;1992-08-02T00:00:00+01:00;2009-12-15T00:00:00+01:00;stad;verkeer;3
NL10728_chloorbenzeen_lucht;NL10728;chloorbenzeen;lucht;1992-08-02T00:00:00+01:00;2009-12-15T00:00:00+01:00;stad;verkeer;3
NL10728_cumeen_lucht;NL10728;cumeen;lucht;1992-08-02T00:00:00+01:00;2009-12-15T00:00:00+01:00;stad;verkeer;3
NL10728_cymeen_lucht;NL10728;cymeen;lucht;1992-08-02T00:00:00+01:00;2009-12-15T00:00:00+01:00;stad;verkeer;3
NL10728_decaan_lucht;NL10728;decaan;lucht;1992-08-02T00:00:00+01:00;2009-12-15T00:00:00+01:00;stad;verkeer;3
NL10728_dodecaan_lucht;NL10728;dodecaan;lucht;1992-08-02T00:00:00+01:00;2009-12-15T00:00:00+01:00;stad;verkeer;3
NL10728_ethylbenzeen_lucht;NL10728;ethylbenzeen;lucht;1992-08-02T00:00:00+01:00;2009-12-15T00:00:00+01:00;stad;verkeer;3
NL10728_fenol_lucht;NL10728;fenol;lucht;1992-08-02T00:00:00+01:00;2009-12-15T00:00:00+01:00;stad;verkeer;3
NL10728_hexadecaan_lucht;NL10728;hexadecaan;lucht;1992-08-02T00:00:00+01:00;2009-12-15T00:00:00+01:00;stad;verkeer;3
NL10728_limoneen_lucht;NL10728;limoneen;lucht;1992-08-02T00:00:00+01:00;2009-12-15T00:00:00+01:00;stad;verkeer;3
NL10728_m-xyleen_lucht;NL10728;m-xyleen;lucht;1992-08-02T00:00:00+01:00;2009-12-15T00:00:00+01:00;stad;verkeer;3
NL10728_n-heptaan_lucht;NL10728;n-heptaan;lucht;1992-08-02T00:00:00+01:00;2009-12-15T00:00:00+01:00;stad;verkeer;3
NL10728_n-hexaan_lucht;NL10728;n-hexaan;lucht;1992-08-02T00:00:00+01:00;2009-12-15T00:00:00+01:00;stad;verkeer;3
NL10728_n-octaan_lucht;NL10728;n-octaan;lucht;1992-08-02T00:00:00+01:00;2009-12-15T00:00:00+01:00;stad;verkeer;3
NL10728_naftaleen_lucht;NL10728;naftaleen;lucht;1992-08-02T00:00:00+01:00;2009-12-15T00:00:00+01:00;stad;verkeer;3
NL10728_nonaan_lucht;NL10728;nonaan;lucht;1992-08-02T00:00:00+01:00;2009-12-15T00:00:00+01:00;stad;verkeer;3
NL10728_orthoxyleen_lucht;NL10728;orthoxyleen;lucht;1992-08-02T00:00:00+01:00;2009-12-15T00:00:00+01:00;stad;verkeer;3
NL10728_p-xyleen_lucht;NL10728;p-xyleen;lucht;1992-08-02T00:00:00+01:00;2009-12-15T00:00:00+01:00;stad;verkeer;3
NL10728_pentadecaan_lucht;NL10728;pentadecaan;lucht;1992-08-02T00:00:00+01:00;2009-12-15T00:00:00+01:00;stad;verkeer;3
NL10728_propylbenzeen_lucht;NL10728;propylbenzeen;lucht;1992-08-02T00:00:00+01:00;2009-12-15T00:00:00+01:00;stad;verkeer;3
NL10728_styreen_lucht;NL10728;styreen;lucht;1992-08-02T00:00:00+01:00;2009-12-15T00:00:00+01:00;stad;verkeer;3
NL10728_tetrachleteen_lucht;NL10728;tetrachleteen;lucht;1992-08-02T00:00:00+01:00;2009-12-15T00:00:00+01:00;stad;verkeer;3
NL10728_tetrachlmetaan_lucht;NL10728;tetrachlmetaan;lucht;1992-08-02T00:00:00+01:00;2009-12-15T00:00:00+01:00;stad;verkeer;3
NL10728_tetradecaan_lucht;NL10728;tetradecaan;lucht;1992-08-02T00:00:00+01:00;2009-12-15T00:00:00+01:00;stad;verkeer;3
NL10728_tolueen_lucht;NL10728;tolueen;lucht;1992-08-02T00:00:00+01:00;2009-12-15T00:00:00+01:00;stad;verkeer;3
NL10728_trichleteen_lucht;NL10728;trichleteen;lucht;1992-08-02T00:00:00+01:00;2009-12-15T00:00:00+01:00;stad;verkeer;3
NL10728_trichlmetaan_lucht;NL10728;trichlmetaan;lucht;1992-08-02T00:00:00+01:00;2009-12-15T00:00:00+01:00;stad;verkeer;3
NL10728_tridecaan_lucht;NL10728;tridecaan;lucht;1992-08-02T00:00:00+01:00;2009-12-15T00:00:00+01:00;stad;verkeer;3
NL10728_undecaan_lucht;NL10728;undecaan;lucht;1992-08-02T00:00:00+01:00;2009-12-15T00:00:00+01:00;stad;verkeer;3
NL10729_CO_lucht;NL10729;CO;lucht;1988-04-22T00:00:00+01:00;2002-04-02T00:00:00+01:00;stad;verkeer;3
NL10729_NO2_lucht;NL10729;NO2;lucht;1988-05-05T00:00:00+01:00;2002-04-01T00:00:00+01:00;stad;verkeer;3
NL10729_NO_lucht;NL10729;NO;lucht;1988-05-05T00:00:00+01:00;2002-04-01T00:00:00+01:00;stad;verkeer;3
NL10729_NOx_lucht;NL10729;NOx;lucht;1988-05-05T00:00:00+01:00;2002-04-01T00:00:00+01:00;stad;verkeer;3
NL10729_O3_lucht;NL10729;O3;lucht;1988-04-22T00:00:00+01:00;2002-04-02T00:00:00+01:00;stad;verkeer;3
NL10729_Ox_lucht;NL10729;Ox;lucht;1988-05-05T00:00:00+01:00;2002-04-01T00:00:00+01:00;stad;verkeer;3
NL10729_SO2_lucht;NL10729;SO2;lucht;1988-04-22T00:00:00+01:00;2002-04-01T00:00:00+01:00;stad;verkeer;3
NL10733_CO_lucht;NL10733;CO;lucht;1994-01-01T00:00:00+01:00;2002-04-23T00:00:00+01:00;regionaal;achtergrond;3
NL10733_NO2_lucht;NL10733;NO2;lucht;1993-05-04T00:00:00+01:00;2002-04-23T00:00:00+01:00;regionaal;achtergrond;3
NL10733_NO_lucht;NL10733;NO;lucht;1993-05-04T00:00:00+01:00;2002-04-23T00:00:00+01:00;regionaal;achtergrond;3
NL10733_NOx_lucht;NL10733;NOx;lucht;1993-05-04T00:00:00+01:00;2002-04-23T00:00:00+01:00;regionaal;achtergrond;3
NL10733_O3_lucht;NL10733;O3;lucht;1993-05-04T00:00:00+01:00;2002-04-23T00:00:00+01:00;regionaal;achtergrond;3
NL10733_Ox_lucht;NL10733;Ox;lucht;1993-05-08T00:00:00+01:00;2002-04-23T00:00:00+01:00;regionaal;achtergrond;3
NL10733_SO2_lucht;NL10733;SO2;lucht;1993-05-01T00:00:00+01:00;2002-04-23T00:00:00+01:00;regionaal;achtergrond;3
NL10734_NH3_lucht;NL10734;NH3;lucht;1992-08-12T00:00:00+01:00;1994-03-22T00:00:00+01:00;regionaal;achtergrond;3
NL10738_CO_lucht;NL10738;CO;lucht;2002-04-26T00:00:00+01:00;2011-04-29T00:00:00+01:00;regionaal;achtergrond;3
NL10738_NH3_lucht;NL10738;NH3;lucht;1994-04-01T00:00:00+01:00;;regionaal;achtergrond;3
NL10738_NO2_lucht;NL10738;NO2;lucht;2002-04-23T00:00:00+01:00;;regionaal;achtergrond;3
NL10738_NO_lucht;NL10738;NO;lucht;2002-04-23T00:00:00+01:00;;regionaal;achtergrond;3
NL10738_NOx_lucht;NL10738;NOx;lucht;2002-04-23T00:00:00+01:00;;regionaal;achtergrond;3
NL10738_O3_lucht;NL10738;O3;lucht;2002-04-23T00:00:00+01:00;;regionaal;achtergrond;3
NL10738_Ox_lucht;NL10738;Ox;lucht;2002-04-27T00:00:00+01:00;;regionaal;achtergrond;3
NL10738_PM10_lucht;NL10738;PM10;lucht;2002-04-01T00:00:00+01:00;;regionaal;achtergrond;3
NL10738_PM2.5_lucht;NL10738;PM2.5;lucht;2008-08-01T00:00:00+01:00;;regionaal;achtergrond;3
NL10738_SO2_lucht;NL10738;SO2;lucht;1994-04-01T00:00:00+01:00;2012-01-01T00:00:00+01:00;regionaal;achtergrond;3
NL10738_ZWR_lucht;NL10738;ZWR;lucht;2003-05-21T00:00:00+01:00;2016-03-03T00:00:00+01:00;regionaal;achtergrond;3
NL10741_BC_lucht;NL10741;BC;lucht;2015-05-26T00:00:00+01:00;2026-03-24T00:00:00+01:00;stad;verkeer;3
NL10741_BC_lucht;NL10741;BC;lucht;2026-03-23T00:00:00+01:00;;stad;verkeer;
NL10741_BCwb_lucht;NL10741;BCwb;lucht;2026-03-23T00:00:00+01:00;;stad;verkeer;
NL10741_CO_lucht;NL10741;CO;lucht;2003-05-01T00:00:00+01:00;2020-02-20T00:00:00+01:00;stad;verkeer;3
NL10741_NO2_lucht;NL10741;NO2;lucht;2003-05-22T00:00:00+01:00;;stad;verkeer;3
NL10741_NO_lucht;NL10741;NO;lucht;2003-05-22T00:00:00+01:00;;stad;verkeer;3
NL10741_NOx_lucht;NL10741;NOx;lucht;2003-05-22T00:00:00+01:00;;stad;verkeer;3
NL10741_PM10_lucht;NL10741;PM10;lucht;2003-05-01T00:00:00+01:00;;stad;verkeer;3
NL10741_PM2.5_lucht;NL10741;PM2.5;lucht;2009-08-01T00:00:00+01:00;;stad;verkeer;3
NL10741_benz-a-pyreen_pm10_aerosol;NL10741;benz-a-pyreen;pm10_aerosol;2008-01-01T00:00:00+01:00;2009-01-01T00:00:00+01:00;stad;achtergrond;3
NL10742_BC_lucht;NL10742;BC;lucht;2015-04-30T00:00:00+01:00;2026-03-25T00:00:00+01:00;stad;achtergrond;3
NL10742_BC_lucht;NL10742;BC;lucht;2026-03-24T00:00:00+01:00;;stad;achtergrond;
NL10742_BCwb_lucht;NL10742;BCwb;lucht;2026-03-24T00:00:00+01:00;;stad;achtergrond;
NL10742_CO_lucht;NL10742;CO;lucht;2003-05-14T00:00:00+01:00;2019-08-28T00:00:00+01:00;stad;achtergrond;3
NL10742_NO2_lucht;NL10742;NO2;lucht;2003-05-26T00:00:00+01:00;;stad;achtergrond;3
NL10742_NO_lucht;NL10742;NO;lucht;2003-05-26T00:00:00+01:00;;stad;achtergrond;3
NL10742_NOx_lucht;NL10742;NOx;lucht;2003-05-26T00:00:00+01:00;;stad;achtergrond;3
NL10742_O3_lucht;NL10742;O3;lucht;2003-05-13T00:00:00+01:00;;stad;achtergrond;3
NL10742_Ox_lucht;NL10742;Ox;lucht;2003-06-03T00:00:00+01:00;;stad;achtergrond;3
NL10742_PM10_lucht;NL10742;PM10;lucht;2008-04-01T00:00:00+01:00;2013-07-10T00:00:00+01:00;stad;achtergrond;3
NL10742_PM2.5_lucht;NL10742;PM2.5;lucht;2008-10-01T00:00:00+01:00;;stad;achtergrond;3
NL10742_ZWR_lucht;NL10742;ZWR;lucht;2016-05-26T00:00:00+01:00;2017-06-01T00:00:00+01:00;stad;achtergrond;3
NL10743_PM10_lucht;NL10743;PM10;lucht;2008-09-01T00:00:00+01:00;2013-07-10T00:00:00+01:00;regionaal;achtergrond;3
NL10744_PM10_lucht;NL10744;PM10;lucht;2008-12-01T00:00:00+01:00;2012-02-13T00:00:00+01:00;regionaal;achtergrond;3
NL10801_SO2_lucht;NL10801;SO2;lucht;1976-04-03T00:00:00+01:00;1984-12-25T00:00:00+01:00;regionaal;achtergrond;3
NL10802_NO2_lucht;NL10802;NO2;lucht;1977-06-19T00:00:00+01:00;1984-06-21T00:00:00+01:00;regionaal;achtergrond;3
NL10802_NO_lucht;NL10802;NO;lucht;1977-06-19T00:00:00+01:00;1984-06-21T00:00:00+01:00;regionaal;achtergrond;3
NL10802_NOx_lucht;NL10802;NOx;lucht;1977-06-19T00:00:00+01:00;1984-06-21T00:00:00+01:00;regionaal;achtergrond;3
NL10802_SO2_lucht;NL10802;SO2;lucht;1976-04-03T00:00:00+01:00;1985-01-01T00:00:00+01:00;regionaal;achtergrond;3
NL10803_NO2_lucht;NL10803;NO2;lucht;1977-06-26T00:00:00+01:00;1986-03-21T00:00:00+01:00;regionaal;achtergrond;3
NL10803_NO_lucht;NL10803;NO;lucht;1977-06-26T00:00:00+01:00;1986-03-21T00:00:00+01:00;regionaal;achtergrond;3
NL10803_NOx_lucht;NL10803;NOx;lucht;1977-06-26T00:00:00+01:00;1986-03-21T00:00:00+01:00;regionaal;achtergrond;3
NL10803_O3_lucht;NL10803;O3;lucht;1977-06-19T00:00:00+01:00;1986-04-01T00:00:00+01:00;regionaal;achtergrond;3
NL10803_Ox_lucht;NL10803;Ox;lucht;1977-06-26T00:00:00+01:00;1986-03-12T00:00:00+01:00;regionaal;achtergrond;3
NL10803_SO2_lucht;NL10803;SO2;lucht;1976-12-24T00:00:00+01:00;1986-04-01T00:00:00+01:00;regionaal;achtergrond;3
NL10804_SO2_lucht;NL10804;SO2;lucht;1976-04-03T00:00:00+01:00;1985-01-01T00:00:00+01:00;regionaal;achtergrond;3
NL10805_SO2_lucht;NL10805;SO2;lucht;1976-04-03T00:00:00+01:00;1986-04-01T00:00:00+01:00;regionaal;achtergrond;3
NL10806_CO_lucht;NL10806;CO;lucht;1977-05-12T00:00:00+01:00;1986-04-02T00:00:00+01:00;stad;verkeer;3
NL10806_NO2_lucht;NL10806;NO2;lucht;1977-06-18T00:00:00+01:00;1986-04-01T00:00:00+01:00;stad;verkeer;3
NL10806_NO_lucht;NL10806;NO;lucht;1977-06-18T00:00:00+01:00;1986-04-01T00:00:00+01:00;stad;verkeer;3
NL10806_NOx_lucht;NL10806;NOx;lucht;1977-06-18T00:00:00+01:00;1986-04-01T00:00:00+01:00;stad;verkeer;3
NL10806_SO2_lucht;NL10806;SO2;lucht;1976-04-03T00:00:00+01:00;1986-04-01T00:00:00+01:00;stad;verkeer;3
NL10807_As_pm10_aerosol;NL10807;As;pm10_aerosol;2008-01-01T00:00:00+01:00;2014-01-01T00:00:00+01:00;regionaal;achtergrond;3
NL10807_BC_lucht;NL10807;BC;lucht;2015-04-22T00:00:00+01:00;2026-02-13T00:00:00+01:00;regionaal;achtergrond;3
NL10807_BC_lucht;NL10807;BC;lucht;2026-02-12T00:00:00+01:00;;regionaal;achtergrond;
NL10807_BCwb_lucht;NL10807;BCwb;lucht;2026-02-12T00:00:00+01:00;;regionaal;achtergrond;
NL10807_CO_lucht;NL10807;CO;lucht;1977-06-19T00:00:00+01:00;1985-01-02T00:00:00+01:00;regionaal;achtergrond;3
NL10807_Ca_pm10_aerosol;NL10807;Ca;pm10_aerosol;2008-01-01T00:00:00+01:00;2014-01-01T00:00:00+01:00;regionaal;achtergrond;3
NL10807_Cd_pm10_aerosol;NL10807;Cd;pm10_aerosol;2008-01-01T00:00:00+01:00;2014-01-01T00:00:00+01:00;regionaal;achtergrond;3
NL10807_Mg_pm10_aerosol;NL10807;Mg;pm10_aerosol;2008-01-01T00:00:00+01:00;2014-01-01T00:00:00+01:00;regionaal;achtergrond;3
NL10807_NO2_lucht;NL10807;NO2;lucht;1977-06-18T00:00:00+01:00;;regionaal;achtergrond;3
NL10807_NO_lucht;NL10807;NO;lucht;1977-06-18T00:00:00+01:00;;regionaal;achtergrond;3
NL10807_NOx_lucht;NL10807;NOx;lucht;1977-06-18T00:00:00+01:00;;regionaal;achtergrond;3
NL10807_Na_pm10_aerosol;NL10807;Na;pm10_aerosol;2008-01-01T00:00:00+01:00;2014-01-01T00:00:00+01:00;regionaal;achtergrond;3
NL10807_Ni_pm10_aerosol;NL10807;Ni;pm10_aerosol;2008-01-01T00:00:00+01:00;2014-01-01T00:00:00+01:00;regionaal;achtergrond;3
NL10807_O3_lucht;NL10807;O3;lucht;1976-04-02T00:00:00+01:00;;regionaal;achtergrond;3
NL10807_Ox_lucht;NL10807;Ox;lucht;1977-06-18T00:00:00+01:00;;regionaal;achtergrond;3
NL10807_PM10_lucht;NL10807;PM10;lucht;2003-06-01T00:00:00+01:00;;regionaal;achtergrond;3
NL10807_PM2.5_lucht;NL10807;PM2.5;lucht;2008-01-01T00:00:00+01:00;2008-10-01T00:00:00+01:00;regionaal;achtergrond;3
NL10807_Pb_pm10_aerosol;NL10807;Pb;pm10_aerosol;2008-01-01T00:00:00+01:00;2014-01-01T00:00:00+01:00;regionaal;achtergrond;3
NL10807_SO2_lucht;NL10807;SO2;lucht;1976-04-03T00:00:00+01:00;2012-01-01T00:00:00+01:00;regionaal;achtergrond;3
NL10807_Zn_pm10_aerosol;NL10807;Zn;pm10_aerosol;2008-01-01T00:00:00+01:00;2014-01-01T00:00:00+01:00;regionaal;achtergrond;3
NL10808_SO2_lucht;NL10808;SO2;lucht;1976-04-03T00:00:00+01:00;1985-01-01T00:00:00+01:00;regionaal;achtergrond;3
NL10809_NO2_lucht;NL10809;NO2;lucht;1977-06-24T00:00:00+01:00;1985-01-01T00:00:00+01:00;regionaal;achtergrond;3
NL10809_NO_lucht;NL10809;NO;lucht;1977-06-24T00:00:00+01:00;1985-01-01T00:00:00+01:00;regionaal;achtergrond;3
NL10809_NOx_lucht;NL10809;NOx;lucht;1977-06-24T00:00:00+01:00;1985-01-01T00:00:00+01:00;regionaal;achtergrond;3
NL10809_SO2_lucht;NL10809;SO2;lucht;1976-04-03T00:00:00+01:00;1993-12-31T00:00:00+01:00;regionaal;achtergrond;3
NL10810_NO2_lucht;NL10810;NO2;lucht;1977-06-19T00:00:00+01:00;1986-04-01T00:00:00+01:00;regionaal;achtergrond;3
NL10810_NO_lucht;NL10810;NO;lucht;1977-06-19T00:00:00+01:00;1986-04-01T00:00:00+01:00;regionaal;achtergrond;3
NL10810_NOx_lucht;NL10810;NOx;lucht;1977-06-19T00:00:00+01:00;1986-04-01T00:00:00+01:00;regionaal;achtergrond;3
NL10810_SO2_lucht;NL10810;SO2;lucht;1976-04-03T00:00:00+01:00;1986-04-01T00:00:00+01:00;regionaal;achtergrond;3
NL10811_SO2_lucht;NL10811;SO2;lucht;1976-04-03T00:00:00+01:00;1985-01-01T00:00:00+01:00;regionaal;achtergrond;3
NL10812_CO_lucht;NL10812;CO;lucht;1979-11-17T00:00:00+01:00;1985-01-02T00:00:00+01:00;stad;verkeer;3
NL10812_NO2_lucht;NL10812;NO2;lucht;1979-06-02T00:00:00+01:00;1984-05-31T00:00:00+01:00;stad;verkeer;3
NL10812_NO_lucht;NL10812;NO;lucht;1979-06-02T00:00:00+01:00;1984-05-31T00:00:00+01:00;stad;verkeer;3
NL10812_NOx_lucht;NL10812;NOx;lucht;1979-06-02T00:00:00+01:00;1984-05-31T00:00:00+01:00;stad;verkeer;3
NL10812_SO2_lucht;NL10812;SO2;lucht;1976-04-03T00:00:00+01:00;1985-01-01T00:00:00+01:00;stad;verkeer;3
NL10813_SO2_lucht;NL10813;SO2;lucht;1976-04-03T00:00:00+01:00;1985-01-01T00:00:00+01:00;regionaal;achtergrond;3
NL10814_SO2_lucht;NL10814;SO2;lucht;1976-04-03T00:00:00+01:00;1984-06-01T00:00:00+01:00;stad;verkeer;3
NL10815_NO2_lucht;NL10815;NO2;lucht;1977-06-19T00:00:00+01:00;1986-04-01T00:00:00+01:00;regionaal;achtergrond;3
NL10815_NO_lucht;NL10815;NO;lucht;1977-06-19T00:00:00+01:00;1986-04-01T00:00:00+01:00;regionaal;achtergrond;3
NL10815_NOx_lucht;NL10815;NOx;lucht;1977-06-19T00:00:00+01:00;1986-04-01T00:00:00+01:00;regionaal;achtergrond;3
NL10815_O3_lucht;NL10815;O3;lucht;1977-05-01T00:00:00+01:00;1986-04-01T00:00:00+01:00;regionaal;achtergrond;3
NL10815_Ox_lucht;NL10815;Ox;lucht;1977-06-20T00:00:00+01:00;1986-04-01T00:00:00+01:00;regionaal;achtergrond;3
NL10815_SO2_lucht;NL10815;SO2;lucht;1976-04-03T00:00:00+01:00;1986-04-01T00:00:00+01:00;regionaal;achtergrond;3
NL10816_CO_lucht;NL10816;CO;lucht;1977-06-24T00:00:00+01:00;1986-04-02T00:00:00+01:00;stad;verkeer;3
NL10816_NO2_lucht;NL10816;NO2;lucht;1977-06-24T00:00:00+01:00;1986-04-01T00:00:00+01:00;stad;verkeer;3
NL10816_NO_lucht;NL10816;NO;lucht;1977-06-24T00:00:00+01:00;1986-04-01T00:00:00+01:00;stad;verkeer;3
NL10816_NOx_lucht;NL10816;NOx;lucht;1977-06-24T00:00:00+01:00;1986-04-01T00:00:00+01:00;stad;verkeer;3
NL10818_NO2_lucht;NL10818;NO2;lucht;1992-06-15T00:00:00+01:00;;regionaal;achtergrond;3
NL10818_NO_lucht;NL10818;NO;lucht;1992-06-15T00:00:00+01:00;;regionaal;achtergrond;3
NL10818_NOx_lucht;NL10818;NOx;lucht;1992-06-15T00:00:00+01:00;;regionaal;achtergrond;3
NL10818_O3_lucht;NL10818;O3;lucht;1992-05-27T00:00:00+01:00;;regionaal;achtergrond;3
NL10818_Ox_lucht;NL10818;Ox;lucht;1992-06-15T00:00:00+01:00;;regionaal;achtergrond;3
NL10818_PM10_lucht;NL10818;PM10;lucht;2003-06-01T00:00:00+01:00;;regionaal;achtergrond;3
NL10818_SO2_lucht;NL10818;SO2;lucht;1986-11-25T00:00:00+01:00;2012-01-01T00:00:00+01:00;regionaal;achtergrond;3
NL10818_benz-a-antr_pm10_aerosol;NL10818;benz-a-antr;pm10_aerosol;2008-01-01T00:00:00+01:00;2009-01-01T00:00:00+01:00;regionaal;achtergrond;3
NL10818_benz-a-pyreen_pm10_aerosol;NL10818;benz-a-pyreen;pm10_aerosol;2008-01-01T00:00:00+01:00;2009-01-01T00:00:00+01:00;regionaal;achtergrond;3
NL10818_benz-bjk-fluor_pm10_aerosol;NL10818;benz-bjk-fluor;pm10_aerosol;2008-01-01T00:00:00+01:00;2009-01-01T00:00:00+01:00;regionaal;achtergrond;3
NL10818_benz-ghi-peryl_pm10_aerosol;NL10818;benz-ghi-peryl;pm10_aerosol;2008-01-01T00:00:00+01:00;2009-01-01T00:00:00+01:00;regionaal;achtergrond;3
NL10818_chryseen_pm10_aerosol;NL10818;chryseen;pm10_aerosol;2008-01-01T00:00:00+01:00;2009-01-01T00:00:00+01:00;regionaal;achtergrond;3
NL10818_dibenz-ah-antr_pm10_aerosol;NL10818;dibenz-ah-antr;pm10_aerosol;2008-01-01T00:00:00+01:00;2009-01-01T00:00:00+01:00;regionaal;achtergrond;3
NL10818_ind-123cd-pyr_pm10_aerosol;NL10818;ind-123cd-pyr;pm10_aerosol;2008-01-01T00:00:00+01:00;2009-01-01T00:00:00+01:00;regionaal;achtergrond;3
NL10820_PM2.5_lucht;NL10820;PM2.5;lucht;2009-01-01T00:00:00+01:00;2010-09-01T00:00:00+01:00;stad;achtergrond;3
NL10821_BC_lucht;NL10821;BC;lucht;2015-04-29T00:00:00+01:00;2025-12-17T00:00:00+01:00;stad;achtergrond;3
NL10821_BC_lucht;NL10821;BC;lucht;2025-12-04T00:00:00+01:00;;stad;achtergrond;
NL10821_BCwb_lucht;NL10821;BCwb;lucht;2025-12-04T00:00:00+01:00;;stad;achtergrond;
NL10821_NO2_lucht;NL10821;NO2;lucht;2025-12-03T00:00:00+01:00;;stad;achtergrond;
NL10821_NO_lucht;NL10821;NO;lucht;2025-12-03T00:00:00+01:00;;stad;achtergrond;
NL10821_NOx_lucht;NL10821;NOx;lucht;2025-12-03T00:00:00+01:00;;stad;achtergrond;
NL10821_Ox_lucht;NL10821;Ox;lucht;2025-12-03T00:00:00+01:00;;stad;achtergrond;
NL10821_PM2.5_lucht;NL10821;PM2.5;lucht;2010-06-01T00:00:00+01:00;;stad;achtergrond;3
NL10901_As_aerosol;NL10901;As;aerosol;1989-01-01T00:00:00+01:00;1990-01-01T00:00:00+01:00;regionaal;achtergrond;3
NL10901_CO_lucht;NL10901;CO;lucht;1977-08-06T00:00:00+01:00;1989-01-02T00:00:00+01:00;regionaal;achtergrond;3
NL10901_Ca_aerosol;NL10901;Ca;aerosol;1989-01-01T00:00:00+01:00;1990-01-01T00:00:00+01:00;regionaal;achtergrond;3
NL10901_Cd_aerosol;NL10901;Cd;aerosol;1989-01-01T00:00:00+01:00;1990-01-01T00:00:00+01:00;regionaal;achtergrond;3
NL10901_NO2_lucht;NL10901;NO2;lucht;1977-08-16T00:00:00+01:00;1989-12-13T00:00:00+01:00;regionaal;achtergrond;3
NL10901_NO_lucht;NL10901;NO;lucht;1977-08-16T00:00:00+01:00;1989-12-13T00:00:00+01:00;regionaal;achtergrond;3
NL10901_NOx_lucht;NL10901;NOx;lucht;1977-08-16T00:00:00+01:00;1989-12-13T00:00:00+01:00;regionaal;achtergrond;3
NL10901_Ni_aerosol;NL10901;Ni;aerosol;1989-01-01T00:00:00+01:00;1990-01-01T00:00:00+01:00;regionaal;achtergrond;3
NL10901_O3_lucht;NL10901;O3;lucht;1977-05-29T00:00:00+01:00;1989-12-12T00:00:00+01:00;regionaal;achtergrond;3
NL10901_Ox_lucht;NL10901;Ox;lucht;1977-08-16T00:00:00+01:00;1989-12-13T00:00:00+01:00;regionaal;achtergrond;3
NL10901_Pb_aerosol;NL10901;Pb;aerosol;1989-01-01T00:00:00+01:00;1990-01-01T00:00:00+01:00;regionaal;achtergrond;3
NL10901_SO2_lucht;NL10901;SO2;lucht;1976-04-03T00:00:00+01:00;1990-01-01T00:00:00+01:00;regionaal;achtergrond;3
NL10901_ZWR_lucht;NL10901;ZWR;lucht;1986-03-31T00:00:00+01:00;1989-02-01T00:00:00+01:00;regionaal;achtergrond;3
NL10901_Zn_aerosol;NL10901;Zn;aerosol;1989-01-01T00:00:00+01:00;1990-01-01T00:00:00+01:00;regionaal;achtergrond;3
NL10902_NO2_lucht;NL10902;NO2;lucht;1977-08-13T00:00:00+01:00;1984-06-28T00:00:00+01:00;regionaal;achtergrond;3
NL10902_NO_lucht;NL10902;NO;lucht;1977-08-13T00:00:00+01:00;1984-06-28T00:00:00+01:00;regionaal;achtergrond;3
NL10902_NOx_lucht;NL10902;NOx;lucht;1977-08-13T00:00:00+01:00;1984-06-28T00:00:00+01:00;regionaal;achtergrond;3
NL10902_SO2_lucht;NL10902;SO2;lucht;1976-04-03T00:00:00+01:00;1985-01-01T00:00:00+01:00;regionaal;achtergrond;3
NL10903_CO_lucht;NL10903;CO;lucht;1977-08-06T00:00:00+01:00;1985-01-02T00:00:00+01:00;regionaal;achtergrond;3
NL10903_NO2_lucht;NL10903;NO2;lucht;1977-08-07T00:00:00+01:00;1993-12-31T00:00:00+01:00;regionaal;achtergrond;3
NL10903_NO_lucht;NL10903;NO;lucht;1977-08-07T00:00:00+01:00;1993-12-31T00:00:00+01:00;regionaal;achtergrond;3
NL10903_NOx_lucht;NL10903;NOx;lucht;1977-08-07T00:00:00+01:00;1993-12-31T00:00:00+01:00;regionaal;achtergrond;3
NL10903_SO2_lucht;NL10903;SO2;lucht;1976-04-03T00:00:00+01:00;1993-12-31T00:00:00+01:00;regionaal;achtergrond;3
NL10904_SO2_lucht;NL10904;SO2;lucht;1976-04-02T00:00:00+01:00;1993-12-31T00:00:00+01:00;regionaal;achtergrond;3
NL10905_SO2_lucht;NL10905;SO2;lucht;1976-04-03T00:00:00+01:00;1985-01-01T00:00:00+01:00;regionaal;achtergrond;3
NL10906_SO2_lucht;NL10906;SO2;lucht;1976-04-02T00:00:00+01:00;1985-01-01T00:00:00+01:00;regionaal;achtergrond;3
NL10907_SO2_lucht;NL10907;SO2;lucht;1976-04-03T00:00:00+01:00;1986-04-01T00:00:00+01:00;regionaal;achtergrond;3
NL10908_CO_lucht;NL10908;CO;lucht;1977-07-02T00:00:00+01:00;1986-04-02T00:00:00+01:00;stad;verkeer;3
NL10908_NO2_lucht;NL10908;NO2;lucht;1977-07-09T00:00:00+01:00;1986-04-01T00:00:00+01:00;stad;verkeer;3
NL10908_NO_lucht;NL10908;NO;lucht;1977-07-09T00:00:00+01:00;1986-04-01T00:00:00+01:00;stad;verkeer;3
NL10908_NOx_lucht;NL10908;NOx;lucht;1977-07-09T00:00:00+01:00;1986-04-01T00:00:00+01:00;stad;verkeer;3
NL10908_SO2_lucht;NL10908;SO2;lucht;1976-04-03T00:00:00+01:00;1986-04-01T00:00:00+01:00;stad;verkeer;3
NL10909_SO2_lucht;NL10909;SO2;lucht;1976-04-04T00:00:00+01:00;1985-01-01T00:00:00+01:00;stad;verkeer;3
NL10910_SO2_lucht;NL10910;SO2;lucht;1976-04-03T00:00:00+01:00;1985-01-01T00:00:00+01:00;regionaal;achtergrond;3
NL10911_NO2_lucht;NL10911;NO2;lucht;1977-08-13T00:00:00+01:00;1986-04-01T00:00:00+01:00;regionaal;achtergrond;3
NL10911_NO_lucht;NL10911;NO;lucht;1977-08-13T00:00:00+01:00;1986-04-01T00:00:00+01:00;regionaal;achtergrond;3
NL10911_NOx_lucht;NL10911;NOx;lucht;1977-08-13T00:00:00+01:00;1986-04-01T00:00:00+01:00;regionaal;achtergrond;3
NL10911_O3_lucht;NL10911;O3;lucht;1977-05-29T00:00:00+01:00;1986-04-01T00:00:00+01:00;regionaal;achtergrond;3
NL10911_Ox_lucht;NL10911;Ox;lucht;1977-08-15T00:00:00+01:00;1986-04-01T00:00:00+01:00;regionaal;achtergrond;3
NL10911_SO2_lucht;NL10911;SO2;lucht;1976-04-03T00:00:00+01:00;1986-04-01T00:00:00+01:00;regionaal;achtergrond;3
NL10912_SO2_lucht;NL10912;SO2;lucht;1976-04-03T00:00:00+01:00;1986-04-01T00:00:00+01:00;regionaal;achtergrond;3
NL10913_NO2_lucht;NL10913;NO2;lucht;1977-07-09T00:00:00+01:00;2002-04-01T00:00:00+01:00;regionaal;achtergrond;3
NL10913_NO_lucht;NL10913;NO;lucht;1977-07-09T00:00:00+01:00;2002-04-01T00:00:00+01:00;regionaal;achtergrond;3
NL10913_NOx_lucht;NL10913;NOx;lucht;1977-07-09T00:00:00+01:00;2002-04-01T00:00:00+01:00;regionaal;achtergrond;3
NL10913_O3_lucht;NL10913;O3;lucht;1977-05-13T00:00:00+01:00;2002-04-02T00:00:00+01:00;regionaal;achtergrond;3
NL10913_Ox_lucht;NL10913;Ox;lucht;1977-07-09T00:00:00+01:00;2002-04-01T00:00:00+01:00;regionaal;achtergrond;3
NL10913_SO2_lucht;NL10913;SO2;lucht;1976-04-03T00:00:00+01:00;2002-04-01T00:00:00+01:00;regionaal;achtergrond;3
NL10914_SO2_lucht;NL10914;SO2;lucht;1976-04-03T00:00:00+01:00;1984-11-02T00:00:00+01:00;regionaal;achtergrond;3
NL10915_SO2_lucht;NL10915;SO2;lucht;1976-04-03T00:00:00+01:00;1985-01-01T00:00:00+01:00;regionaal;achtergrond;3
NL10916_SO2_lucht;NL10916;SO2;lucht;1976-04-03T00:00:00+01:00;1985-01-01T00:00:00+01:00;regionaal;achtergrond;3
NL10917_SO2_lucht;NL10917;SO2;lucht;1976-04-03T00:00:00+01:00;1986-04-01T00:00:00+01:00;regionaal;achtergrond;3
NL10918_CO_lucht;NL10918;CO;lucht;1977-08-11T00:00:00+01:00;1985-01-02T00:00:00+01:00;regionaal;achtergrond;3
NL10918_NO2_lucht;NL10918;NO2;lucht;1977-08-08T00:00:00+01:00;;regionaal;achtergrond;3
NL10918_NO_lucht;NL10918;NO;lucht;1977-08-08T00:00:00+01:00;;regionaal;achtergrond;3
NL10918_NOx_lucht;NL10918;NOx;lucht;1977-08-08T00:00:00+01:00;;regionaal;achtergrond;3
NL10918_O3_lucht;NL10918;O3;lucht;1977-08-07T00:00:00+01:00;;regionaal;achtergrond;3
NL10918_Ox_lucht;NL10918;Ox;lucht;1977-08-08T00:00:00+01:00;;regionaal;achtergrond;3
NL10918_PM10_lucht;NL10918;PM10;lucht;2003-06-01T00:00:00+01:00;;regionaal;achtergrond;3
NL10918_SO2_lucht;NL10918;SO2;lucht;1976-04-03T00:00:00+01:00;2012-01-01T00:00:00+01:00;regionaal;achtergrond;3
NL10919_SO2_lucht;NL10919;SO2;lucht;1976-04-03T00:00:00+01:00;1986-04-01T00:00:00+01:00;regionaal;achtergrond;3
NL10920_CO_lucht;NL10920;CO;lucht;1977-04-29T00:00:00+01:00;1985-01-02T00:00:00+01:00;regionaal;achtergrond;3
NL10920_NO2_lucht;NL10920;NO2;lucht;1977-08-13T00:00:00+01:00;1985-01-01T00:00:00+01:00;regionaal;achtergrond;3
NL10920_NO_lucht;NL10920;NO;lucht;1977-08-13T00:00:00+01:00;1985-01-01T00:00:00+01:00;regionaal;achtergrond;3
NL10920_NOx_lucht;NL10920;NOx;lucht;1977-08-13T00:00:00+01:00;1985-01-01T00:00:00+01:00;regionaal;achtergrond;3
NL10920_O3_lucht;NL10920;O3;lucht;1977-08-13T00:00:00+01:00;1985-01-01T00:00:00+01:00;regionaal;achtergrond;3
NL10920_Ox_lucht;NL10920;Ox;lucht;1977-08-13T00:00:00+01:00;1985-01-01T00:00:00+01:00;regionaal;achtergrond;3
NL10920_SO2_lucht;NL10920;SO2;lucht;1976-04-03T00:00:00+01:00;1993-12-31T00:00:00+01:00;regionaal;achtergrond;3
NL10921_CO_lucht;NL10921;CO;lucht;1977-08-13T00:00:00+01:00;1985-01-02T00:00:00+01:00;regionaal;achtergrond;3
NL10921_NO2_lucht;NL10921;NO2;lucht;1977-08-15T00:00:00+01:00;1985-01-01T00:00:00+01:00;regionaal;achtergrond;3
NL10921_NO_lucht;NL10921;NO;lucht;1977-08-15T00:00:00+01:00;1985-01-01T00:00:00+01:00;regionaal;achtergrond;3
NL10921_NOx_lucht;NL10921;NOx;lucht;1977-08-15T00:00:00+01:00;1985-01-01T00:00:00+01:00;regionaal;achtergrond;3
NL10921_O3_lucht;NL10921;O3;lucht;1977-05-28T00:00:00+01:00;1985-01-01T00:00:00+01:00;regionaal;achtergrond;3
NL10921_Ox_lucht;NL10921;Ox;lucht;1977-08-17T00:00:00+01:00;1985-01-01T00:00:00+01:00;regionaal;achtergrond;3
NL10921_SO2_lucht;NL10921;SO2;lucht;1976-04-03T00:00:00+01:00;1993-12-31T00:00:00+01:00;regionaal;achtergrond;3
NL10922_SO2_lucht;NL10922;SO2;lucht;1976-04-03T00:00:00+01:00;1985-01-01T00:00:00+01:00;regionaal;achtergrond;3
NL10923_SO2_lucht;NL10923;SO2;lucht;1976-04-03T00:00:00+01:00;1986-04-01T00:00:00+01:00;regionaal;achtergrond;3
NL10924_SO2_lucht;NL10924;SO2;lucht;1976-04-03T00:00:00+01:00;1985-01-01T00:00:00+01:00;regionaal;achtergrond;3
NL10925_SO2_lucht;NL10925;SO2;lucht;1976-04-03T00:00:00+01:00;1986-04-01T00:00:00+01:00;regionaal;achtergrond;3
NL10926_NO2_lucht;NL10926;NO2;lucht;1977-08-13T00:00:00+01:00;1985-01-01T00:00:00+01:00;regionaal;achtergrond;3
NL10926_NO_lucht;NL10926;NO;lucht;1977-08-13T00:00:00+01:00;1985-01-01T00:00:00+01:00;regionaal;achtergrond;3
NL10926_NOx_lucht;NL10926;NOx;lucht;1977-08-13T00:00:00+01:00;1985-01-01T00:00:00+01:00;regionaal;achtergrond;3
NL10926_O3_lucht;NL10926;O3;lucht;1977-05-22T00:00:00+01:00;1985-01-01T00:00:00+01:00;regionaal;achtergrond;3
NL10926_Ox_lucht;NL10926;Ox;lucht;1977-08-13T00:00:00+01:00;1985-01-01T00:00:00+01:00;regionaal;achtergrond;3
NL10926_SO2_lucht;NL10926;SO2;lucht;1976-05-05T00:00:00+01:00;1993-12-31T00:00:00+01:00;regionaal;achtergrond;3
NL10927_SO2_lucht;NL10927;SO2;lucht;1977-04-21T00:00:00+01:00;1986-04-01T00:00:00+01:00;regionaal;achtergrond;3
NL10928_111-trichletaan_lucht;NL10928;111-trichletaan;lucht;1992-08-27T00:00:00+01:00;1996-12-12T00:00:00+01:00;regionaal;achtergrond;3
NL10928_112-trichletaan_lucht;NL10928;112-trichletaan;lucht;1992-08-27T00:00:00+01:00;1996-12-12T00:00:00+01:00;regionaal;achtergrond;3
NL10928_12-dichlbenz_lucht;NL10928;12-dichlbenz;lucht;1992-08-27T00:00:00+01:00;1996-12-12T00:00:00+01:00;regionaal;achtergrond;3
NL10928_12-dichletaan_lucht;NL10928;12-dichletaan;lucht;1992-08-27T00:00:00+01:00;1996-12-12T00:00:00+01:00;regionaal;achtergrond;3
NL10928_12-dichlpropaan_lucht;NL10928;12-dichlpropaan;lucht;1992-08-27T00:00:00+01:00;1996-12-12T00:00:00+01:00;regionaal;achtergrond;3
NL10928_123-trichlbenz_lucht;NL10928;123-trichlbenz;lucht;1992-08-27T00:00:00+01:00;1996-12-12T00:00:00+01:00;regionaal;achtergrond;3
NL10928_123-trimetben_lucht;NL10928;123-trimetben;lucht;1992-08-27T00:00:00+01:00;1996-12-12T00:00:00+01:00;regionaal;achtergrond;3
NL10928_124-trichlbenz_lucht;NL10928;124-trichlbenz;lucht;1992-08-27T00:00:00+01:00;1996-12-12T00:00:00+01:00;regionaal;achtergrond;3
NL10928_124-trimetben_lucht;NL10928;124-trimetben;lucht;1992-08-27T00:00:00+01:00;1996-12-12T00:00:00+01:00;regionaal;achtergrond;3
NL10928_13-dichlbenz_lucht;NL10928;13-dichlbenz;lucht;1992-08-27T00:00:00+01:00;1996-12-12T00:00:00+01:00;regionaal;achtergrond;3
NL10928_135-trichlbenz_lucht;NL10928;135-trichlbenz;lucht;1992-08-27T00:00:00+01:00;1996-12-12T00:00:00+01:00;regionaal;achtergrond;3
NL10928_135-trimetben_lucht;NL10928;135-trimetben;lucht;1992-08-27T00:00:00+01:00;1996-12-12T00:00:00+01:00;regionaal;achtergrond;3
NL10928_14-dichlbenz_lucht;NL10928;14-dichlbenz;lucht;1992-08-27T00:00:00+01:00;1996-12-12T00:00:00+01:00;regionaal;achtergrond;3
NL10928_2-ethyltolueen_lucht;NL10928;2-ethyltolueen;lucht;1992-08-27T00:00:00+01:00;1996-12-12T00:00:00+01:00;regionaal;achtergrond;3
NL10928_2-methnaftaleen_lucht;NL10928;2-methnaftaleen;lucht;1992-08-27T00:00:00+01:00;1996-12-12T00:00:00+01:00;regionaal;achtergrond;3
NL10928_3-ethyltolueen_lucht;NL10928;3-ethyltolueen;lucht;1992-08-27T00:00:00+01:00;1996-12-12T00:00:00+01:00;regionaal;achtergrond;3
NL10928_4-ethyltolueen_lucht;NL10928;4-ethyltolueen;lucht;1992-08-27T00:00:00+01:00;1996-12-12T00:00:00+01:00;regionaal;achtergrond;3
NL10928_CO_lucht;NL10928;CO;lucht;1986-04-02T00:00:00+01:00;1994-01-01T00:00:00+01:00;regionaal;achtergrond;3
NL10928_Cl_aerosol;NL10928;Cl;aerosol;1987-01-01T00:00:00+01:00;2000-01-01T00:00:00+01:00;regionaal;achtergrond;3
NL10928_NH3_lucht;NL10928;NH3;lucht;1992-09-01T00:00:00+01:00;2000-02-07T00:00:00+01:00;regionaal;achtergrond;3
NL10928_NH4_aerosol;NL10928;NH4;aerosol;1987-01-01T00:00:00+01:00;2000-01-01T00:00:00+01:00;regionaal;achtergrond;3
NL10928_NO2_lucht;NL10928;NO2;lucht;1986-04-02T00:00:00+01:00;2000-02-07T00:00:00+01:00;regionaal;achtergrond;3
NL10928_NO3_aerosol;NL10928;NO3;aerosol;1987-01-01T00:00:00+01:00;2000-01-01T00:00:00+01:00;regionaal;achtergrond;3
NL10928_NO_lucht;NL10928;NO;lucht;1986-04-02T00:00:00+01:00;2000-02-07T00:00:00+01:00;regionaal;achtergrond;3
NL10928_NOx_lucht;NL10928;NOx;lucht;1986-04-02T00:00:00+01:00;2000-02-07T00:00:00+01:00;regionaal;achtergrond;3
NL10928_O3_lucht;NL10928;O3;lucht;1986-04-02T00:00:00+01:00;2000-02-08T00:00:00+01:00;regionaal;achtergrond;3
NL10928_Ox_lucht;NL10928;Ox;lucht;1986-04-08T00:00:00+01:00;2000-02-07T00:00:00+01:00;regionaal;achtergrond;3
NL10928_PM10_lucht;NL10928;PM10;lucht;1992-01-01T00:00:00+01:00;2000-02-07T00:00:00+01:00;regionaal;achtergrond;3
NL10928_SO2_lucht;NL10928;SO2;lucht;1986-04-02T00:00:00+01:00;2000-02-07T00:00:00+01:00;regionaal;achtergrond;3
NL10928_SO4_aerosol;NL10928;SO4;aerosol;1987-01-01T00:00:00+01:00;2000-01-01T00:00:00+01:00;regionaal;achtergrond;3
NL10928_ZWR_lucht;NL10928;ZWR;lucht;1984-03-31T00:00:00+01:00;2000-03-03T00:00:00+01:00;regionaal;achtergrond;3
NL10928_benzeen_lucht;NL10928;benzeen;lucht;1992-08-27T00:00:00+01:00;1996-12-12T00:00:00+01:00;regionaal;achtergrond;3
NL10928_butylbenzeen_lucht;NL10928;butylbenzeen;lucht;1992-08-27T00:00:00+01:00;1996-12-12T00:00:00+01:00;regionaal;achtergrond;3
NL10928_chloorbenzeen_lucht;NL10928;chloorbenzeen;lucht;1992-08-27T00:00:00+01:00;1996-12-12T00:00:00+01:00;regionaal;achtergrond;3
NL10928_cumeen_lucht;NL10928;cumeen;lucht;1992-08-27T00:00:00+01:00;1996-12-12T00:00:00+01:00;regionaal;achtergrond;3
NL10928_cymeen_lucht;NL10928;cymeen;lucht;1992-08-27T00:00:00+01:00;1996-12-12T00:00:00+01:00;regionaal;achtergrond;3
NL10928_decaan_lucht;NL10928;decaan;lucht;1992-08-27T00:00:00+01:00;1996-12-12T00:00:00+01:00;regionaal;achtergrond;3
NL10928_dodecaan_lucht;NL10928;dodecaan;lucht;1992-08-27T00:00:00+01:00;1996-12-12T00:00:00+01:00;regionaal;achtergrond;3
NL10928_ethylbenzeen_lucht;NL10928;ethylbenzeen;lucht;1992-08-27T00:00:00+01:00;1996-12-12T00:00:00+01:00;regionaal;achtergrond;3
NL10928_fenol_lucht;NL10928;fenol;lucht;1992-08-27T00:00:00+01:00;1996-12-12T00:00:00+01:00;regionaal;achtergrond;3
NL10928_hexadecaan_lucht;NL10928;hexadecaan;lucht;1992-08-27T00:00:00+01:00;1996-12-12T00:00:00+01:00;regionaal;achtergrond;3
NL10928_limoneen_lucht;NL10928;limoneen;lucht;1992-08-27T00:00:00+01:00;1996-12-12T00:00:00+01:00;regionaal;achtergrond;3
NL10928_m-xyleen_lucht;NL10928;m-xyleen;lucht;1992-08-27T00:00:00+01:00;1996-12-12T00:00:00+01:00;regionaal;achtergrond;3
NL10928_n-heptaan_lucht;NL10928;n-heptaan;lucht;1992-08-27T00:00:00+01:00;1996-12-12T00:00:00+01:00;regionaal;achtergrond;3
NL10928_n-hexaan_lucht;NL10928;n-hexaan;lucht;1992-08-27T00:00:00+01:00;1996-12-12T00:00:00+01:00;regionaal;achtergrond;3
NL10928_n-octaan_lucht;NL10928;n-octaan;lucht;1992-08-27T00:00:00+01:00;1996-12-12T00:00:00+01:00;regionaal;achtergrond;3
NL10928_naftaleen_lucht;NL10928;naftaleen;lucht;1992-08-27T00:00:00+01:00;1996-12-12T00:00:00+01:00;regionaal;achtergrond;3
NL10928_nonaan_lucht;NL10928;nonaan;lucht;1992-08-27T00:00:00+01:00;1996-12-12T00:00:00+01:00;regionaal;achtergrond;3
NL10928_orthoxyleen_lucht;NL10928;orthoxyleen;lucht;1992-08-27T00:00:00+01:00;1996-12-12T00:00:00+01:00;regionaal;achtergrond;3
NL10928_p-xyleen_lucht;NL10928;p-xyleen;lucht;1992-08-27T00:00:00+01:00;1996-12-12T00:00:00+01:00;regionaal;achtergrond;3
NL10928_pentadecaan_lucht;NL10928;pentadecaan;lucht;1992-08-27T00:00:00+01:00;1996-12-12T00:00:00+01:00;regionaal;achtergrond;3
NL10928_propylbenzeen_lucht;NL10928;propylbenzeen;lucht;1992-08-27T00:00:00+01:00;1996-12-12T00:00:00+01:00;regionaal;achtergrond;3
NL10928_styreen_lucht;NL10928;styreen;lucht;1992-08-27T00:00:00+01:00;1996-12-12T00:00:00+01:00;regionaal;achtergrond;3
NL10928_tetrachleteen_lucht;NL10928;tetrachleteen;lucht;1992-08-27T00:00:00+01:00;1996-12-12T00:00:00+01:00;regionaal;achtergrond;3
NL10928_tetrachlmetaan_lucht;NL10928;tetrachlmetaan;lucht;1992-08-27T00:00:00+01:00;1996-12-12T00:00:00+01:00;regionaal;achtergrond;3
NL10928_tetradecaan_lucht;NL10928;tetradecaan;lucht;1992-08-27T00:00:00+01:00;1996-12-12T00:00:00+01:00;regionaal;achtergrond;3
NL10928_tolueen_lucht;NL10928;tolueen;lucht;1992-08-27T00:00:00+01:00;1996-12-12T00:00:00+01:00;regionaal;achtergrond;3
NL10928_trichleteen_lucht;NL10928;trichleteen;lucht;1992-08-27T00:00:00+01:00;1996-12-12T00:00:00+01:00;regionaal;achtergrond;3
NL10928_trichlmetaan_lucht;NL10928;trichlmetaan;lucht;1992-08-27T00:00:00+01:00;1996-12-12T00:00:00+01:00;regionaal;achtergrond;3
NL10928_tridecaan_lucht;NL10928;tridecaan;lucht;1992-08-27T00:00:00+01:00;1996-12-12T00:00:00+01:00;regionaal;achtergrond;3
NL10928_undecaan_lucht;NL10928;undecaan;lucht;1992-08-27T00:00:00+01:00;1996-12-12T00:00:00+01:00;regionaal;achtergrond;3
NL10929_BC_lucht;NL10929;BC;lucht;2015-05-07T00:00:00+01:00;2026-03-18T00:00:00+01:00;regionaal;achtergrond;3
NL10929_BC_lucht;NL10929;BC;lucht;2026-03-17T00:00:00+01:00;;regionaal;achtergrond;
NL10929_BCwb_lucht;NL10929;BCwb;lucht;2026-03-17T00:00:00+01:00;;regionaal;achtergrond;
NL10929_Cl_aerosol;NL10929;Cl;aerosol;2000-02-01T00:00:00+01:00;2009-01-01T00:00:00+01:00;regionaal;achtergrond;3
NL10929_Cl_pm10_aerosol;NL10929;Cl;pm10_aerosol;2009-01-01T00:00:00+01:00;;regionaal;achtergrond;3
NL10929_NH3_lucht;NL10929;NH3;lucht;2000-02-07T00:00:00+01:00;;regionaal;achtergrond;3
NL10929_NH4_aerosol;NL10929;NH4;aerosol;2000-02-01T00:00:00+01:00;2009-01-01T00:00:00+01:00;regionaal;achtergrond;3
NL10929_NH4_pm10_aerosol;NL10929;NH4;pm10_aerosol;2009-01-01T00:00:00+01:00;;regionaal;achtergrond;3
NL10929_NO2_lucht;NL10929;NO2;lucht;2000-02-07T00:00:00+01:00;;regionaal;achtergrond;3
NL10929_NO3_aerosol;NL10929;NO3;aerosol;2000-02-01T00:00:00+01:00;2009-01-01T00:00:00+01:00;regionaal;achtergrond;3
NL10929_NO3_pm10_aerosol;NL10929;NO3;pm10_aerosol;2009-01-01T00:00:00+01:00;;regionaal;achtergrond;3
NL10929_NO_lucht;NL10929;NO;lucht;2000-02-07T00:00:00+01:00;;regionaal;achtergrond;3
NL10929_NOx_lucht;NL10929;NOx;lucht;2000-02-07T00:00:00+01:00;;regionaal;achtergrond;3
NL10929_O3_lucht;NL10929;O3;lucht;2000-02-05T00:00:00+01:00;;regionaal;achtergrond;3
NL10929_Ox_lucht;NL10929;Ox;lucht;2000-02-07T00:00:00+01:00;;regionaal;achtergrond;3
NL10929_PM10_lucht;NL10929;PM10;lucht;2000-02-01T00:00:00+01:00;;regionaal;achtergrond;3
NL10929_SO2_lucht;NL10929;SO2;lucht;2000-02-01T00:00:00+01:00;2012-01-01T00:00:00+01:00;regionaal;achtergrond;3
NL10929_SO4_aerosol;NL10929;SO4;aerosol;2000-02-01T00:00:00+01:00;2009-01-01T00:00:00+01:00;regionaal;achtergrond;3
NL10929_SO4_pm10_aerosol;NL10929;SO4;pm10_aerosol;2009-01-01T00:00:00+01:00;;regionaal;achtergrond;3
NL10929_ZWR_lucht;NL10929;ZWR;lucht;2000-02-06T00:00:00+01:00;2016-07-26T00:00:00+01:00;regionaal;achtergrond;3
NL10934_1-buteen_lucht;NL10934;1-buteen;lucht;2009-01-01T00:00:00+01:00;2012-01-01T00:00:00+01:00;regionaal;achtergrond;3
NL10934_1-penteen_lucht;NL10934;1-penteen;lucht;2009-01-01T00:00:00+01:00;2012-01-01T00:00:00+01:00;regionaal;achtergrond;3
NL10934_111-trichletaan_lucht;NL10934;111-trichletaan;lucht;1997-03-03T00:00:00+01:00;2009-12-22T00:00:00+01:00;regionaal;achtergrond;3
NL10934_112-trichletaan_lucht;NL10934;112-trichletaan;lucht;1997-03-03T00:00:00+01:00;2009-12-22T00:00:00+01:00;regionaal;achtergrond;3
NL10934_12-dichlbenz_lucht;NL10934;12-dichlbenz;lucht;1997-03-03T00:00:00+01:00;2009-12-22T00:00:00+01:00;regionaal;achtergrond;3
NL10934_12-dichletaan_lucht;NL10934;12-dichletaan;lucht;1997-03-03T00:00:00+01:00;2009-12-22T00:00:00+01:00;regionaal;achtergrond;3
NL10934_12-dichlpropaan_lucht;NL10934;12-dichlpropaan;lucht;1997-03-03T00:00:00+01:00;2009-12-22T00:00:00+01:00;regionaal;achtergrond;3
NL10934_123-trichlbenz_lucht;NL10934;123-trichlbenz;lucht;1997-03-03T00:00:00+01:00;2009-12-22T00:00:00+01:00;regionaal;achtergrond;3
NL10934_123-trimetben_lucht;NL10934;123-trimetben;lucht;1997-03-03T00:00:00+01:00;2012-01-01T00:00:00+01:00;regionaal;achtergrond;3
NL10934_124-trichlbenz_lucht;NL10934;124-trichlbenz;lucht;1997-03-03T00:00:00+01:00;2009-12-22T00:00:00+01:00;regionaal;achtergrond;3
NL10934_124-trimetben_lucht;NL10934;124-trimetben;lucht;1997-03-03T00:00:00+01:00;2012-01-01T00:00:00+01:00;regionaal;achtergrond;3
NL10934_13-butadieen_lucht;NL10934;13-butadieen;lucht;2009-01-01T00:00:00+01:00;2012-01-01T00:00:00+01:00;regionaal;achtergrond;3
NL10934_13-dichlbenz_lucht;NL10934;13-dichlbenz;lucht;1997-03-03T00:00:00+01:00;2009-12-22T00:00:00+01:00;regionaal;achtergrond;3
NL10934_135-trichlbenz_lucht;NL10934;135-trichlbenz;lucht;1997-03-03T00:00:00+01:00;2009-12-22T00:00:00+01:00;regionaal;achtergrond;3
NL10934_135-trimetben_lucht;NL10934;135-trimetben;lucht;1997-03-03T00:00:00+01:00;2012-01-01T00:00:00+01:00;regionaal;achtergrond;3
NL10934_14-dichlbenz_lucht;NL10934;14-dichlbenz;lucht;1997-03-03T00:00:00+01:00;2009-12-22T00:00:00+01:00;regionaal;achtergrond;3
NL10934_2-ethyltolueen_lucht;NL10934;2-ethyltolueen;lucht;1997-03-03T00:00:00+01:00;2009-12-22T00:00:00+01:00;regionaal;achtergrond;3
NL10934_2-methnaftaleen_lucht;NL10934;2-methnaftaleen;lucht;1997-03-03T00:00:00+01:00;2009-12-22T00:00:00+01:00;regionaal;achtergrond;3
NL10934_2-penteen_lucht;NL10934;2-penteen;lucht;2009-01-01T00:00:00+01:00;2012-01-01T00:00:00+01:00;regionaal;achtergrond;3
NL10934_3-ethyltolueen_lucht;NL10934;3-ethyltolueen;lucht;1997-03-03T00:00:00+01:00;2009-12-22T00:00:00+01:00;regionaal;achtergrond;3
NL10934_4-ethyltolueen_lucht;NL10934;4-ethyltolueen;lucht;1997-03-03T00:00:00+01:00;2009-12-22T00:00:00+01:00;regionaal;achtergrond;3
NL10934_As_aerosol;NL10934;As;aerosol;1989-01-01T00:00:00+01:00;2008-01-01T00:00:00+01:00;regionaal;achtergrond;3
NL10934_As_pm10_aerosol;NL10934;As;pm10_aerosol;2008-01-01T00:00:00+01:00;2014-01-01T00:00:00+01:00;regionaal;achtergrond;3
NL10934_CO_lucht;NL10934;CO;lucht;1994-02-03T00:00:00+01:00;2012-08-28T00:00:00+01:00;regionaal;achtergrond;3
NL10934_Ca_aerosol;NL10934;Ca;aerosol;1989-01-01T00:00:00+01:00;2008-01-01T00:00:00+01:00;regionaal;achtergrond;3
NL10934_Ca_pm10_aerosol;NL10934;Ca;pm10_aerosol;2008-01-01T00:00:00+01:00;2014-01-01T00:00:00+01:00;regionaal;achtergrond;3
NL10934_Cd_aerosol;NL10934;Cd;aerosol;1989-01-01T00:00:00+01:00;2008-01-01T00:00:00+01:00;regionaal;achtergrond;3
NL10934_Cd_pm10_aerosol;NL10934;Cd;pm10_aerosol;2008-01-01T00:00:00+01:00;2014-01-01T00:00:00+01:00;regionaal;achtergrond;3
NL10934_Cl_aerosol;NL10934;Cl;aerosol;1993-07-01T00:00:00+01:00;2009-01-01T00:00:00+01:00;regionaal;achtergrond;3
NL10934_Cl_pm10_aerosol;NL10934;Cl;pm10_aerosol;2009-01-01T00:00:00+01:00;2013-01-01T00:00:00+01:00;regionaal;achtergrond;3
NL10934_Mg_pm10_aerosol;NL10934;Mg;pm10_aerosol;2008-01-01T00:00:00+01:00;2014-01-01T00:00:00+01:00;regionaal;achtergrond;3
NL10934_NH3_lucht;NL10934;NH3;lucht;2022-08-15T00:00:00+01:00;;regionaal;achtergrond;3
NL10934_NH4_aerosol;NL10934;NH4;aerosol;1993-07-01T00:00:00+01:00;2009-01-01T00:00:00+01:00;regionaal;achtergrond;3
NL10934_NH4_pm10_aerosol;NL10934;NH4;pm10_aerosol;2009-01-01T00:00:00+01:00;2013-01-01T00:00:00+01:00;regionaal;achtergrond;3
NL10934_NO2_lucht;NL10934;NO2;lucht;1989-12-28T00:00:00+01:00;;regionaal;achtergrond;3
NL10934_NO3_aerosol;NL10934;NO3;aerosol;1993-07-01T00:00:00+01:00;2009-01-01T00:00:00+01:00;regionaal;achtergrond;3
NL10934_NO3_pm10_aerosol;NL10934;NO3;pm10_aerosol;2009-01-01T00:00:00+01:00;2013-01-01T00:00:00+01:00;regionaal;achtergrond;3
NL10934_NO_lucht;NL10934;NO;lucht;1989-12-28T00:00:00+01:00;;regionaal;achtergrond;3
NL10934_NOx_lucht;NL10934;NOx;lucht;1989-12-28T00:00:00+01:00;;regionaal;achtergrond;3
NL10934_Na_pm10_aerosol;NL10934;Na;pm10_aerosol;2008-01-01T00:00:00+01:00;2014-01-01T00:00:00+01:00;regionaal;achtergrond;3
NL10934_Ni_aerosol;NL10934;Ni;aerosol;1989-01-01T00:00:00+01:00;2008-01-01T00:00:00+01:00;regionaal;achtergrond;3
NL10934_Ni_pm10_aerosol;NL10934;Ni;pm10_aerosol;2008-01-01T00:00:00+01:00;2014-01-01T00:00:00+01:00;regionaal;achtergrond;3
NL10934_O3_lucht;NL10934;O3;lucht;1989-12-21T00:00:00+01:00;;regionaal;achtergrond;3
NL10934_Ox_lucht;NL10934;Ox;lucht;1989-12-28T00:00:00+01:00;;regionaal;achtergrond;3
NL10934_PM10_lucht;NL10934;PM10;lucht;2003-04-01T00:00:00+01:00;;regionaal;achtergrond;3
NL10934_PM2.5_lucht;NL10934;PM2.5;lucht;2008-09-01T00:00:00+01:00;;regionaal;achtergrond;3
NL10934_Pb_aerosol;NL10934;Pb;aerosol;1989-01-01T00:00:00+01:00;2008-01-01T00:00:00+01:00;regionaal;achtergrond;3
NL10934_Pb_pm10_aerosol;NL10934;Pb;pm10_aerosol;2008-01-01T00:00:00+01:00;2014-01-01T00:00:00+01:00;regionaal;achtergrond;3
NL10934_SO2_lucht;NL10934;SO2;lucht;1989-12-22T00:00:00+01:00;;regionaal;achtergrond;3
NL10934_SO4_aerosol;NL10934;SO4;aerosol;1993-07-01T00:00:00+01:00;2009-01-01T00:00:00+01:00;regionaal;achtergrond;3
NL10934_SO4_pm10_aerosol;NL10934;SO4;pm10_aerosol;2009-01-01T00:00:00+01:00;2013-01-01T00:00:00+01:00;regionaal;achtergrond;3
NL10934_Zn_aerosol;NL10934;Zn;aerosol;1989-01-01T00:00:00+01:00;2008-01-01T00:00:00+01:00;regionaal;achtergrond;3
NL10934_Zn_pm10_aerosol;NL10934;Zn;pm10_aerosol;2008-01-01T00:00:00+01:00;2014-01-01T00:00:00+01:00;regionaal;achtergrond;3
NL10934_acetyleen_lucht;NL10934;acetyleen;lucht;2009-01-01T00:00:00+01:00;2012-01-01T00:00:00+01:00;regionaal;achtergrond;3
NL10934_benz-a-antr_pm10_aerosol;NL10934;benz-a-antr;pm10_aerosol;2009-01-01T00:00:00+01:00;2014-01-01T00:00:00+01:00;regionaal;achtergrond;3
NL10934_benz-a-pyreen_pm10_aerosol;NL10934;benz-a-pyreen;pm10_aerosol;2009-01-01T00:00:00+01:00;2014-01-01T00:00:00+01:00;regionaal;achtergrond;3
NL10934_benz-bjk-fluor_pm10_aerosol;NL10934;benz-bjk-fluor;pm10_aerosol;2009-01-01T00:00:00+01:00;2014-01-01T00:00:00+01:00;regionaal;achtergrond;3
NL10934_benz-ghi-peryl_pm10_aerosol;NL10934;benz-ghi-peryl;pm10_aerosol;2009-01-01T00:00:00+01:00;2014-01-01T00:00:00+01:00;regionaal;achtergrond;3
NL10934_benzeen_lucht;NL10934;benzeen;lucht;1997-03-03T00:00:00+01:00;2012-01-01T00:00:00+01:00;regionaal;achtergrond;3
NL10934_butylbenzeen_lucht;NL10934;butylbenzeen;lucht;1997-03-03T00:00:00+01:00;2009-12-22T00:00:00+01:00;regionaal;achtergrond;3
NL10934_chloorbenzeen_lucht;NL10934;chloorbenzeen;lucht;1997-03-03T00:00:00+01:00;2009-12-22T00:00:00+01:00;regionaal;achtergrond;3
NL10934_chryseen_pm10_aerosol;NL10934;chryseen;pm10_aerosol;2009-01-01T00:00:00+01:00;2014-01-01T00:00:00+01:00;regionaal;achtergrond;3
NL10934_cis-2-buteen_lucht;NL10934;cis-2-buteen;lucht;2009-01-01T00:00:00+01:00;2012-01-01T00:00:00+01:00;regionaal;achtergrond;3
NL10934_cumeen_lucht;NL10934;cumeen;lucht;1997-03-03T00:00:00+01:00;2009-12-22T00:00:00+01:00;regionaal;achtergrond;3
NL10934_cymeen_lucht;NL10934;cymeen;lucht;1997-03-03T00:00:00+01:00;2009-12-22T00:00:00+01:00;regionaal;achtergrond;3
NL10934_decaan_lucht;NL10934;decaan;lucht;1997-03-03T00:00:00+01:00;2009-12-22T00:00:00+01:00;regionaal;achtergrond;3
NL10934_dibenz-ah-antr_pm10_aerosol;NL10934;dibenz-ah-antr;pm10_aerosol;2009-01-01T00:00:00+01:00;2014-01-01T00:00:00+01:00;regionaal;achtergrond;3
NL10934_dodecaan_lucht;NL10934;dodecaan;lucht;1997-03-03T00:00:00+01:00;2009-12-22T00:00:00+01:00;regionaal;achtergrond;3
NL10934_ethaan_lucht;NL10934;ethaan;lucht;2009-01-01T00:00:00+01:00;2012-01-01T00:00:00+01:00;regionaal;achtergrond;3
NL10934_ethylbenzeen_lucht;NL10934;ethylbenzeen;lucht;1997-03-03T00:00:00+01:00;2012-01-01T00:00:00+01:00;regionaal;achtergrond;3
NL10934_ethyleen_lucht;NL10934;ethyleen;lucht;2009-01-01T00:00:00+01:00;2012-01-01T00:00:00+01:00;regionaal;achtergrond;3
NL10934_fenol_lucht;NL10934;fenol;lucht;1997-03-03T00:00:00+01:00;2009-12-22T00:00:00+01:00;regionaal;achtergrond;3
NL10934_hexadecaan_lucht;NL10934;hexadecaan;lucht;1997-03-03T00:00:00+01:00;2009-12-22T00:00:00+01:00;regionaal;achtergrond;3
NL10934_i-butaan_lucht;NL10934;i-butaan;lucht;2009-01-01T00:00:00+01:00;2012-01-01T00:00:00+01:00;regionaal;achtergrond;3
NL10934_i-hexaan_lucht;NL10934;i-hexaan;lucht;2009-01-01T00:00:00+01:00;2012-01-01T00:00:00+01:00;regionaal;achtergrond;3
NL10934_i-octaan_lucht;NL10934;i-octaan;lucht;2009-01-01T00:00:00+01:00;2012-01-01T00:00:00+01:00;regionaal;achtergrond;3
NL10934_i-pentaan_lucht;NL10934;i-pentaan;lucht;2009-01-01T00:00:00+01:00;2012-01-01T00:00:00+01:00;regionaal;achtergrond;3
NL10934_ind-123cd-pyr_pm10_aerosol;NL10934;ind-123cd-pyr;pm10_aerosol;2009-01-01T00:00:00+01:00;2014-01-01T00:00:00+01:00;regionaal;achtergrond;3
NL10934_isopreen_lucht;NL10934;isopreen;lucht;2009-01-01T00:00:00+01:00;2012-01-01T00:00:00+01:00;regionaal;achtergrond;3
NL10934_limoneen_lucht;NL10934;limoneen;lucht;1997-03-03T00:00:00+01:00;2009-12-22T00:00:00+01:00;regionaal;achtergrond;3
NL10934_m-xyleen_lucht;NL10934;m-xyleen;lucht;1997-03-03T00:00:00+01:00;2009-12-22T00:00:00+01:00;regionaal;achtergrond;3
NL10934_meta-paraxyleen_lucht;NL10934;meta-paraxyleen;lucht;2009-01-01T00:00:00+01:00;2012-01-01T00:00:00+01:00;regionaal;achtergrond;3
NL10934_n-butaan_lucht;NL10934;n-butaan;lucht;2009-01-01T00:00:00+01:00;2012-01-01T00:00:00+01:00;regionaal;achtergrond;3
NL10934_n-heptaan_lucht;NL10934;n-heptaan;lucht;1997-03-03T00:00:00+01:00;2012-01-01T00:00:00+01:00;regionaal;achtergrond;3
NL10934_n-hexaan_lucht;NL10934;n-hexaan;lucht;1997-03-03T00:00:00+01:00;2012-01-01T00:00:00+01:00;regionaal;achtergrond;3
NL10934_n-octaan_lucht;NL10934;n-octaan;lucht;1997-03-03T00:00:00+01:00;2012-01-01T00:00:00+01:00;regionaal;achtergrond;3
NL10934_n-pentaan_lucht;NL10934;n-pentaan;lucht;2009-01-01T00:00:00+01:00;2012-01-01T00:00:00+01:00;regionaal;achtergrond;3
NL10934_naftaleen_lucht;NL10934;naftaleen;lucht;1997-03-03T00:00:00+01:00;2009-12-22T00:00:00+01:00;regionaal;achtergrond;3
NL10934_nonaan_lucht;NL10934;nonaan;lucht;1997-03-03T00:00:00+01:00;2009-12-22T00:00:00+01:00;regionaal;achtergrond;3
NL10934_orthoxyleen_lucht;NL10934;orthoxyleen;lucht;1997-03-03T00:00:00+01:00;2012-01-01T00:00:00+01:00;regionaal;achtergrond;3
NL10934_p-xyleen_lucht;NL10934;p-xyleen;lucht;1997-03-03T00:00:00+01:00;2009-12-22T00:00:00+01:00;regionaal;achtergrond;3
NL10934_pentadecaan_lucht;NL10934;pentadecaan;lucht;1997-03-03T00:00:00+01:00;2009-12-22T00:00:00+01:00;regionaal;achtergrond;3
NL10934_propaan_lucht;NL10934;propaan;lucht;2009-01-01T00:00:00+01:00;2012-01-01T00:00:00+01:00;regionaal;achtergrond;3
NL10934_propeen_lucht;NL10934;propeen;lucht;2009-01-01T00:00:00+01:00;2012-01-01T00:00:00+01:00;regionaal;achtergrond;3
NL10934_propylbenzeen_lucht;NL10934;propylbenzeen;lucht;1997-03-03T00:00:00+01:00;2009-12-22T00:00:00+01:00;regionaal;achtergrond;3
NL10934_styreen_lucht;NL10934;styreen;lucht;1997-03-03T00:00:00+01:00;2009-12-22T00:00:00+01:00;regionaal;achtergrond;3
NL10934_tetrachleteen_lucht;NL10934;tetrachleteen;lucht;1997-03-03T00:00:00+01:00;2009-12-22T00:00:00+01:00;regionaal;achtergrond;3
NL10934_tetrachlmetaan_lucht;NL10934;tetrachlmetaan;lucht;1997-03-03T00:00:00+01:00;2009-12-22T00:00:00+01:00;regionaal;achtergrond;3
NL10934_tetradecaan_lucht;NL10934;tetradecaan;lucht;1997-03-03T00:00:00+01:00;2009-12-22T00:00:00+01:00;regionaal;achtergrond;3
NL10934_tolueen_lucht;NL10934;tolueen;lucht;1997-03-03T00:00:00+01:00;2012-01-01T00:00:00+01:00;regionaal;achtergrond;3
NL10934_trans-2-buteen_lucht;NL10934;trans-2-buteen;lucht;2009-01-01T00:00:00+01:00;2012-01-01T00:00:00+01:00;regionaal;achtergrond;3
NL10934_trichleteen_lucht;NL10934;trichleteen;lucht;1997-03-03T00:00:00+01:00;2009-12-22T00:00:00+01:00;regionaal;achtergrond;3
NL10934_trichlmetaan_lucht;NL10934;trichlmetaan;lucht;1997-03-03T00:00:00+01:00;2009-12-22T00:00:00+01:00;regionaal;achtergrond;3
NL10934_tridecaan_lucht;NL10934;tridecaan;lucht;1997-03-03T00:00:00+01:00;2009-12-22T00:00:00+01:00;regionaal;achtergrond;3
NL10934_undecaan_lucht;NL10934;undecaan;lucht;1997-03-03T00:00:00+01:00;2009-12-22T00:00:00+01:00;regionaal;achtergrond;3
NL10937_NO2_lucht;NL10937;NO2;lucht;2003-05-07T00:00:00+01:00;;stad;verkeer;3
NL10937_NO_lucht;NL10937;NO;lucht;2003-05-07T00:00:00+01:00;;stad;verkeer;3
NL10937_NOx_lucht;NL10937;NOx;lucht;2003-05-07T00:00:00+01:00;;stad;verkeer;3
NL10937_O3_lucht;NL10937;O3;lucht;2003-05-07T00:00:00+01:00;2005-02-15T00:00:00+01:00;stad;verkeer;3
NL10937_Ox_lucht;NL10937;Ox;lucht;2003-05-07T00:00:00+01:00;2005-02-15T00:00:00+01:00;stad;verkeer;3
NL10937_PM10_lucht;NL10937;PM10;lucht;2003-05-01T00:00:00+01:00;;stad;verkeer;3
NL10937_PM2.5_lucht;NL10937;PM2.5;lucht;2009-07-01T00:00:00+01:00;;stad;verkeer;3
NL10938_BC_lucht;NL10938;BC;lucht;2015-05-04T00:00:00+01:00;2026-02-19T00:00:00+01:00;stad;achtergrond;3
NL10938_BC_lucht;NL10938;BC;lucht;2026-02-18T00:00:00+01:00;;stad;achtergrond;
NL10938_BCwb_lucht;NL10938;BCwb;lucht;2026-02-18T00:00:00+01:00;;stad;achtergrond;
NL10938_CO_lucht;NL10938;CO;lucht;2006-03-08T00:00:00+01:00;2011-05-18T00:00:00+01:00;stad;achtergrond;3
NL10938_NO2_lucht;NL10938;NO2;lucht;2005-06-29T00:00:00+01:00;;stad;achtergrond;3
NL10938_NO_lucht;NL10938;NO;lucht;2005-06-29T00:00:00+01:00;;stad;achtergrond;3
NL10938_NOx_lucht;NL10938;NOx;lucht;2005-06-29T00:00:00+01:00;;stad;achtergrond;3
NL10938_O3_lucht;NL10938;O3;lucht;2005-04-25T00:00:00+01:00;;voorstad;achtergrond;3
NL10938_Ox_lucht;NL10938;Ox;lucht;2005-06-29T00:00:00+01:00;;stad;achtergrond;3
NL10938_PM2.5_lucht;NL10938;PM2.5;lucht;2008-01-01T00:00:00+01:00;;stad;achtergrond;3
NL10999_CO_lucht;NL10999;CO;lucht;1996-09-06T00:00:00+01:00;2000-01-05T00:00:00+01:00;regionaal;achtergrond;3
NL10999_NO2_lucht;NL10999;NO2;lucht;1996-09-06T00:00:00+01:00;2000-01-05T00:00:00+01:00;regionaal;achtergrond;3
NL10999_NO_lucht;NL10999;NO;lucht;1996-09-06T00:00:00+01:00;2000-01-05T00:00:00+01:00;regionaal;achtergrond;3
NL10999_NOx_lucht;NL10999;NOx;lucht;1996-09-06T00:00:00+01:00;2000-01-05T00:00:00+01:00;regionaal;achtergrond;3
NL10999_Ox_lucht;NL10999;Ox;lucht;1996-09-06T00:00:00+01:00;2000-01-05T00:00:00+01:00;regionaal;achtergrond;3
NL10999_ZWR_lucht;NL10999;ZWR;lucht;1996-09-01T00:00:00+01:00;2000-01-01T00:00:00+01:00;regionaal;achtergrond;3
NL11444_Ca_regenwater;NL11444;Ca;regenwater;2013-01-01T00:00:00+01:00;;regionaal;achtergrond;3
NL11444_Cl_regenwater;NL11444;Cl;regenwater;2013-01-01T00:00:00+01:00;;regionaal;achtergrond;3
NL11444_K25_regenwater;NL11444;K25;regenwater;2013-01-01T00:00:00+01:00;;regionaal;achtergrond;3
NL11444_K_regenwater;NL11444;K;regenwater;2013-01-01T00:00:00+01:00;;regionaal;achtergrond;3
NL11444_Mg_regenwater;NL11444;Mg;regenwater;2013-01-01T00:00:00+01:00;;regionaal;achtergrond;3
NL11444_NH4_regenwater;NL11444;NH4;regenwater;2013-01-01T00:00:00+01:00;;regionaal;achtergrond;3
NL11444_NO3_regenwater;NL11444;NO3;regenwater;2013-01-01T00:00:00+01:00;;regionaal;achtergrond;3
NL11444_Na_regenwater;NL11444;Na;regenwater;2013-01-01T00:00:00+01:00;;regionaal;achtergrond;3
NL11444_SO4_regenwater;NL11444;SO4;regenwater;2013-01-01T00:00:00+01:00;;regionaal;achtergrond;3
NL11444_massa_ece_regenwater;NL11444;massa_ece;regenwater;2013-01-01T00:00:00+01:00;;regionaal;achtergrond;3
NL11444_pH_regenwater;NL11444;pH;regenwater;2013-01-01T00:00:00+01:00;;regionaal;achtergrond;3
NL11444_st.zr._regenwater;NL11444;st.zr.;regenwater;2013-01-01T00:00:00+01:00;;regionaal;achtergrond;3
NL11934_CH4_lucht;NL11934;CH4;lucht;2000-01-01T00:00:00+01:00;2011-01-01T00:00:00+01:00;regionaal;achtergrond;
NL11934_CO2_lucht;NL11934;CO2;lucht;2000-01-01T00:00:00+01:00;2011-01-01T00:00:00+01:00;regionaal;achtergrond;
NL11934_CO_lucht;NL11934;CO;lucht;2000-01-01T00:00:00+01:00;2005-01-01T00:00:00+01:00;regionaal;achtergrond;
NL11934_Ca_regenwater;NL11934;Ca;regenwater;1993-06-30T00:00:00+01:00;2013-01-01T00:00:00+01:00;regionaal;achtergrond;3
NL11934_Cl_regenwater;NL11934;Cl;regenwater;1993-06-30T00:00:00+01:00;2013-01-01T00:00:00+01:00;regionaal;achtergrond;3
NL11934_K25_regenwater;NL11934;K25;regenwater;1993-06-30T00:00:00+01:00;2013-01-01T00:00:00+01:00;regionaal;achtergrond;3
NL11934_K_regenwater;NL11934;K;regenwater;1993-06-30T00:00:00+01:00;2013-01-01T00:00:00+01:00;regionaal;achtergrond;3
NL11934_Mg_regenwater;NL11934;Mg;regenwater;1993-06-30T00:00:00+01:00;2013-01-01T00:00:00+01:00;regionaal;achtergrond;3
NL11934_NH4_regenwater;NL11934;NH4;regenwater;1993-06-30T00:00:00+01:00;2013-01-01T00:00:00+01:00;regionaal;achtergrond;3
NL11934_NO3_regenwater;NL11934;NO3;regenwater;1993-06-30T00:00:00+01:00;2013-01-01T00:00:00+01:00;regionaal;achtergrond;3
NL11934_Na_regenwater;NL11934;Na;regenwater;1993-06-30T00:00:00+01:00;2013-01-01T00:00:00+01:00;regionaal;achtergrond;3
NL11934_SO4_regenwater;NL11934;SO4;regenwater;1993-06-30T00:00:00+01:00;2013-01-01T00:00:00+01:00;regionaal;achtergrond;3
NL11934_massa_ece_regenwater;NL11934;massa_ece;regenwater;1993-06-30T00:00:00+01:00;2013-01-01T00:00:00+01:00;regionaal;achtergrond;3
NL11934_pH_regenwater;NL11934;pH;regenwater;1993-06-30T00:00:00+01:00;2013-01-01T00:00:00+01:00;regionaal;achtergrond;3
NL11934_st.zr._regenwater;NL11934;st.zr.;regenwater;1993-06-30T00:00:00+01:00;2013-01-01T00:00:00+01:00;regionaal;achtergrond;3
NL12131_As_regenwater;NL12131;As;regenwater;1987-12-31T00:00:00+01:00;;regionaal;achtergrond;3
NL12131_Ca_regenwater;NL12131;Ca;regenwater;1987-12-31T00:00:00+01:00;;regionaal;achtergrond;3
NL12131_Cd_regenwater;NL12131;Cd;regenwater;1987-12-31T00:00:00+01:00;;regionaal;achtergrond;3
NL12131_Cl_regenwater;NL12131;Cl;regenwater;1987-12-31T00:00:00+01:00;;regionaal;achtergrond;3
NL12131_Co_regenwater;NL12131;Co;regenwater;1987-12-31T00:00:00+01:00;;regionaal;achtergrond;3
NL12131_Cr_regenwater;NL12131;Cr;regenwater;1987-12-31T00:00:00+01:00;;regionaal;achtergrond;3
NL12131_Cu_regenwater;NL12131;Cu;regenwater;1987-12-31T00:00:00+01:00;;regionaal;achtergrond;3
NL12131_F_regenwater;NL12131;F;regenwater;1987-12-31T00:00:00+01:00;;regionaal;achtergrond;3
NL12131_Fe_regenwater;NL12131;Fe;regenwater;1987-12-31T00:00:00+01:00;;regionaal;achtergrond;3
NL12131_K25_regenwater;NL12131;K25;regenwater;1987-12-31T00:00:00+01:00;;regionaal;achtergrond;3
NL12131_K_regenwater;NL12131;K;regenwater;1987-12-31T00:00:00+01:00;;regionaal;achtergrond;3
NL12131_Mg_regenwater;NL12131;Mg;regenwater;1987-12-31T00:00:00+01:00;;regionaal;achtergrond;3
NL12131_Mn_regenwater;NL12131;Mn;regenwater;1987-12-31T00:00:00+01:00;2006-01-11T00:00:00+01:00;regionaal;achtergrond;3
NL12131_NH4_regenwater;NL12131;NH4;regenwater;1987-12-31T00:00:00+01:00;;regionaal;achtergrond;3
NL12131_NO3_regenwater;NL12131;NO3;regenwater;1987-12-31T00:00:00+01:00;;regionaal;achtergrond;3
NL12131_Na_regenwater;NL12131;Na;regenwater;1987-12-31T00:00:00+01:00;;regionaal;achtergrond;3
NL12131_Ni_regenwater;NL12131;Ni;regenwater;1987-12-31T00:00:00+01:00;;regionaal;achtergrond;3
NL12131_PO4_regenwater;NL12131;PO4;regenwater;1987-12-31T00:00:00+01:00;;regionaal;achtergrond;3
NL12131_Pb_regenwater;NL12131;Pb;regenwater;1987-12-31T00:00:00+01:00;;regionaal;achtergrond;3
NL12131_SO4_regenwater;NL12131;SO4;regenwater;1987-12-31T00:00:00+01:00;;regionaal;achtergrond;3
NL12131_V_regenwater;NL12131;V;regenwater;1987-12-31T00:00:00+01:00;;regionaal;achtergrond;3
NL12131_Zn_regenwater;NL12131;Zn;regenwater;1987-12-31T00:00:00+01:00;;regionaal;achtergrond;3
NL12131_massa_hc_regenwater;NL12131;massa_hc;regenwater;1987-12-31T00:00:00+01:00;;regionaal;achtergrond;3
NL12131_massa_zm_regenwater;NL12131;massa_zm;regenwater;1987-12-31T00:00:00+01:00;;regionaal;achtergrond;3
NL12131_pH_regenwater;NL12131;pH;regenwater;1987-12-31T00:00:00+01:00;;regionaal;achtergrond;3
NL12131_st.zr._regenwater;NL12131;st.zr.;regenwater;1987-12-31T00:00:00+01:00;;regionaal;achtergrond;3
NL12134_As_regenwater;NL12134;As;regenwater;1980-12-31T00:00:00+01:00;2005-12-14T00:00:00+01:00;regionaal;achtergrond;3
NL12134_Ca_regenwater;NL12134;Ca;regenwater;1978-01-02T00:00:00+01:00;2012-12-02T00:00:00+01:00;regionaal;achtergrond;3
NL12134_Cd_regenwater;NL12134;Cd;regenwater;1980-12-31T00:00:00+01:00;2005-12-14T00:00:00+01:00;regionaal;achtergrond;3
NL12134_Cl_regenwater;NL12134;Cl;regenwater;1978-01-02T00:00:00+01:00;2012-12-02T00:00:00+01:00;regionaal;achtergrond;3
NL12134_Co_regenwater;NL12134;Co;regenwater;1980-12-31T00:00:00+01:00;2005-12-14T00:00:00+01:00;regionaal;achtergrond;3
NL12134_Cr_regenwater;NL12134;Cr;regenwater;1980-12-31T00:00:00+01:00;2005-12-14T00:00:00+01:00;regionaal;achtergrond;3
NL12134_Cu_regenwater;NL12134;Cu;regenwater;1980-12-31T00:00:00+01:00;2005-12-14T00:00:00+01:00;regionaal;achtergrond;3
NL12134_F_regenwater;NL12134;F;regenwater;1978-01-02T00:00:00+01:00;2012-12-02T00:00:00+01:00;regionaal;achtergrond;3
NL12134_Fe_regenwater;NL12134;Fe;regenwater;1980-12-31T00:00:00+01:00;2005-12-14T00:00:00+01:00;regionaal;achtergrond;3
NL12134_K25_regenwater;NL12134;K25;regenwater;1987-02-02T00:00:00+01:00;2012-12-02T00:00:00+01:00;regionaal;achtergrond;3
NL12134_K_regenwater;NL12134;K;regenwater;1978-01-02T00:00:00+01:00;2012-12-02T00:00:00+01:00;regionaal;achtergrond;3
NL12134_Mg_regenwater;NL12134;Mg;regenwater;1978-01-02T00:00:00+01:00;2012-12-02T00:00:00+01:00;regionaal;achtergrond;3
NL12134_Mn_regenwater;NL12134;Mn;regenwater;1980-12-31T00:00:00+01:00;2005-12-14T00:00:00+01:00;regionaal;achtergrond;3
NL12134_NH4_regenwater;NL12134;NH4;regenwater;1978-01-02T00:00:00+01:00;2012-12-02T00:00:00+01:00;regionaal;achtergrond;3
NL12134_NO3_regenwater;NL12134;NO3;regenwater;1978-01-02T00:00:00+01:00;2012-12-02T00:00:00+01:00;regionaal;achtergrond;3
NL12134_Na_regenwater;NL12134;Na;regenwater;1978-01-02T00:00:00+01:00;2012-12-02T00:00:00+01:00;regionaal;achtergrond;3
NL12134_Ni_regenwater;NL12134;Ni;regenwater;1980-12-31T00:00:00+01:00;2005-12-14T00:00:00+01:00;regionaal;achtergrond;3
NL12134_PO4_regenwater;NL12134;PO4;regenwater;1978-01-02T00:00:00+01:00;2012-12-02T00:00:00+01:00;regionaal;achtergrond;3
NL12134_Pb_regenwater;NL12134;Pb;regenwater;1980-12-31T00:00:00+01:00;2005-12-14T00:00:00+01:00;regionaal;achtergrond;3
NL12134_SO4_regenwater;NL12134;SO4;regenwater;1978-01-02T00:00:00+01:00;2012-12-02T00:00:00+01:00;regionaal;achtergrond;3
NL12134_Se_regenwater;NL12134;Se;regenwater;1980-12-31T00:00:00+01:00;1987-02-02T00:00:00+01:00;regionaal;achtergrond;3
NL12134_V_regenwater;NL12134;V;regenwater;1980-12-31T00:00:00+01:00;2005-12-14T00:00:00+01:00;regionaal;achtergrond;3
NL12134_Zn_regenwater;NL12134;Zn;regenwater;1978-01-02T00:00:00+01:00;2005-12-14T00:00:00+01:00;regionaal;achtergrond;3
NL12134_massa_hc_regenwater;NL12134;massa_hc;regenwater;1987-02-02T00:00:00+01:00;2012-12-02T00:00:00+01:00;regionaal;achtergrond;3
NL12134_massa_zm_regenwater;NL12134;massa_zm;regenwater;1980-12-31T00:00:00+01:00;2005-12-14T00:00:00+01:00;regionaal;achtergrond;3
NL12134_pH_regenwater;NL12134;pH;regenwater;1978-01-02T00:00:00+01:00;2012-12-02T00:00:00+01:00;regionaal;achtergrond;3
NL12134_st.zr._regenwater;NL12134;st.zr.;regenwater;1987-02-02T00:00:00+01:00;2012-12-02T00:00:00+01:00;regionaal;achtergrond;3
NL12135_As_regenwater;NL12135;As;regenwater;1982-12-31T00:00:00+01:00;1987-12-31T00:00:00+01:00;regionaal;achtergrond;3
NL12135_Ca_regenwater;NL12135;Ca;regenwater;1982-12-31T00:00:00+01:00;1987-12-31T00:00:00+01:00;regionaal;achtergrond;3
NL12135_Cd_regenwater;NL12135;Cd;regenwater;1982-12-31T00:00:00+01:00;1987-12-31T00:00:00+01:00;regionaal;achtergrond;3
NL12135_Cl_regenwater;NL12135;Cl;regenwater;1982-12-31T00:00:00+01:00;1987-12-31T00:00:00+01:00;regionaal;achtergrond;3
NL12135_Co_regenwater;NL12135;Co;regenwater;1982-12-31T00:00:00+01:00;1987-12-31T00:00:00+01:00;regionaal;achtergrond;3
NL12135_Cr_regenwater;NL12135;Cr;regenwater;1982-12-31T00:00:00+01:00;1987-12-31T00:00:00+01:00;regionaal;achtergrond;3
NL12135_Cu_regenwater;NL12135;Cu;regenwater;1982-12-31T00:00:00+01:00;1987-12-31T00:00:00+01:00;regionaal;achtergrond;3
NL12135_F_regenwater;NL12135;F;regenwater;1982-12-31T00:00:00+01:00;1987-12-31T00:00:00+01:00;regionaal;achtergrond;3
NL12135_Fe_regenwater;NL12135;Fe;regenwater;1982-12-31T00:00:00+01:00;1987-12-31T00:00:00+01:00;regionaal;achtergrond;3
NL12135_K25_regenwater;NL12135;K25;regenwater;1987-02-02T00:00:00+01:00;1987-12-31T00:00:00+01:00;regionaal;achtergrond;3
NL12135_K_regenwater;NL12135;K;regenwater;1982-12-31T00:00:00+01:00;1987-12-31T00:00:00+01:00;regionaal;achtergrond;3
NL12135_Mg_regenwater;NL12135;Mg;regenwater;1982-12-31T00:00:00+01:00;1987-12-31T00:00:00+01:00;regionaal;achtergrond;3
NL12135_Mn_regenwater;NL12135;Mn;regenwater;1982-12-31T00:00:00+01:00;1987-12-31T00:00:00+01:00;regionaal;achtergrond;3
NL12135_NH4_regenwater;NL12135;NH4;regenwater;1982-12-31T00:00:00+01:00;1987-12-31T00:00:00+01:00;regionaal;achtergrond;3
NL12135_NO3_regenwater;NL12135;NO3;regenwater;1982-12-31T00:00:00+01:00;1987-12-31T00:00:00+01:00;regionaal;achtergrond;3
NL12135_Na_regenwater;NL12135;Na;regenwater;1982-12-31T00:00:00+01:00;1987-12-31T00:00:00+01:00;regionaal;achtergrond;3
NL12135_Ni_regenwater;NL12135;Ni;regenwater;1982-12-31T00:00:00+01:00;1987-12-31T00:00:00+01:00;regionaal;achtergrond;3
NL12135_PO4_regenwater;NL12135;PO4;regenwater;1982-12-31T00:00:00+01:00;1987-12-31T00:00:00+01:00;regionaal;achtergrond;3
NL12135_Pb_regenwater;NL12135;Pb;regenwater;1982-12-31T00:00:00+01:00;1987-12-31T00:00:00+01:00;regionaal;achtergrond;3
NL12135_SO4_regenwater;NL12135;SO4;regenwater;1982-12-31T00:00:00+01:00;1987-12-31T00:00:00+01:00;regionaal;achtergrond;3
NL12135_Se_regenwater;NL12135;Se;regenwater;1982-12-31T00:00:00+01:00;1987-02-02T00:00:00+01:00;regionaal;achtergrond;3
NL12135_V_regenwater;NL12135;V;regenwater;1982-12-31T00:00:00+01:00;1987-12-31T00:00:00+01:00;regionaal;achtergrond;3
NL12135_Zn_regenwater;NL12135;Zn;regenwater;1982-12-31T00:00:00+01:00;1987-12-31T00:00:00+01:00;regionaal;achtergrond;3
NL12135_massa_hc_regenwater;NL12135;massa_hc;regenwater;1987-02-02T00:00:00+01:00;1987-12-31T00:00:00+01:00;regionaal;achtergrond;3
NL12135_massa_zm_regenwater;NL12135;massa_zm;regenwater;1982-12-31T00:00:00+01:00;1987-12-31T00:00:00+01:00;regionaal;achtergrond;3
NL12135_pH_regenwater;NL12135;pH;regenwater;1982-12-31T00:00:00+01:00;1987-12-31T00:00:00+01:00;regionaal;achtergrond;3
NL12135_st.zr._regenwater;NL12135;st.zr.;regenwater;1987-02-02T00:00:00+01:00;1987-12-31T00:00:00+01:00;regionaal;achtergrond;3
NL12230_Ca_regenwater;NL12230;Ca;regenwater;2013-01-01T00:00:00+01:00;;regionaal;achtergrond;3
NL12230_Cl_regenwater;NL12230;Cl;regenwater;2013-01-01T00:00:00+01:00;;regionaal;achtergrond;3
NL12230_F_regenwater;NL12230;F;regenwater;2013-01-01T00:00:00+01:00;;regionaal;achtergrond;3
NL12230_K25_regenwater;NL12230;K25;regenwater;2013-01-01T00:00:00+01:00;;regionaal;achtergrond;3
NL12230_K_regenwater;NL12230;K;regenwater;2013-01-01T00:00:00+01:00;;regionaal;achtergrond;3
NL12230_Mg_regenwater;NL12230;Mg;regenwater;2013-01-01T00:00:00+01:00;;regionaal;achtergrond;3
NL12230_NH4_regenwater;NL12230;NH4;regenwater;2013-01-01T00:00:00+01:00;;regionaal;achtergrond;3
NL12230_NO3_regenwater;NL12230;NO3;regenwater;2013-01-01T00:00:00+01:00;;regionaal;achtergrond;3
NL12230_Na_regenwater;NL12230;Na;regenwater;2013-01-01T00:00:00+01:00;;regionaal;achtergrond;3
NL12230_PO4_regenwater;NL12230;PO4;regenwater;2013-01-01T00:00:00+01:00;;regionaal;achtergrond;3
NL12230_SO4_regenwater;NL12230;SO4;regenwater;2013-01-01T00:00:00+01:00;;regionaal;achtergrond;3
NL12230_massa_hc_regenwater;NL12230;massa_hc;regenwater;2013-01-01T00:00:00+01:00;;regionaal;achtergrond;3
NL12230_pH_regenwater;NL12230;pH;regenwater;2013-01-01T00:00:00+01:00;;regionaal;achtergrond;3
NL12230_st.zr._regenwater;NL12230;st.zr.;regenwater;2013-01-01T00:00:00+01:00;;regionaal;achtergrond;3
NL12231_As_regenwater;NL12231;As;regenwater;1982-12-31T00:00:00+01:00;2006-01-11T00:00:00+01:00;regionaal;achtergrond;3
NL12231_Ca_regenwater;NL12231;Ca;regenwater;1978-01-02T00:00:00+01:00;2012-12-30T00:00:00+01:00;regionaal;achtergrond;3
NL12231_Cd_regenwater;NL12231;Cd;regenwater;1982-12-31T00:00:00+01:00;2006-01-11T00:00:00+01:00;regionaal;achtergrond;3
NL12231_Cl_regenwater;NL12231;Cl;regenwater;1978-01-02T00:00:00+01:00;2012-12-30T00:00:00+01:00;regionaal;achtergrond;3
NL12231_Co_regenwater;NL12231;Co;regenwater;1982-12-31T00:00:00+01:00;2006-01-11T00:00:00+01:00;regionaal;achtergrond;3
NL12231_Cr_regenwater;NL12231;Cr;regenwater;1982-12-31T00:00:00+01:00;2006-01-11T00:00:00+01:00;regionaal;achtergrond;3
NL12231_Cu_regenwater;NL12231;Cu;regenwater;1982-12-31T00:00:00+01:00;2006-01-11T00:00:00+01:00;regionaal;achtergrond;3
NL12231_F_regenwater;NL12231;F;regenwater;1978-01-02T00:00:00+01:00;2012-12-30T00:00:00+01:00;regionaal;achtergrond;3
NL12231_Fe_regenwater;NL12231;Fe;regenwater;1982-12-31T00:00:00+01:00;2006-01-11T00:00:00+01:00;regionaal;achtergrond;3
NL12231_K25_regenwater;NL12231;K25;regenwater;1987-02-02T00:00:00+01:00;2012-12-30T00:00:00+01:00;regionaal;achtergrond;3
NL12231_K_regenwater;NL12231;K;regenwater;1978-01-02T00:00:00+01:00;2012-12-30T00:00:00+01:00;regionaal;achtergrond;3
NL12231_Mg_regenwater;NL12231;Mg;regenwater;1978-01-02T00:00:00+01:00;2012-12-30T00:00:00+01:00;regionaal;achtergrond;3
NL12231_Mn_regenwater;NL12231;Mn;regenwater;1982-12-31T00:00:00+01:00;2006-01-11T00:00:00+01:00;regionaal;achtergrond;3
NL12231_NH4_regenwater;NL12231;NH4;regenwater;1978-01-02T00:00:00+01:00;2012-12-30T00:00:00+01:00;regionaal;achtergrond;3
NL12231_NO3_regenwater;NL12231;NO3;regenwater;1978-01-02T00:00:00+01:00;2012-12-30T00:00:00+01:00;regionaal;achtergrond;3
NL12231_Na_regenwater;NL12231;Na;regenwater;1978-01-02T00:00:00+01:00;2012-12-30T00:00:00+01:00;regionaal;achtergrond;3
NL12231_Ni_regenwater;NL12231;Ni;regenwater;1982-12-31T00:00:00+01:00;2006-01-11T00:00:00+01:00;regionaal;achtergrond;3
NL12231_PO4_regenwater;NL12231;PO4;regenwater;1978-01-02T00:00:00+01:00;2012-12-30T00:00:00+01:00;regionaal;achtergrond;3
NL12231_Pb_regenwater;NL12231;Pb;regenwater;1982-12-31T00:00:00+01:00;2006-01-11T00:00:00+01:00;regionaal;achtergrond;3
NL12231_SO4_regenwater;NL12231;SO4;regenwater;1978-01-02T00:00:00+01:00;2012-12-30T00:00:00+01:00;regionaal;achtergrond;3
NL12231_Se_regenwater;NL12231;Se;regenwater;1982-12-31T00:00:00+01:00;1987-02-02T00:00:00+01:00;regionaal;achtergrond;3
NL12231_V_regenwater;NL12231;V;regenwater;1982-12-31T00:00:00+01:00;2006-01-11T00:00:00+01:00;regionaal;achtergrond;3
NL12231_Zn_regenwater;NL12231;Zn;regenwater;1978-01-02T00:00:00+01:00;2006-01-11T00:00:00+01:00;regionaal;achtergrond;3
NL12231_massa_hc_regenwater;NL12231;massa_hc;regenwater;1987-02-02T00:00:00+01:00;2012-12-30T00:00:00+01:00;regionaal;achtergrond;3
NL12231_massa_zm_regenwater;NL12231;massa_zm;regenwater;1982-12-31T00:00:00+01:00;2006-01-11T00:00:00+01:00;regionaal;achtergrond;3
NL12231_pH_regenwater;NL12231;pH;regenwater;1978-01-02T00:00:00+01:00;2012-12-30T00:00:00+01:00;regionaal;achtergrond;3
NL12231_st.zr._regenwater;NL12231;st.zr.;regenwater;1987-02-02T00:00:00+01:00;2012-12-30T00:00:00+01:00;regionaal;achtergrond;3
NL12235_As_regenwater;NL12235;As;regenwater;1982-12-31T00:00:00+01:00;2005-01-12T00:00:00+01:00;regionaal;achtergrond;3
NL12235_Ca_regenwater;NL12235;Ca;regenwater;1982-12-31T00:00:00+01:00;2005-01-12T00:00:00+01:00;regionaal;achtergrond;3
NL12235_Cd_regenwater;NL12235;Cd;regenwater;1982-12-31T00:00:00+01:00;2005-01-12T00:00:00+01:00;regionaal;achtergrond;3
NL12235_Cl_regenwater;NL12235;Cl;regenwater;1982-12-31T00:00:00+01:00;2005-01-12T00:00:00+01:00;regionaal;achtergrond;3
NL12235_Co_regenwater;NL12235;Co;regenwater;1982-12-31T00:00:00+01:00;2005-01-12T00:00:00+01:00;regionaal;achtergrond;3
NL12235_Cr_regenwater;NL12235;Cr;regenwater;1982-12-31T00:00:00+01:00;2005-01-12T00:00:00+01:00;regionaal;achtergrond;3
NL12235_Cu_regenwater;NL12235;Cu;regenwater;1982-12-31T00:00:00+01:00;2005-01-12T00:00:00+01:00;regionaal;achtergrond;3
NL12235_F_regenwater;NL12235;F;regenwater;1982-12-31T00:00:00+01:00;2005-01-12T00:00:00+01:00;regionaal;achtergrond;3
NL12235_Fe_regenwater;NL12235;Fe;regenwater;1982-12-31T00:00:00+01:00;2005-01-12T00:00:00+01:00;regionaal;achtergrond;3
NL12235_K25_regenwater;NL12235;K25;regenwater;1987-02-02T00:00:00+01:00;2005-01-12T00:00:00+01:00;regionaal;achtergrond;3
NL12235_K_regenwater;NL12235;K;regenwater;1982-12-31T00:00:00+01:00;2005-01-12T00:00:00+01:00;regionaal;achtergrond;3
NL12235_Mg_regenwater;NL12235;Mg;regenwater;1982-12-31T00:00:00+01:00;2005-01-12T00:00:00+01:00;regionaal;achtergrond;3
NL12235_Mn_regenwater;NL12235;Mn;regenwater;1982-12-31T00:00:00+01:00;2005-01-12T00:00:00+01:00;regionaal;achtergrond;3
NL12235_NH4_regenwater;NL12235;NH4;regenwater;1982-12-31T00:00:00+01:00;2005-01-12T00:00:00+01:00;regionaal;achtergrond;3
NL12235_NO3_regenwater;NL12235;NO3;regenwater;1982-12-31T00:00:00+01:00;2005-01-12T00:00:00+01:00;regionaal;achtergrond;3
NL12235_Na_regenwater;NL12235;Na;regenwater;1982-12-31T00:00:00+01:00;2005-01-12T00:00:00+01:00;regionaal;achtergrond;3
NL12235_Ni_regenwater;NL12235;Ni;regenwater;1982-12-31T00:00:00+01:00;2005-01-12T00:00:00+01:00;regionaal;achtergrond;3
NL12235_PO4_regenwater;NL12235;PO4;regenwater;1982-12-31T00:00:00+01:00;2005-01-12T00:00:00+01:00;regionaal;achtergrond;3
NL12235_Pb_regenwater;NL12235;Pb;regenwater;1982-12-31T00:00:00+01:00;2005-01-12T00:00:00+01:00;regionaal;achtergrond;3
NL12235_SO4_regenwater;NL12235;SO4;regenwater;1982-12-31T00:00:00+01:00;2005-01-12T00:00:00+01:00;regionaal;achtergrond;3
NL12235_Se_regenwater;NL12235;Se;regenwater;1982-12-31T00:00:00+01:00;1987-02-02T00:00:00+01:00;regionaal;achtergrond;3
NL12235_V_regenwater;NL12235;V;regenwater;1982-12-31T00:00:00+01:00;2005-01-12T00:00:00+01:00;regionaal;achtergrond;3
NL12235_Zn_regenwater;NL12235;Zn;regenwater;1982-12-31T00:00:00+01:00;2005-01-12T00:00:00+01:00;regionaal;achtergrond;3
NL12235_massa_hc_regenwater;NL12235;massa_hc;regenwater;1987-02-02T00:00:00+01:00;2005-01-12T00:00:00+01:00;regionaal;achtergrond;3
NL12235_massa_zm_regenwater;NL12235;massa_zm;regenwater;1982-12-31T00:00:00+01:00;2005-01-12T00:00:00+01:00;regionaal;achtergrond;3
NL12235_pH_regenwater;NL12235;pH;regenwater;1982-12-31T00:00:00+01:00;2005-01-12T00:00:00+01:00;regionaal;achtergrond;3
NL12235_st.zr._regenwater;NL12235;st.zr.;regenwater;1987-02-02T00:00:00+01:00;2005-01-12T00:00:00+01:00;regionaal;achtergrond;3
NL12239_As_regenwater;NL12239;As;regenwater;1982-12-31T00:00:00+01:00;1986-01-02T00:00:00+01:00;regionaal;achtergrond;3
NL12239_Ca_regenwater;NL12239;Ca;regenwater;1978-01-02T00:00:00+01:00;1986-01-02T00:00:00+01:00;stad;verkeer;3
NL12239_Cd_regenwater;NL12239;Cd;regenwater;1982-12-31T00:00:00+01:00;1986-01-02T00:00:00+01:00;regionaal;achtergrond;3
NL12239_Cl_regenwater;NL12239;Cl;regenwater;1978-01-02T00:00:00+01:00;1986-01-02T00:00:00+01:00;stad;verkeer;3
NL12239_Co_regenwater;NL12239;Co;regenwater;1982-12-31T00:00:00+01:00;1986-01-02T00:00:00+01:00;regionaal;achtergrond;3
NL12239_Cr_regenwater;NL12239;Cr;regenwater;1982-12-31T00:00:00+01:00;1986-01-02T00:00:00+01:00;regionaal;achtergrond;3
NL12239_Cu_regenwater;NL12239;Cu;regenwater;1982-12-31T00:00:00+01:00;1986-01-02T00:00:00+01:00;regionaal;achtergrond;3
NL12239_F_regenwater;NL12239;F;regenwater;1978-01-02T00:00:00+01:00;1986-01-02T00:00:00+01:00;stad;verkeer;3
NL12239_Fe_regenwater;NL12239;Fe;regenwater;1982-12-31T00:00:00+01:00;1986-01-02T00:00:00+01:00;regionaal;achtergrond;3
NL12239_K_regenwater;NL12239;K;regenwater;1978-01-02T00:00:00+01:00;1986-01-02T00:00:00+01:00;stad;verkeer;3
NL12239_Mg_regenwater;NL12239;Mg;regenwater;1978-01-02T00:00:00+01:00;1986-01-02T00:00:00+01:00;stad;verkeer;3
NL12239_Mn_regenwater;NL12239;Mn;regenwater;1982-12-31T00:00:00+01:00;1986-01-02T00:00:00+01:00;regionaal;achtergrond;3
NL12239_NH4_regenwater;NL12239;NH4;regenwater;1978-01-02T00:00:00+01:00;1986-01-02T00:00:00+01:00;stad;verkeer;3
NL12239_NO3_regenwater;NL12239;NO3;regenwater;1978-01-02T00:00:00+01:00;1986-01-02T00:00:00+01:00;stad;verkeer;3
NL12239_Na_regenwater;NL12239;Na;regenwater;1978-01-02T00:00:00+01:00;1986-01-02T00:00:00+01:00;stad;verkeer;3
NL12239_Ni_regenwater;NL12239;Ni;regenwater;1982-12-31T00:00:00+01:00;1986-01-02T00:00:00+01:00;regionaal;achtergrond;3
NL12239_PO4_regenwater;NL12239;PO4;regenwater;1978-01-02T00:00:00+01:00;1986-01-02T00:00:00+01:00;stad;verkeer;3
NL12239_Pb_regenwater;NL12239;Pb;regenwater;1982-12-31T00:00:00+01:00;1986-01-02T00:00:00+01:00;regionaal;achtergrond;3
NL12239_SO4_regenwater;NL12239;SO4;regenwater;1978-01-02T00:00:00+01:00;1986-01-02T00:00:00+01:00;stad;verkeer;3
NL12239_Se_regenwater;NL12239;Se;regenwater;1982-12-31T00:00:00+01:00;1986-01-02T00:00:00+01:00;regionaal;achtergrond;3
NL12239_V_regenwater;NL12239;V;regenwater;1982-12-31T00:00:00+01:00;1986-01-02T00:00:00+01:00;regionaal;achtergrond;3
NL12239_Zn_regenwater;NL12239;Zn;regenwater;1978-01-02T00:00:00+01:00;1986-01-02T00:00:00+01:00;stad;verkeer;3
NL12239_massa_zm_regenwater;NL12239;massa_zm;regenwater;1982-12-31T00:00:00+01:00;1986-01-02T00:00:00+01:00;regionaal;achtergrond;3
NL12239_pH_regenwater;NL12239;pH;regenwater;1978-01-02T00:00:00+01:00;1986-01-02T00:00:00+01:00;stad;verkeer;3
NL12318_As_regenwater;NL12318;As;regenwater;1982-12-31T00:00:00+01:00;2006-01-11T00:00:00+01:00;regionaal;achtergrond;3
NL12318_Ca_regenwater;NL12318;Ca;regenwater;1982-12-31T00:00:00+01:00;;regionaal;achtergrond;3
NL12318_Cd_regenwater;NL12318;Cd;regenwater;1982-12-31T00:00:00+01:00;2006-01-11T00:00:00+01:00;regionaal;achtergrond;3
NL12318_Cl_regenwater;NL12318;Cl;regenwater;1982-12-31T00:00:00+01:00;;regionaal;achtergrond;3
NL12318_Co_regenwater;NL12318;Co;regenwater;1982-12-31T00:00:00+01:00;2006-01-11T00:00:00+01:00;regionaal;achtergrond;3
NL12318_Cr_regenwater;NL12318;Cr;regenwater;1982-12-31T00:00:00+01:00;2006-01-11T00:00:00+01:00;regionaal;achtergrond;3
NL12318_Cu_regenwater;NL12318;Cu;regenwater;1982-12-31T00:00:00+01:00;2006-01-11T00:00:00+01:00;regionaal;achtergrond;3
NL12318_F_regenwater;NL12318;F;regenwater;1982-12-31T00:00:00+01:00;;regionaal;achtergrond;3
NL12318_Fe_regenwater;NL12318;Fe;regenwater;1982-12-31T00:00:00+01:00;2006-01-11T00:00:00+01:00;regionaal;achtergrond;3
NL12318_K25_regenwater;NL12318;K25;regenwater;1987-02-02T00:00:00+01:00;;regionaal;achtergrond;3
NL12318_K_regenwater;NL12318;K;regenwater;1982-12-31T00:00:00+01:00;;regionaal;achtergrond;3
NL12318_Mg_regenwater;NL12318;Mg;regenwater;1982-12-31T00:00:00+01:00;;regionaal;achtergrond;3
NL12318_Mn_regenwater;NL12318;Mn;regenwater;1982-12-31T00:00:00+01:00;2006-01-11T00:00:00+01:00;regionaal;achtergrond;3
NL12318_NH4_regenwater;NL12318;NH4;regenwater;1982-12-31T00:00:00+01:00;;regionaal;achtergrond;3
NL12318_NO3_regenwater;NL12318;NO3;regenwater;1982-12-31T00:00:00+01:00;;regionaal;achtergrond;3
NL12318_Na_regenwater;NL12318;Na;regenwater;1982-12-31T00:00:00+01:00;;regionaal;achtergrond;3
NL12318_Ni_regenwater;NL12318;Ni;regenwater;1982-12-31T00:00:00+01:00;2006-01-11T00:00:00+01:00;regionaal;achtergrond;3
NL12318_PO4_regenwater;NL12318;PO4;regenwater;1982-12-31T00:00:00+01:00;;regionaal;achtergrond;3
NL12318_Pb_regenwater;NL12318;Pb;regenwater;1982-12-31T00:00:00+01:00;2006-01-11T00:00:00+01:00;regionaal;achtergrond;3
NL12318_SO4_regenwater;NL12318;SO4;regenwater;1982-12-31T00:00:00+01:00;;regionaal;achtergrond;3
NL12318_Se_regenwater;NL12318;Se;regenwater;1982-12-31T00:00:00+01:00;1987-02-02T00:00:00+01:00;regionaal;achtergrond;3
NL12318_V_regenwater;NL12318;V;regenwater;1982-12-31T00:00:00+01:00;2006-01-11T00:00:00+01:00;regionaal;achtergrond;3
NL12318_Zn_regenwater;NL12318;Zn;regenwater;1982-12-31T00:00:00+01:00;2006-01-11T00:00:00+01:00;regionaal;achtergrond;3
NL12318_massa_hc_regenwater;NL12318;massa_hc;regenwater;1987-02-02T00:00:00+01:00;;regionaal;achtergrond;3
NL12318_massa_zm_regenwater;NL12318;massa_zm;regenwater;1982-12-31T00:00:00+01:00;2006-01-11T00:00:00+01:00;regionaal;achtergrond;3
NL12318_pH_regenwater;NL12318;pH;regenwater;1982-12-31T00:00:00+01:00;;regionaal;achtergrond;3
NL12318_st.zr._regenwater;NL12318;st.zr.;regenwater;1987-02-02T00:00:00+01:00;;regionaal;achtergrond;3
NL12319_As_regenwater;NL12319;As;regenwater;1980-12-31T00:00:00+01:00;1985-12-31T00:00:00+01:00;regionaal;achtergrond;3
NL12319_Ca_regenwater;NL12319;Ca;regenwater;1978-01-02T00:00:00+01:00;1985-12-31T00:00:00+01:00;regionaal;achtergrond;3
NL12319_Cd_regenwater;NL12319;Cd;regenwater;1980-12-31T00:00:00+01:00;1985-12-31T00:00:00+01:00;regionaal;achtergrond;3
NL12319_Cl_regenwater;NL12319;Cl;regenwater;1978-01-02T00:00:00+01:00;1985-12-31T00:00:00+01:00;regionaal;achtergrond;3
NL12319_Co_regenwater;NL12319;Co;regenwater;1980-12-31T00:00:00+01:00;1985-12-31T00:00:00+01:00;regionaal;achtergrond;3
NL12319_Cr_regenwater;NL12319;Cr;regenwater;1980-12-31T00:00:00+01:00;1985-12-31T00:00:00+01:00;regionaal;achtergrond;3
NL12319_Cu_regenwater;NL12319;Cu;regenwater;1980-12-31T00:00:00+01:00;1985-12-31T00:00:00+01:00;regionaal;achtergrond;3
NL12319_F_regenwater;NL12319;F;regenwater;1978-01-02T00:00:00+01:00;1985-12-31T00:00:00+01:00;regionaal;achtergrond;3
NL12319_Fe_regenwater;NL12319;Fe;regenwater;1980-12-31T00:00:00+01:00;1985-12-31T00:00:00+01:00;regionaal;achtergrond;3
NL12319_K_regenwater;NL12319;K;regenwater;1978-01-02T00:00:00+01:00;1985-12-31T00:00:00+01:00;regionaal;achtergrond;3
NL12319_Mg_regenwater;NL12319;Mg;regenwater;1978-01-02T00:00:00+01:00;1985-12-31T00:00:00+01:00;regionaal;achtergrond;3
NL12319_Mn_regenwater;NL12319;Mn;regenwater;1980-12-31T00:00:00+01:00;1985-12-31T00:00:00+01:00;regionaal;achtergrond;3
NL12319_NH4_regenwater;NL12319;NH4;regenwater;1978-01-02T00:00:00+01:00;1985-12-31T00:00:00+01:00;regionaal;achtergrond;3
NL12319_NO3_regenwater;NL12319;NO3;regenwater;1978-01-02T00:00:00+01:00;1985-12-31T00:00:00+01:00;regionaal;achtergrond;3
NL12319_Na_regenwater;NL12319;Na;regenwater;1978-01-02T00:00:00+01:00;1985-12-31T00:00:00+01:00;regionaal;achtergrond;3
NL12319_Ni_regenwater;NL12319;Ni;regenwater;1980-12-31T00:00:00+01:00;1985-12-31T00:00:00+01:00;regionaal;achtergrond;3
NL12319_PO4_regenwater;NL12319;PO4;regenwater;1978-01-02T00:00:00+01:00;1985-12-31T00:00:00+01:00;regionaal;achtergrond;3
NL12319_Pb_regenwater;NL12319;Pb;regenwater;1980-12-31T00:00:00+01:00;1985-12-31T00:00:00+01:00;regionaal;achtergrond;3
NL12319_SO4_regenwater;NL12319;SO4;regenwater;1978-01-02T00:00:00+01:00;1985-12-31T00:00:00+01:00;regionaal;achtergrond;3
NL12319_Se_regenwater;NL12319;Se;regenwater;1980-12-31T00:00:00+01:00;1985-12-31T00:00:00+01:00;regionaal;achtergrond;3
NL12319_V_regenwater;NL12319;V;regenwater;1980-12-31T00:00:00+01:00;1985-12-31T00:00:00+01:00;regionaal;achtergrond;3
NL12319_Zn_regenwater;NL12319;Zn;regenwater;1978-01-02T00:00:00+01:00;1985-12-31T00:00:00+01:00;regionaal;achtergrond;3
NL12319_massa_zm_regenwater;NL12319;massa_zm;regenwater;1980-12-31T00:00:00+01:00;1985-12-31T00:00:00+01:00;regionaal;achtergrond;3
NL12319_pH_regenwater;NL12319;pH;regenwater;1978-01-02T00:00:00+01:00;1985-12-31T00:00:00+01:00;regionaal;achtergrond;3
NL12434_As_regenwater;NL12434;As;regenwater;1982-12-31T00:00:00+01:00;2012-12-30T00:00:00+01:00;voorstad;achtergrond;3
NL12434_Ca_regenwater;NL12434;Ca;regenwater;1978-01-02T00:00:00+01:00;2012-12-30T00:00:00+01:00;voorstad;achtergrond;3
NL12434_Cd_regenwater;NL12434;Cd;regenwater;1982-12-31T00:00:00+01:00;2012-12-30T00:00:00+01:00;voorstad;achtergrond;3
NL12434_Cl_regenwater;NL12434;Cl;regenwater;1978-01-02T00:00:00+01:00;2012-12-30T00:00:00+01:00;voorstad;achtergrond;3
NL12434_Co_regenwater;NL12434;Co;regenwater;1982-12-31T00:00:00+01:00;2012-12-30T00:00:00+01:00;voorstad;achtergrond;3
NL12434_Cr_regenwater;NL12434;Cr;regenwater;1982-12-31T00:00:00+01:00;2012-12-30T00:00:00+01:00;voorstad;achtergrond;3
NL12434_Cu_regenwater;NL12434;Cu;regenwater;1982-12-31T00:00:00+01:00;2012-12-30T00:00:00+01:00;voorstad;achtergrond;3
NL12434_F_regenwater;NL12434;F;regenwater;1978-01-02T00:00:00+01:00;2012-12-30T00:00:00+01:00;voorstad;achtergrond;3
NL12434_Fe_regenwater;NL12434;Fe;regenwater;1982-12-31T00:00:00+01:00;2012-12-30T00:00:00+01:00;voorstad;achtergrond;3
NL12434_K25_regenwater;NL12434;K25;regenwater;1987-01-01T00:00:00+01:00;2012-12-30T00:00:00+01:00;voorstad;achtergrond;3
NL12434_K_regenwater;NL12434;K;regenwater;1978-01-02T00:00:00+01:00;2012-12-30T00:00:00+01:00;voorstad;achtergrond;3
NL12434_Mg_regenwater;NL12434;Mg;regenwater;1978-01-02T00:00:00+01:00;2012-12-30T00:00:00+01:00;voorstad;achtergrond;3
NL12434_Mn_regenwater;NL12434;Mn;regenwater;1982-12-31T00:00:00+01:00;2006-01-11T00:00:00+01:00;voorstad;achtergrond;3
NL12434_NH4_regenwater;NL12434;NH4;regenwater;1978-01-02T00:00:00+01:00;2012-12-30T00:00:00+01:00;voorstad;achtergrond;3
NL12434_NO3_regenwater;NL12434;NO3;regenwater;1978-01-02T00:00:00+01:00;2012-12-30T00:00:00+01:00;voorstad;achtergrond;3
NL12434_Na_regenwater;NL12434;Na;regenwater;1978-01-02T00:00:00+01:00;2012-12-30T00:00:00+01:00;voorstad;achtergrond;3
NL12434_Ni_regenwater;NL12434;Ni;regenwater;1982-12-31T00:00:00+01:00;2012-12-30T00:00:00+01:00;voorstad;achtergrond;3
NL12434_PO4_regenwater;NL12434;PO4;regenwater;1978-01-02T00:00:00+01:00;2012-12-30T00:00:00+01:00;voorstad;achtergrond;3
NL12434_Pb_regenwater;NL12434;Pb;regenwater;1982-12-31T00:00:00+01:00;2012-12-30T00:00:00+01:00;voorstad;achtergrond;3
NL12434_SO4_regenwater;NL12434;SO4;regenwater;1978-01-02T00:00:00+01:00;2012-12-30T00:00:00+01:00;voorstad;achtergrond;3
NL12434_Se_regenwater;NL12434;Se;regenwater;1982-12-31T00:00:00+01:00;1987-02-02T00:00:00+01:00;voorstad;achtergrond;3
NL12434_V_regenwater;NL12434;V;regenwater;1982-12-31T00:00:00+01:00;2012-12-30T00:00:00+01:00;voorstad;achtergrond;3
NL12434_Zn_regenwater;NL12434;Zn;regenwater;1978-01-02T00:00:00+01:00;2012-12-30T00:00:00+01:00;voorstad;achtergrond;3
NL12434_massa_hc_regenwater;NL12434;massa_hc;regenwater;1987-01-01T00:00:00+01:00;2012-12-30T00:00:00+01:00;voorstad;achtergrond;3
NL12434_massa_zm_regenwater;NL12434;massa_zm;regenwater;1982-12-31T00:00:00+01:00;2012-12-30T00:00:00+01:00;voorstad;achtergrond;3
NL12434_pH_regenwater;NL12434;pH;regenwater;1978-01-02T00:00:00+01:00;2012-12-30T00:00:00+01:00;voorstad;achtergrond;3
NL12434_st.zr._regenwater;NL12434;st.zr.;regenwater;1987-01-01T00:00:00+01:00;2012-12-30T00:00:00+01:00;voorstad;achtergrond;3
NL12442_As_regenwater;NL12442;As;regenwater;1982-12-31T00:00:00+01:00;1985-12-30T00:00:00+01:00;regionaal;achtergrond;3
NL12442_Ca_regenwater;NL12442;Ca;regenwater;1982-12-31T00:00:00+01:00;1985-12-30T00:00:00+01:00;stad;achtergrond;3
NL12442_Cd_regenwater;NL12442;Cd;regenwater;1982-12-31T00:00:00+01:00;1985-12-30T00:00:00+01:00;regionaal;achtergrond;3
NL12442_Cl_regenwater;NL12442;Cl;regenwater;1982-12-31T00:00:00+01:00;1985-12-30T00:00:00+01:00;stad;achtergrond;3
NL12442_Co_regenwater;NL12442;Co;regenwater;1982-12-31T00:00:00+01:00;1985-12-30T00:00:00+01:00;regionaal;achtergrond;3
NL12442_Cr_regenwater;NL12442;Cr;regenwater;1982-12-31T00:00:00+01:00;1985-12-30T00:00:00+01:00;regionaal;achtergrond;3
NL12442_Cu_regenwater;NL12442;Cu;regenwater;1982-12-31T00:00:00+01:00;1985-12-30T00:00:00+01:00;regionaal;achtergrond;3
NL12442_F_regenwater;NL12442;F;regenwater;1982-12-31T00:00:00+01:00;1985-12-30T00:00:00+01:00;stad;achtergrond;3
NL12442_Fe_regenwater;NL12442;Fe;regenwater;1982-12-31T00:00:00+01:00;1985-12-30T00:00:00+01:00;regionaal;achtergrond;3
NL12442_K_regenwater;NL12442;K;regenwater;1982-12-31T00:00:00+01:00;1985-12-30T00:00:00+01:00;stad;achtergrond;3
NL12442_Mg_regenwater;NL12442;Mg;regenwater;1982-12-31T00:00:00+01:00;1985-12-30T00:00:00+01:00;stad;achtergrond;3
NL12442_Mn_regenwater;NL12442;Mn;regenwater;1982-12-31T00:00:00+01:00;1985-12-30T00:00:00+01:00;regionaal;achtergrond;3
NL12442_NH4_regenwater;NL12442;NH4;regenwater;1982-12-31T00:00:00+01:00;1985-12-30T00:00:00+01:00;stad;achtergrond;3
NL12442_NO3_regenwater;NL12442;NO3;regenwater;1982-12-31T00:00:00+01:00;1985-12-30T00:00:00+01:00;stad;achtergrond;3
NL12442_Na_regenwater;NL12442;Na;regenwater;1982-12-31T00:00:00+01:00;1985-12-30T00:00:00+01:00;stad;achtergrond;3
NL12442_Ni_regenwater;NL12442;Ni;regenwater;1982-12-31T00:00:00+01:00;1985-12-30T00:00:00+01:00;regionaal;achtergrond;3
NL12442_PO4_regenwater;NL12442;PO4;regenwater;1982-12-31T00:00:00+01:00;1985-12-30T00:00:00+01:00;stad;achtergrond;3
NL12442_Pb_regenwater;NL12442;Pb;regenwater;1982-12-31T00:00:00+01:00;1985-12-30T00:00:00+01:00;regionaal;achtergrond;3
NL12442_SO4_regenwater;NL12442;SO4;regenwater;1982-12-31T00:00:00+01:00;1985-12-30T00:00:00+01:00;stad;achtergrond;3
NL12442_Se_regenwater;NL12442;Se;regenwater;1982-12-31T00:00:00+01:00;1985-12-30T00:00:00+01:00;regionaal;achtergrond;3
NL12442_V_regenwater;NL12442;V;regenwater;1982-12-31T00:00:00+01:00;1985-12-30T00:00:00+01:00;regionaal;achtergrond;3
NL12442_Zn_regenwater;NL12442;Zn;regenwater;1982-12-31T00:00:00+01:00;1985-12-30T00:00:00+01:00;stad;achtergrond;3
NL12442_massa_zm_regenwater;NL12442;massa_zm;regenwater;1982-12-31T00:00:00+01:00;1985-12-30T00:00:00+01:00;regionaal;achtergrond;3
NL12442_pH_regenwater;NL12442;pH;regenwater;1982-12-31T00:00:00+01:00;1985-12-30T00:00:00+01:00;stad;achtergrond;3
NL12444_As_regenwater;NL12444;As;regenwater;1994-04-20T00:00:00+01:00;;regionaal;achtergrond;3
NL12444_Ca_regenwater;NL12444;Ca;regenwater;1994-04-20T00:00:00+01:00;2013-01-01T00:00:00+01:00;regionaal;achtergrond;3
NL12444_Cd_regenwater;NL12444;Cd;regenwater;1994-04-20T00:00:00+01:00;;regionaal;achtergrond;3
NL12444_Cl_regenwater;NL12444;Cl;regenwater;1994-04-20T00:00:00+01:00;2013-01-01T00:00:00+01:00;regionaal;achtergrond;3
NL12444_Co_regenwater;NL12444;Co;regenwater;1994-04-20T00:00:00+01:00;;regionaal;achtergrond;3
NL12444_Cr_regenwater;NL12444;Cr;regenwater;1994-04-20T00:00:00+01:00;;regionaal;achtergrond;3
NL12444_Cu_regenwater;NL12444;Cu;regenwater;1994-04-20T00:00:00+01:00;;regionaal;achtergrond;3
NL12444_F_regenwater;NL12444;F;regenwater;1994-04-20T00:00:00+01:00;2013-01-01T00:00:00+01:00;regionaal;achtergrond;3
NL12444_Fe_regenwater;NL12444;Fe;regenwater;1994-04-20T00:00:00+01:00;;regionaal;achtergrond;3
NL12444_Hg_regenwater;NL12444;Hg;regenwater;2008-01-01T00:00:00+01:00;;regionaal;achtergrond;3
NL12444_K25_regenwater;NL12444;K25;regenwater;1994-04-20T00:00:00+01:00;2013-01-01T00:00:00+01:00;regionaal;achtergrond;3
NL12444_K_regenwater;NL12444;K;regenwater;1994-04-20T00:00:00+01:00;2013-01-01T00:00:00+01:00;regionaal;achtergrond;3
NL12444_Mg_regenwater;NL12444;Mg;regenwater;1994-04-20T00:00:00+01:00;2013-01-01T00:00:00+01:00;regionaal;achtergrond;3
NL12444_Mn_regenwater;NL12444;Mn;regenwater;1994-04-20T00:00:00+01:00;2006-01-11T00:00:00+01:00;regionaal;achtergrond;3
NL12444_NH4_regenwater;NL12444;NH4;regenwater;1994-04-20T00:00:00+01:00;2013-01-01T00:00:00+01:00;regionaal;achtergrond;3
NL12444_NO3_regenwater;NL12444;NO3;regenwater;1994-04-20T00:00:00+01:00;2013-01-01T00:00:00+01:00;regionaal;achtergrond;3
NL12444_Na_regenwater;NL12444;Na;regenwater;1994-04-20T00:00:00+01:00;2013-01-01T00:00:00+01:00;regionaal;achtergrond;3
NL12444_Ni_regenwater;NL12444;Ni;regenwater;1994-04-20T00:00:00+01:00;;regionaal;achtergrond;3
NL12444_PO4_regenwater;NL12444;PO4;regenwater;1994-04-20T00:00:00+01:00;2013-01-01T00:00:00+01:00;regionaal;achtergrond;3
NL12444_Pb_regenwater;NL12444;Pb;regenwater;1994-04-20T00:00:00+01:00;;regionaal;achtergrond;3
NL12444_SO4_regenwater;NL12444;SO4;regenwater;1994-04-20T00:00:00+01:00;2013-01-01T00:00:00+01:00;regionaal;achtergrond;3
NL12444_V_regenwater;NL12444;V;regenwater;1994-04-20T00:00:00+01:00;;regionaal;achtergrond;3
NL12444_Zn_regenwater;NL12444;Zn;regenwater;1994-04-20T00:00:00+01:00;;regionaal;achtergrond;3
NL12444_acenafteen_regenwater;NL12444;acenafteen;regenwater;2013-09-01T00:00:00+01:00;;regionaal;achtergrond;3
NL12444_acenaftyleen_regenwater;NL12444;acenaftyleen;regenwater;2013-09-01T00:00:00+01:00;;regionaal;achtergrond;3
NL12444_antraceen_regenwater;NL12444;antraceen;regenwater;2013-09-01T00:00:00+01:00;;regionaal;achtergrond;3
NL12444_benz-a-antr_regenwater;NL12444;benz-a-antr;regenwater;2013-09-01T00:00:00+01:00;;regionaal;achtergrond;3
NL12444_benz-a-pyreen_regenwater;NL12444;benz-a-pyreen;regenwater;2013-09-01T00:00:00+01:00;;regionaal;achtergrond;3
NL12444_benz-bjk-fluor_regenwater;NL12444;benz-bjk-fluor;regenwater;2013-09-01T00:00:00+01:00;;regionaal;achtergrond;3
NL12444_benz-ghi-peryl_regenwater;NL12444;benz-ghi-peryl;regenwater;2013-09-01T00:00:00+01:00;;regionaal;achtergrond;3
NL12444_chryseen_regenwater;NL12444;chryseen;regenwater;2013-09-01T00:00:00+01:00;;regionaal;achtergrond;3
NL12444_dibenz-ah-antr_regenwater;NL12444;dibenz-ah-antr;regenwater;2013-09-01T00:00:00+01:00;;regionaal;achtergrond;3
NL12444_fenantreen_regenwater;NL12444;fenantreen;regenwater;2013-09-01T00:00:00+01:00;;regionaal;achtergrond;3
NL12444_fluoranteen_regenwater;NL12444;fluoranteen;regenwater;2013-09-01T00:00:00+01:00;;regionaal;achtergrond;3
NL12444_fluoreen_regenwater;NL12444;fluoreen;regenwater;2013-09-01T00:00:00+01:00;;regionaal;achtergrond;3
NL12444_g-HCH_regenwater;NL12444;g-HCH;regenwater;2012-01-01T00:00:00+01:00;;regionaal;achtergrond;3
NL12444_ind-123cd-pyr_regenwater;NL12444;ind-123cd-pyr;regenwater;2013-09-01T00:00:00+01:00;;regionaal;achtergrond;3
NL12444_massa_hc_regenwater;NL12444;massa_hc;regenwater;1994-04-20T00:00:00+01:00;2013-01-01T00:00:00+01:00;regionaal;achtergrond;3
NL12444_massa_zm_regenwater;NL12444;massa_zm;regenwater;1994-04-20T00:00:00+01:00;;regionaal;achtergrond;3
NL12444_naftaleen_regenwater;NL12444;naftaleen;regenwater;2013-09-01T00:00:00+01:00;;regionaal;achtergrond;3
NL12444_neerslag_gc_ms_regenwater;NL12444;neerslag_gc_ms;regenwater;2012-01-01T00:00:00+01:00;;regionaal;achtergrond;3
NL12444_neerslag_hg_regenwater;NL12444;neerslag_hg;regenwater;2008-01-01T00:00:00+01:00;;regionaal;achtergrond;3
NL12444_pH_regenwater;NL12444;pH;regenwater;1994-04-20T00:00:00+01:00;2013-01-01T00:00:00+01:00;regionaal;achtergrond;3
NL12444_pyreen_regenwater;NL12444;pyreen;regenwater;2013-09-01T00:00:00+01:00;;regionaal;achtergrond;3
NL12444_st.zr._regenwater;NL12444;st.zr.;regenwater;1994-04-20T00:00:00+01:00;2013-01-01T00:00:00+01:00;regionaal;achtergrond;3
NL12538_As_regenwater;NL12538;As;regenwater;1987-12-31T00:00:00+01:00;2006-01-11T00:00:00+01:00;regionaal;achtergrond;3
NL12538_Ca_regenwater;NL12538;Ca;regenwater;1987-12-31T00:00:00+01:00;;regionaal;achtergrond;3
NL12538_Cd_regenwater;NL12538;Cd;regenwater;1987-12-31T00:00:00+01:00;2006-01-11T00:00:00+01:00;regionaal;achtergrond;3
NL12538_Cl_regenwater;NL12538;Cl;regenwater;1987-12-31T00:00:00+01:00;;regionaal;achtergrond;3
NL12538_Co_regenwater;NL12538;Co;regenwater;1987-12-31T00:00:00+01:00;2006-01-11T00:00:00+01:00;regionaal;achtergrond;3
NL12538_Cr_regenwater;NL12538;Cr;regenwater;1987-12-31T00:00:00+01:00;2006-01-11T00:00:00+01:00;regionaal;achtergrond;3
NL12538_Cu_regenwater;NL12538;Cu;regenwater;1987-12-31T00:00:00+01:00;2006-01-11T00:00:00+01:00;regionaal;achtergrond;3
NL12538_F_regenwater;NL12538;F;regenwater;1987-12-31T00:00:00+01:00;;regionaal;achtergrond;3
NL12538_Fe_regenwater;NL12538;Fe;regenwater;1987-12-31T00:00:00+01:00;2006-01-11T00:00:00+01:00;regionaal;achtergrond;3
NL12538_K25_regenwater;NL12538;K25;regenwater;1987-12-31T00:00:00+01:00;;regionaal;achtergrond;3
NL12538_K_regenwater;NL12538;K;regenwater;1987-12-31T00:00:00+01:00;;regionaal;achtergrond;3
NL12538_Mg_regenwater;NL12538;Mg;regenwater;1987-12-31T00:00:00+01:00;;regionaal;achtergrond;3
NL12538_Mn_regenwater;NL12538;Mn;regenwater;1987-12-31T00:00:00+01:00;2006-01-11T00:00:00+01:00;regionaal;achtergrond;3
NL12538_NH4_regenwater;NL12538;NH4;regenwater;1987-12-31T00:00:00+01:00;;regionaal;achtergrond;3
NL12538_NO3_regenwater;NL12538;NO3;regenwater;1987-12-31T00:00:00+01:00;;regionaal;achtergrond;3
NL12538_Na_regenwater;NL12538;Na;regenwater;1987-12-31T00:00:00+01:00;;regionaal;achtergrond;3
NL12538_Ni_regenwater;NL12538;Ni;regenwater;1987-12-31T00:00:00+01:00;2006-01-11T00:00:00+01:00;regionaal;achtergrond;3
NL12538_PO4_regenwater;NL12538;PO4;regenwater;1987-12-31T00:00:00+01:00;;regionaal;achtergrond;3
NL12538_Pb_regenwater;NL12538;Pb;regenwater;1987-12-31T00:00:00+01:00;2006-01-11T00:00:00+01:00;regionaal;achtergrond;3
NL12538_SO4_regenwater;NL12538;SO4;regenwater;1987-12-31T00:00:00+01:00;;regionaal;achtergrond;3
NL12538_V_regenwater;NL12538;V;regenwater;1987-12-31T00:00:00+01:00;2006-01-11T00:00:00+01:00;regionaal;achtergrond;3
NL12538_Zn_regenwater;NL12538;Zn;regenwater;1987-12-31T00:00:00+01:00;2006-01-11T00:00:00+01:00;regionaal;achtergrond;3
NL12538_massa_hc_regenwater;NL12538;massa_hc;regenwater;1987-12-31T00:00:00+01:00;;regionaal;achtergrond;3
NL12538_massa_zm_regenwater;NL12538;massa_zm;regenwater;1987-12-31T00:00:00+01:00;2006-01-11T00:00:00+01:00;regionaal;achtergrond;3
NL12538_pH_regenwater;NL12538;pH;regenwater;1987-12-31T00:00:00+01:00;;regionaal;achtergrond;3
NL12538_st.zr._regenwater;NL12538;st.zr.;regenwater;1987-12-31T00:00:00+01:00;;regionaal;achtergrond;3
NL12540_As_regenwater;NL12540;As;regenwater;1982-12-31T00:00:00+01:00;1993-05-19T00:00:00+01:00;regionaal;achtergrond;3
NL12540_Ca_regenwater;NL12540;Ca;regenwater;1982-12-31T00:00:00+01:00;1993-05-19T00:00:00+01:00;regionaal;achtergrond;3
NL12540_Cd_regenwater;NL12540;Cd;regenwater;1982-12-31T00:00:00+01:00;1993-05-19T00:00:00+01:00;regionaal;achtergrond;3
NL12540_Cl_regenwater;NL12540;Cl;regenwater;1982-12-31T00:00:00+01:00;1993-05-19T00:00:00+01:00;regionaal;achtergrond;3
NL12540_Co_regenwater;NL12540;Co;regenwater;1982-12-31T00:00:00+01:00;1993-05-19T00:00:00+01:00;regionaal;achtergrond;3
NL12540_Cr_regenwater;NL12540;Cr;regenwater;1982-12-31T00:00:00+01:00;1993-05-19T00:00:00+01:00;regionaal;achtergrond;3
NL12540_Cu_regenwater;NL12540;Cu;regenwater;1982-12-31T00:00:00+01:00;1993-05-19T00:00:00+01:00;regionaal;achtergrond;3
NL12540_F_regenwater;NL12540;F;regenwater;1982-12-31T00:00:00+01:00;1993-05-19T00:00:00+01:00;regionaal;achtergrond;3
NL12540_Fe_regenwater;NL12540;Fe;regenwater;1982-12-31T00:00:00+01:00;1993-05-19T00:00:00+01:00;regionaal;achtergrond;3
NL12540_K25_regenwater;NL12540;K25;regenwater;1987-02-02T00:00:00+01:00;1993-05-19T00:00:00+01:00;regionaal;achtergrond;3
NL12540_K_regenwater;NL12540;K;regenwater;1982-12-31T00:00:00+01:00;1993-05-19T00:00:00+01:00;regionaal;achtergrond;3
NL12540_Mg_regenwater;NL12540;Mg;regenwater;1982-12-31T00:00:00+01:00;1993-05-19T00:00:00+01:00;regionaal;achtergrond;3
NL12540_Mn_regenwater;NL12540;Mn;regenwater;1982-12-31T00:00:00+01:00;1993-05-19T00:00:00+01:00;regionaal;achtergrond;3
NL12540_NH4_regenwater;NL12540;NH4;regenwater;1982-12-31T00:00:00+01:00;1993-05-19T00:00:00+01:00;regionaal;achtergrond;3
NL12540_NO3_regenwater;NL12540;NO3;regenwater;1982-12-31T00:00:00+01:00;1993-05-19T00:00:00+01:00;regionaal;achtergrond;3
NL12540_Na_regenwater;NL12540;Na;regenwater;1982-12-31T00:00:00+01:00;1993-05-19T00:00:00+01:00;regionaal;achtergrond;3
NL12540_Ni_regenwater;NL12540;Ni;regenwater;1982-12-31T00:00:00+01:00;1993-05-19T00:00:00+01:00;regionaal;achtergrond;3
NL12540_PO4_regenwater;NL12540;PO4;regenwater;1982-12-31T00:00:00+01:00;1993-05-19T00:00:00+01:00;regionaal;achtergrond;3
NL12540_Pb_regenwater;NL12540;Pb;regenwater;1982-12-31T00:00:00+01:00;1993-05-19T00:00:00+01:00;regionaal;achtergrond;3
NL12540_SO4_regenwater;NL12540;SO4;regenwater;1982-12-31T00:00:00+01:00;1993-05-19T00:00:00+01:00;regionaal;achtergrond;3
NL12540_Se_regenwater;NL12540;Se;regenwater;1982-12-31T00:00:00+01:00;1987-02-02T00:00:00+01:00;regionaal;achtergrond;3
NL12540_V_regenwater;NL12540;V;regenwater;1982-12-31T00:00:00+01:00;1993-05-19T00:00:00+01:00;regionaal;achtergrond;3
NL12540_Zn_regenwater;NL12540;Zn;regenwater;1982-12-31T00:00:00+01:00;1993-05-19T00:00:00+01:00;regionaal;achtergrond;3
NL12540_massa_hc_regenwater;NL12540;massa_hc;regenwater;1987-02-02T00:00:00+01:00;1993-05-19T00:00:00+01:00;regionaal;achtergrond;3
NL12540_massa_zm_regenwater;NL12540;massa_zm;regenwater;1982-12-31T00:00:00+01:00;1993-05-19T00:00:00+01:00;regionaal;achtergrond;3
NL12540_pH_regenwater;NL12540;pH;regenwater;1982-12-31T00:00:00+01:00;1993-05-19T00:00:00+01:00;regionaal;achtergrond;3
NL12540_st.zr._regenwater;NL12540;st.zr.;regenwater;1987-02-02T00:00:00+01:00;1993-05-19T00:00:00+01:00;regionaal;achtergrond;3
NL12541_As_regenwater;NL12541;As;regenwater;1980-12-31T00:00:00+01:00;1987-12-31T00:00:00+01:00;regionaal;achtergrond;3
NL12541_Ca_regenwater;NL12541;Ca;regenwater;1978-01-02T00:00:00+01:00;1987-12-31T00:00:00+01:00;regionaal;achtergrond;3
NL12541_Cd_regenwater;NL12541;Cd;regenwater;1980-12-31T00:00:00+01:00;1987-12-31T00:00:00+01:00;regionaal;achtergrond;3
NL12541_Cl_regenwater;NL12541;Cl;regenwater;1978-01-02T00:00:00+01:00;1987-12-31T00:00:00+01:00;regionaal;achtergrond;3
NL12541_Co_regenwater;NL12541;Co;regenwater;1980-12-31T00:00:00+01:00;1987-12-31T00:00:00+01:00;regionaal;achtergrond;3
NL12541_Cr_regenwater;NL12541;Cr;regenwater;1980-12-31T00:00:00+01:00;1987-12-31T00:00:00+01:00;regionaal;achtergrond;3
NL12541_Cu_regenwater;NL12541;Cu;regenwater;1980-12-31T00:00:00+01:00;1987-12-31T00:00:00+01:00;regionaal;achtergrond;3
NL12541_F_regenwater;NL12541;F;regenwater;1978-01-02T00:00:00+01:00;1987-12-31T00:00:00+01:00;regionaal;achtergrond;3
NL12541_Fe_regenwater;NL12541;Fe;regenwater;1980-12-31T00:00:00+01:00;1987-12-31T00:00:00+01:00;regionaal;achtergrond;3
NL12541_K25_regenwater;NL12541;K25;regenwater;1987-02-02T00:00:00+01:00;1987-12-31T00:00:00+01:00;regionaal;achtergrond;3
NL12541_K_regenwater;NL12541;K;regenwater;1978-01-02T00:00:00+01:00;1987-12-31T00:00:00+01:00;regionaal;achtergrond;3
NL12541_Mg_regenwater;NL12541;Mg;regenwater;1978-01-02T00:00:00+01:00;1987-12-31T00:00:00+01:00;regionaal;achtergrond;3
NL12541_Mn_regenwater;NL12541;Mn;regenwater;1980-12-31T00:00:00+01:00;1987-12-31T00:00:00+01:00;regionaal;achtergrond;3
NL12541_NH4_regenwater;NL12541;NH4;regenwater;1978-01-02T00:00:00+01:00;1987-12-31T00:00:00+01:00;regionaal;achtergrond;3
NL12541_NO3_regenwater;NL12541;NO3;regenwater;1978-01-02T00:00:00+01:00;1987-12-31T00:00:00+01:00;regionaal;achtergrond;3
NL12541_Na_regenwater;NL12541;Na;regenwater;1978-01-02T00:00:00+01:00;1987-12-31T00:00:00+01:00;regionaal;achtergrond;3
NL12541_Ni_regenwater;NL12541;Ni;regenwater;1980-12-31T00:00:00+01:00;1987-12-31T00:00:00+01:00;regionaal;achtergrond;3
NL12541_PO4_regenwater;NL12541;PO4;regenwater;1978-01-02T00:00:00+01:00;1987-12-31T00:00:00+01:00;regionaal;achtergrond;3
NL12541_Pb_regenwater;NL12541;Pb;regenwater;1980-12-31T00:00:00+01:00;1987-12-31T00:00:00+01:00;regionaal;achtergrond;3
NL12541_SO4_regenwater;NL12541;SO4;regenwater;1978-01-02T00:00:00+01:00;1987-12-31T00:00:00+01:00;regionaal;achtergrond;3
NL12541_Se_regenwater;NL12541;Se;regenwater;1980-12-31T00:00:00+01:00;1987-02-02T00:00:00+01:00;regionaal;achtergrond;3
NL12541_V_regenwater;NL12541;V;regenwater;1980-12-31T00:00:00+01:00;1987-12-31T00:00:00+01:00;regionaal;achtergrond;3
NL12541_Zn_regenwater;NL12541;Zn;regenwater;1978-01-02T00:00:00+01:00;1987-12-31T00:00:00+01:00;regionaal;achtergrond;3
NL12541_massa_hc_regenwater;NL12541;massa_hc;regenwater;1987-02-02T00:00:00+01:00;1987-12-31T00:00:00+01:00;regionaal;achtergrond;3
NL12541_massa_zm_regenwater;NL12541;massa_zm;regenwater;1980-12-31T00:00:00+01:00;1987-12-31T00:00:00+01:00;regionaal;achtergrond;3
NL12541_pH_regenwater;NL12541;pH;regenwater;1978-01-02T00:00:00+01:00;1987-12-31T00:00:00+01:00;regionaal;achtergrond;3
NL12541_st.zr._regenwater;NL12541;st.zr.;regenwater;1987-02-02T00:00:00+01:00;1987-12-31T00:00:00+01:00;regionaal;achtergrond;3
NL12542_As_regenwater;NL12542;As;regenwater;1982-12-31T00:00:00+01:00;1986-01-14T00:00:00+01:00;regionaal;achtergrond;3
NL12542_Ca_regenwater;NL12542;Ca;regenwater;1982-06-29T00:00:00+01:00;1986-01-14T00:00:00+01:00;regionaal;achtergrond;3
NL12542_Cd_regenwater;NL12542;Cd;regenwater;1982-12-31T00:00:00+01:00;1986-01-14T00:00:00+01:00;regionaal;achtergrond;3
NL12542_Cl_regenwater;NL12542;Cl;regenwater;1982-06-29T00:00:00+01:00;1986-01-14T00:00:00+01:00;regionaal;achtergrond;3
NL12542_Co_regenwater;NL12542;Co;regenwater;1982-12-31T00:00:00+01:00;1986-01-14T00:00:00+01:00;regionaal;achtergrond;3
NL12542_Cr_regenwater;NL12542;Cr;regenwater;1982-12-31T00:00:00+01:00;1986-01-14T00:00:00+01:00;regionaal;achtergrond;3
NL12542_Cu_regenwater;NL12542;Cu;regenwater;1982-12-31T00:00:00+01:00;1986-01-14T00:00:00+01:00;regionaal;achtergrond;3
NL12542_F_regenwater;NL12542;F;regenwater;1982-06-29T00:00:00+01:00;1986-01-14T00:00:00+01:00;regionaal;achtergrond;3
NL12542_Fe_regenwater;NL12542;Fe;regenwater;1982-12-31T00:00:00+01:00;1986-01-14T00:00:00+01:00;regionaal;achtergrond;3
NL12542_K_regenwater;NL12542;K;regenwater;1982-06-29T00:00:00+01:00;1986-01-14T00:00:00+01:00;regionaal;achtergrond;3
NL12542_Mg_regenwater;NL12542;Mg;regenwater;1982-06-29T00:00:00+01:00;1986-01-14T00:00:00+01:00;regionaal;achtergrond;3
NL12542_Mn_regenwater;NL12542;Mn;regenwater;1982-12-31T00:00:00+01:00;1986-01-14T00:00:00+01:00;regionaal;achtergrond;3
NL12542_NH4_regenwater;NL12542;NH4;regenwater;1982-06-29T00:00:00+01:00;1986-01-14T00:00:00+01:00;regionaal;achtergrond;3
NL12542_NO3_regenwater;NL12542;NO3;regenwater;1982-06-29T00:00:00+01:00;1986-01-14T00:00:00+01:00;regionaal;achtergrond;3
NL12542_Na_regenwater;NL12542;Na;regenwater;1982-06-29T00:00:00+01:00;1986-01-14T00:00:00+01:00;regionaal;achtergrond;3
NL12542_Ni_regenwater;NL12542;Ni;regenwater;1982-12-31T00:00:00+01:00;1986-01-14T00:00:00+01:00;regionaal;achtergrond;3
NL12542_PO4_regenwater;NL12542;PO4;regenwater;1982-06-29T00:00:00+01:00;1986-01-14T00:00:00+01:00;regionaal;achtergrond;3
NL12542_Pb_regenwater;NL12542;Pb;regenwater;1982-12-31T00:00:00+01:00;1986-01-14T00:00:00+01:00;regionaal;achtergrond;3
NL12542_SO4_regenwater;NL12542;SO4;regenwater;1982-06-29T00:00:00+01:00;1986-01-14T00:00:00+01:00;regionaal;achtergrond;3
NL12542_Se_regenwater;NL12542;Se;regenwater;1982-12-31T00:00:00+01:00;1986-01-14T00:00:00+01:00;regionaal;achtergrond;3
NL12542_V_regenwater;NL12542;V;regenwater;1982-12-31T00:00:00+01:00;1986-01-14T00:00:00+01:00;regionaal;achtergrond;3
NL12542_Zn_regenwater;NL12542;Zn;regenwater;1982-06-29T00:00:00+01:00;1986-01-14T00:00:00+01:00;regionaal;achtergrond;3
NL12542_massa_zm_regenwater;NL12542;massa_zm;regenwater;1982-12-31T00:00:00+01:00;1986-01-14T00:00:00+01:00;regionaal;achtergrond;3
NL12542_pH_regenwater;NL12542;pH;regenwater;1982-06-29T00:00:00+01:00;1986-01-14T00:00:00+01:00;regionaal;achtergrond;3
NL12628_As_regenwater;NL12628;As;regenwater;1980-12-31T00:00:00+01:00;2006-01-11T00:00:00+01:00;voorstad;achtergrond;1.25
NL12628_Ca_regenwater;NL12628;Ca;regenwater;1978-01-02T00:00:00+01:00;;voorstad;achtergrond;1.25
NL12628_Cd_regenwater;NL12628;Cd;regenwater;1980-12-31T00:00:00+01:00;2006-01-11T00:00:00+01:00;voorstad;achtergrond;1.25
NL12628_Cl_regenwater;NL12628;Cl;regenwater;1978-01-02T00:00:00+01:00;;voorstad;achtergrond;1.25
NL12628_Co_regenwater;NL12628;Co;regenwater;1980-12-31T00:00:00+01:00;2006-01-11T00:00:00+01:00;voorstad;achtergrond;1.25
NL12628_Cr_regenwater;NL12628;Cr;regenwater;1980-12-31T00:00:00+01:00;2006-01-11T00:00:00+01:00;voorstad;achtergrond;1.25
NL12628_Cu_regenwater;NL12628;Cu;regenwater;1980-12-31T00:00:00+01:00;2006-01-11T00:00:00+01:00;voorstad;achtergrond;1.25
NL12628_F_regenwater;NL12628;F;regenwater;1978-01-02T00:00:00+01:00;;voorstad;achtergrond;1.25
NL12628_Fe_regenwater;NL12628;Fe;regenwater;1980-12-31T00:00:00+01:00;2006-01-11T00:00:00+01:00;voorstad;achtergrond;1.25
NL12628_K25_regenwater;NL12628;K25;regenwater;1987-02-02T00:00:00+01:00;;voorstad;achtergrond;1.25
NL12628_K_regenwater;NL12628;K;regenwater;1978-01-02T00:00:00+01:00;;voorstad;achtergrond;1.25
NL12628_Mg_regenwater;NL12628;Mg;regenwater;1978-01-02T00:00:00+01:00;;voorstad;achtergrond;1.25
NL12628_Mn_regenwater;NL12628;Mn;regenwater;1980-12-31T00:00:00+01:00;2006-01-11T00:00:00+01:00;voorstad;achtergrond;1.25
NL12628_NH4_regenwater;NL12628;NH4;regenwater;1978-01-02T00:00:00+01:00;;voorstad;achtergrond;1.25
NL12628_NO3_regenwater;NL12628;NO3;regenwater;1978-01-02T00:00:00+01:00;;voorstad;achtergrond;1.25
NL12628_Na_regenwater;NL12628;Na;regenwater;1978-01-02T00:00:00+01:00;;voorstad;achtergrond;1.25
NL12628_Ni_regenwater;NL12628;Ni;regenwater;1980-12-31T00:00:00+01:00;2006-01-11T00:00:00+01:00;voorstad;achtergrond;1.25
NL12628_PO4_regenwater;NL12628;PO4;regenwater;1978-01-02T00:00:00+01:00;;voorstad;achtergrond;1.25
NL12628_Pb_regenwater;NL12628;Pb;regenwater;1980-12-31T00:00:00+01:00;2006-01-11T00:00:00+01:00;voorstad;achtergrond;1.25
NL12628_SO4_regenwater;NL12628;SO4;regenwater;1978-01-02T00:00:00+01:00;;voorstad;achtergrond;1.25
NL12628_Se_regenwater;NL12628;Se;regenwater;1980-12-31T00:00:00+01:00;1987-02-02T00:00:00+01:00;voorstad;achtergrond;1.25
NL12628_V_regenwater;NL12628;V;regenwater;1980-12-31T00:00:00+01:00;2006-01-11T00:00:00+01:00;voorstad;achtergrond;1.25
NL12628_Zn_regenwater;NL12628;Zn;regenwater;1978-01-02T00:00:00+01:00;2006-01-11T00:00:00+01:00;voorstad;achtergrond;1.25
NL12628_massa_hc_regenwater;NL12628;massa_hc;regenwater;1987-02-02T00:00:00+01:00;;voorstad;achtergrond;1.25
NL12628_massa_zm_regenwater;NL12628;massa_zm;regenwater;1980-12-31T00:00:00+01:00;2006-01-11T00:00:00+01:00;voorstad;achtergrond;1.25
NL12628_pH_regenwater;NL12628;pH;regenwater;1978-01-02T00:00:00+01:00;;voorstad;achtergrond;1.25
NL12628_st.zr._regenwater;NL12628;st.zr.;regenwater;1987-02-02T00:00:00+01:00;;voorstad;achtergrond;1.25
NL12631_As_regenwater;NL12631;As;regenwater;1991-01-02T00:00:00+01:00;2005-01-12T00:00:00+01:00;regionaal;achtergrond;3
NL12631_Ca_regenwater;NL12631;Ca;regenwater;1991-01-02T00:00:00+01:00;2005-01-12T00:00:00+01:00;regionaal;achtergrond;3
NL12631_Cd_regenwater;NL12631;Cd;regenwater;1991-01-02T00:00:00+01:00;2005-01-12T00:00:00+01:00;regionaal;achtergrond;3
NL12631_Cl_regenwater;NL12631;Cl;regenwater;1991-01-02T00:00:00+01:00;2005-01-12T00:00:00+01:00;regionaal;achtergrond;3
NL12631_Co_regenwater;NL12631;Co;regenwater;1991-01-02T00:00:00+01:00;2005-01-12T00:00:00+01:00;regionaal;achtergrond;3
NL12631_Cr_regenwater;NL12631;Cr;regenwater;1991-01-02T00:00:00+01:00;2005-01-12T00:00:00+01:00;regionaal;achtergrond;3
NL12631_Cu_regenwater;NL12631;Cu;regenwater;1991-01-02T00:00:00+01:00;2005-01-12T00:00:00+01:00;regionaal;achtergrond;3
NL12631_F_regenwater;NL12631;F;regenwater;1991-01-02T00:00:00+01:00;2005-01-12T00:00:00+01:00;regionaal;achtergrond;3
NL12631_Fe_regenwater;NL12631;Fe;regenwater;1991-01-02T00:00:00+01:00;2005-01-12T00:00:00+01:00;regionaal;achtergrond;3
NL12631_K25_regenwater;NL12631;K25;regenwater;1991-01-02T00:00:00+01:00;2005-01-12T00:00:00+01:00;regionaal;achtergrond;3
NL12631_K_regenwater;NL12631;K;regenwater;1991-01-02T00:00:00+01:00;2005-01-12T00:00:00+01:00;regionaal;achtergrond;3
NL12631_Mg_regenwater;NL12631;Mg;regenwater;1991-01-02T00:00:00+01:00;2005-01-12T00:00:00+01:00;regionaal;achtergrond;3
NL12631_Mn_regenwater;NL12631;Mn;regenwater;1991-01-02T00:00:00+01:00;2005-01-12T00:00:00+01:00;regionaal;achtergrond;3
NL12631_NH4_regenwater;NL12631;NH4;regenwater;1991-01-02T00:00:00+01:00;2005-01-12T00:00:00+01:00;regionaal;achtergrond;3
NL12631_NO3_regenwater;NL12631;NO3;regenwater;1991-01-02T00:00:00+01:00;2005-01-12T00:00:00+01:00;regionaal;achtergrond;3
NL12631_Na_regenwater;NL12631;Na;regenwater;1991-01-02T00:00:00+01:00;2005-01-12T00:00:00+01:00;regionaal;achtergrond;3
NL12631_Ni_regenwater;NL12631;Ni;regenwater;1991-01-02T00:00:00+01:00;2005-01-12T00:00:00+01:00;regionaal;achtergrond;3
NL12631_PO4_regenwater;NL12631;PO4;regenwater;1991-01-02T00:00:00+01:00;2005-01-12T00:00:00+01:00;regionaal;achtergrond;3
NL12631_Pb_regenwater;NL12631;Pb;regenwater;1991-01-02T00:00:00+01:00;2005-01-12T00:00:00+01:00;regionaal;achtergrond;3
NL12631_SO4_regenwater;NL12631;SO4;regenwater;1991-01-02T00:00:00+01:00;2005-01-12T00:00:00+01:00;regionaal;achtergrond;3
NL12631_V_regenwater;NL12631;V;regenwater;1991-01-02T00:00:00+01:00;2005-01-12T00:00:00+01:00;regionaal;achtergrond;3
NL12631_Zn_regenwater;NL12631;Zn;regenwater;1991-01-02T00:00:00+01:00;2005-01-12T00:00:00+01:00;regionaal;achtergrond;3
NL12631_massa_hc_regenwater;NL12631;massa_hc;regenwater;1991-01-02T00:00:00+01:00;2005-01-12T00:00:00+01:00;regionaal;achtergrond;3
NL12631_massa_zm_regenwater;NL12631;massa_zm;regenwater;1991-01-02T00:00:00+01:00;2005-01-12T00:00:00+01:00;regionaal;achtergrond;3
NL12631_pH_regenwater;NL12631;pH;regenwater;1991-01-02T00:00:00+01:00;2005-01-12T00:00:00+01:00;regionaal;achtergrond;3
NL12631_st.zr._regenwater;NL12631;st.zr.;regenwater;1991-01-02T00:00:00+01:00;2005-01-12T00:00:00+01:00;regionaal;achtergrond;3
NL12632_As_regenwater;NL12632;As;regenwater;1982-12-31T00:00:00+01:00;1990-01-02T00:00:00+01:00;voorstad;achtergrond;3
NL12632_Ca_regenwater;NL12632;Ca;regenwater;1978-01-02T00:00:00+01:00;1990-01-02T00:00:00+01:00;voorstad;achtergrond;3
NL12632_Cd_regenwater;NL12632;Cd;regenwater;1982-12-31T00:00:00+01:00;1990-01-02T00:00:00+01:00;voorstad;achtergrond;3
NL12632_Cl_regenwater;NL12632;Cl;regenwater;1978-01-02T00:00:00+01:00;1990-01-02T00:00:00+01:00;voorstad;achtergrond;3
NL12632_Co_regenwater;NL12632;Co;regenwater;1982-12-31T00:00:00+01:00;1990-01-02T00:00:00+01:00;voorstad;achtergrond;3
NL12632_Cr_regenwater;NL12632;Cr;regenwater;1982-12-31T00:00:00+01:00;1990-01-02T00:00:00+01:00;voorstad;achtergrond;3
NL12632_Cu_regenwater;NL12632;Cu;regenwater;1982-12-31T00:00:00+01:00;1990-01-02T00:00:00+01:00;voorstad;achtergrond;3
NL12632_F_regenwater;NL12632;F;regenwater;1978-01-02T00:00:00+01:00;1990-01-02T00:00:00+01:00;voorstad;achtergrond;3
NL12632_Fe_regenwater;NL12632;Fe;regenwater;1982-12-31T00:00:00+01:00;1990-01-02T00:00:00+01:00;voorstad;achtergrond;3
NL12632_K25_regenwater;NL12632;K25;regenwater;1987-02-02T00:00:00+01:00;1990-01-02T00:00:00+01:00;voorstad;achtergrond;3
NL12632_K_regenwater;NL12632;K;regenwater;1978-01-02T00:00:00+01:00;1990-01-02T00:00:00+01:00;voorstad;achtergrond;3
NL12632_Mg_regenwater;NL12632;Mg;regenwater;1978-01-02T00:00:00+01:00;1990-01-02T00:00:00+01:00;voorstad;achtergrond;3
NL12632_Mn_regenwater;NL12632;Mn;regenwater;1982-12-31T00:00:00+01:00;1990-01-02T00:00:00+01:00;voorstad;achtergrond;3
NL12632_NH4_regenwater;NL12632;NH4;regenwater;1978-01-02T00:00:00+01:00;1990-01-02T00:00:00+01:00;voorstad;achtergrond;3
NL12632_NO3_regenwater;NL12632;NO3;regenwater;1978-01-02T00:00:00+01:00;1990-01-02T00:00:00+01:00;voorstad;achtergrond;3
NL12632_Na_regenwater;NL12632;Na;regenwater;1978-01-02T00:00:00+01:00;1990-01-02T00:00:00+01:00;voorstad;achtergrond;3
NL12632_Ni_regenwater;NL12632;Ni;regenwater;1982-12-31T00:00:00+01:00;1990-01-02T00:00:00+01:00;voorstad;achtergrond;3
NL12632_PO4_regenwater;NL12632;PO4;regenwater;1978-01-02T00:00:00+01:00;1990-01-02T00:00:00+01:00;voorstad;achtergrond;3
NL12632_Pb_regenwater;NL12632;Pb;regenwater;1982-12-31T00:00:00+01:00;1990-01-02T00:00:00+01:00;voorstad;achtergrond;3
NL12632_SO4_regenwater;NL12632;SO4;regenwater;1978-01-02T00:00:00+01:00;1990-01-02T00:00:00+01:00;voorstad;achtergrond;3
NL12632_Se_regenwater;NL12632;Se;regenwater;1982-12-31T00:00:00+01:00;1987-02-02T00:00:00+01:00;voorstad;achtergrond;3
NL12632_V_regenwater;NL12632;V;regenwater;1982-12-31T00:00:00+01:00;1990-01-02T00:00:00+01:00;voorstad;achtergrond;3
NL12632_Zn_regenwater;NL12632;Zn;regenwater;1978-01-02T00:00:00+01:00;1990-01-02T00:00:00+01:00;voorstad;achtergrond;3
NL12632_massa_hc_regenwater;NL12632;massa_hc;regenwater;1987-02-02T00:00:00+01:00;1990-01-02T00:00:00+01:00;voorstad;achtergrond;3
NL12632_massa_zm_regenwater;NL12632;massa_zm;regenwater;1982-12-31T00:00:00+01:00;1990-01-02T00:00:00+01:00;voorstad;achtergrond;3
NL12632_pH_regenwater;NL12632;pH;regenwater;1978-01-02T00:00:00+01:00;1990-01-02T00:00:00+01:00;voorstad;achtergrond;3
NL12632_st.zr._regenwater;NL12632;st.zr.;regenwater;1987-02-02T00:00:00+01:00;1990-01-02T00:00:00+01:00;voorstad;achtergrond;3
NL12722_As_regenwater;NL12722;As;regenwater;1982-12-31T00:00:00+01:00;2005-01-12T00:00:00+01:00;regionaal;achtergrond;3
NL12722_Ca_regenwater;NL12722;Ca;regenwater;1982-12-31T00:00:00+01:00;2005-01-12T00:00:00+01:00;regionaal;achtergrond;3
NL12722_Cd_regenwater;NL12722;Cd;regenwater;1982-12-31T00:00:00+01:00;2005-01-12T00:00:00+01:00;regionaal;achtergrond;3
NL12722_Cl_regenwater;NL12722;Cl;regenwater;1982-12-31T00:00:00+01:00;2005-01-12T00:00:00+01:00;regionaal;achtergrond;3
NL12722_Co_regenwater;NL12722;Co;regenwater;1982-12-31T00:00:00+01:00;2005-01-12T00:00:00+01:00;regionaal;achtergrond;3
NL12722_Cr_regenwater;NL12722;Cr;regenwater;1982-12-31T00:00:00+01:00;2005-01-12T00:00:00+01:00;regionaal;achtergrond;3
NL12722_Cu_regenwater;NL12722;Cu;regenwater;1982-12-31T00:00:00+01:00;2005-01-12T00:00:00+01:00;regionaal;achtergrond;3
NL12722_F_regenwater;NL12722;F;regenwater;1982-12-31T00:00:00+01:00;2005-01-12T00:00:00+01:00;regionaal;achtergrond;3
NL12722_Fe_regenwater;NL12722;Fe;regenwater;1982-12-31T00:00:00+01:00;2005-01-12T00:00:00+01:00;regionaal;achtergrond;3
NL12722_K25_regenwater;NL12722;K25;regenwater;1987-02-02T00:00:00+01:00;2005-01-12T00:00:00+01:00;regionaal;achtergrond;3
NL12722_K_regenwater;NL12722;K;regenwater;1982-12-31T00:00:00+01:00;2005-01-12T00:00:00+01:00;regionaal;achtergrond;3
NL12722_Mg_regenwater;NL12722;Mg;regenwater;1982-12-31T00:00:00+01:00;2005-01-12T00:00:00+01:00;regionaal;achtergrond;3
NL12722_Mn_regenwater;NL12722;Mn;regenwater;1982-12-31T00:00:00+01:00;2005-01-12T00:00:00+01:00;regionaal;achtergrond;3
NL12722_NH4_regenwater;NL12722;NH4;regenwater;1982-12-31T00:00:00+01:00;2005-01-12T00:00:00+01:00;regionaal;achtergrond;3
NL12722_NO3_regenwater;NL12722;NO3;regenwater;1982-12-31T00:00:00+01:00;2005-01-12T00:00:00+01:00;regionaal;achtergrond;3
NL12722_Na_regenwater;NL12722;Na;regenwater;1982-12-31T00:00:00+01:00;2005-01-12T00:00:00+01:00;regionaal;achtergrond;3
NL12722_Ni_regenwater;NL12722;Ni;regenwater;1982-12-31T00:00:00+01:00;2005-01-12T00:00:00+01:00;regionaal;achtergrond;3
NL12722_PO4_regenwater;NL12722;PO4;regenwater;1982-12-31T00:00:00+01:00;2005-01-12T00:00:00+01:00;regionaal;achtergrond;3
NL12722_Pb_regenwater;NL12722;Pb;regenwater;1982-12-31T00:00:00+01:00;2005-01-12T00:00:00+01:00;regionaal;achtergrond;3
NL12722_SO4_regenwater;NL12722;SO4;regenwater;1982-12-31T00:00:00+01:00;2005-01-12T00:00:00+01:00;regionaal;achtergrond;3
NL12722_Se_regenwater;NL12722;Se;regenwater;1982-12-31T00:00:00+01:00;1987-02-02T00:00:00+01:00;regionaal;achtergrond;3
NL12722_V_regenwater;NL12722;V;regenwater;1982-12-31T00:00:00+01:00;2005-01-12T00:00:00+01:00;regionaal;achtergrond;3
NL12722_Zn_regenwater;NL12722;Zn;regenwater;1982-12-31T00:00:00+01:00;2005-01-12T00:00:00+01:00;regionaal;achtergrond;3
NL12722_massa_hc_regenwater;NL12722;massa_hc;regenwater;1987-02-02T00:00:00+01:00;2005-01-12T00:00:00+01:00;regionaal;achtergrond;3
NL12722_massa_zm_regenwater;NL12722;massa_zm;regenwater;1982-12-31T00:00:00+01:00;2005-01-12T00:00:00+01:00;regionaal;achtergrond;3
NL12722_pH_regenwater;NL12722;pH;regenwater;1982-12-31T00:00:00+01:00;2005-01-12T00:00:00+01:00;regionaal;achtergrond;3
NL12722_st.zr._regenwater;NL12722;st.zr.;regenwater;1987-02-02T00:00:00+01:00;2005-01-12T00:00:00+01:00;regionaal;achtergrond;3
NL12724_As_regenwater;NL12724;As;regenwater;1987-12-31T00:00:00+01:00;2005-01-12T00:00:00+01:00;regionaal;achtergrond;3
NL12724_Ca_regenwater;NL12724;Ca;regenwater;1987-12-31T00:00:00+01:00;2005-01-12T00:00:00+01:00;regionaal;achtergrond;3
NL12724_Cd_regenwater;NL12724;Cd;regenwater;1987-12-31T00:00:00+01:00;2005-01-12T00:00:00+01:00;regionaal;achtergrond;3
NL12724_Cl_regenwater;NL12724;Cl;regenwater;1987-12-31T00:00:00+01:00;2005-01-12T00:00:00+01:00;regionaal;achtergrond;3
NL12724_Co_regenwater;NL12724;Co;regenwater;1987-12-31T00:00:00+01:00;2005-01-12T00:00:00+01:00;regionaal;achtergrond;3
NL12724_Cr_regenwater;NL12724;Cr;regenwater;1987-12-31T00:00:00+01:00;2005-01-12T00:00:00+01:00;regionaal;achtergrond;3
NL12724_Cu_regenwater;NL12724;Cu;regenwater;1987-12-31T00:00:00+01:00;2005-01-12T00:00:00+01:00;regionaal;achtergrond;3
NL12724_F_regenwater;NL12724;F;regenwater;1987-12-31T00:00:00+01:00;2005-01-12T00:00:00+01:00;regionaal;achtergrond;3
NL12724_Fe_regenwater;NL12724;Fe;regenwater;1987-12-31T00:00:00+01:00;2005-01-12T00:00:00+01:00;regionaal;achtergrond;3
NL12724_K25_regenwater;NL12724;K25;regenwater;1987-12-31T00:00:00+01:00;2005-01-12T00:00:00+01:00;regionaal;achtergrond;3
NL12724_K_regenwater;NL12724;K;regenwater;1987-12-31T00:00:00+01:00;2005-01-12T00:00:00+01:00;regionaal;achtergrond;3
NL12724_Mg_regenwater;NL12724;Mg;regenwater;1987-12-31T00:00:00+01:00;2005-01-12T00:00:00+01:00;regionaal;achtergrond;3
NL12724_Mn_regenwater;NL12724;Mn;regenwater;1987-12-31T00:00:00+01:00;2005-01-12T00:00:00+01:00;regionaal;achtergrond;3
NL12724_NH4_regenwater;NL12724;NH4;regenwater;1987-12-31T00:00:00+01:00;2005-01-12T00:00:00+01:00;regionaal;achtergrond;3
NL12724_NO3_regenwater;NL12724;NO3;regenwater;1987-12-31T00:00:00+01:00;2005-01-12T00:00:00+01:00;regionaal;achtergrond;3
NL12724_Na_regenwater;NL12724;Na;regenwater;1987-12-31T00:00:00+01:00;2005-01-12T00:00:00+01:00;regionaal;achtergrond;3
NL12724_Ni_regenwater;NL12724;Ni;regenwater;1987-12-31T00:00:00+01:00;2005-01-12T00:00:00+01:00;regionaal;achtergrond;3
NL12724_PO4_regenwater;NL12724;PO4;regenwater;1987-12-31T00:00:00+01:00;2005-01-12T00:00:00+01:00;regionaal;achtergrond;3
NL12724_Pb_regenwater;NL12724;Pb;regenwater;1987-12-31T00:00:00+01:00;2005-01-12T00:00:00+01:00;regionaal;achtergrond;3
NL12724_SO4_regenwater;NL12724;SO4;regenwater;1987-12-31T00:00:00+01:00;2005-01-12T00:00:00+01:00;regionaal;achtergrond;3
NL12724_V_regenwater;NL12724;V;regenwater;1987-12-31T00:00:00+01:00;2005-01-12T00:00:00+01:00;regionaal;achtergrond;3
NL12724_Zn_regenwater;NL12724;Zn;regenwater;1987-12-31T00:00:00+01:00;2005-01-12T00:00:00+01:00;regionaal;achtergrond;3
NL12724_massa_hc_regenwater;NL12724;massa_hc;regenwater;1987-12-31T00:00:00+01:00;2005-01-12T00:00:00+01:00;regionaal;achtergrond;3
NL12724_massa_zm_regenwater;NL12724;massa_zm;regenwater;1987-12-31T00:00:00+01:00;2005-01-12T00:00:00+01:00;regionaal;achtergrond;3
NL12724_pH_regenwater;NL12724;pH;regenwater;1987-12-31T00:00:00+01:00;2005-01-12T00:00:00+01:00;regionaal;achtergrond;3
NL12724_st.zr._regenwater;NL12724;st.zr.;regenwater;1987-12-31T00:00:00+01:00;2005-01-12T00:00:00+01:00;regionaal;achtergrond;3
NL12730_As_regenwater;NL12730;As;regenwater;1991-01-02T00:00:00+01:00;1992-01-01T00:00:00+01:00;regionaal;achtergrond;3
NL12730_Ca_regenwater;NL12730;Ca;regenwater;1991-01-02T00:00:00+01:00;1992-01-01T00:00:00+01:00;regionaal;achtergrond;3
NL12730_Cd_regenwater;NL12730;Cd;regenwater;1991-01-02T00:00:00+01:00;1992-01-01T00:00:00+01:00;regionaal;achtergrond;3
NL12730_Cl_regenwater;NL12730;Cl;regenwater;1991-01-02T00:00:00+01:00;1992-01-01T00:00:00+01:00;regionaal;achtergrond;3
NL12730_Co_regenwater;NL12730;Co;regenwater;1991-01-02T00:00:00+01:00;1992-01-01T00:00:00+01:00;regionaal;achtergrond;3
NL12730_Cr_regenwater;NL12730;Cr;regenwater;1991-01-02T00:00:00+01:00;1992-01-01T00:00:00+01:00;regionaal;achtergrond;3
NL12730_Cu_regenwater;NL12730;Cu;regenwater;1991-01-02T00:00:00+01:00;1992-01-01T00:00:00+01:00;regionaal;achtergrond;3
NL12730_F_regenwater;NL12730;F;regenwater;1991-01-02T00:00:00+01:00;1992-01-01T00:00:00+01:00;regionaal;achtergrond;3
NL12730_Fe_regenwater;NL12730;Fe;regenwater;1991-01-02T00:00:00+01:00;1992-01-01T00:00:00+01:00;regionaal;achtergrond;3
NL12730_K25_regenwater;NL12730;K25;regenwater;1991-01-02T00:00:00+01:00;1992-01-01T00:00:00+01:00;regionaal;achtergrond;3
NL12730_K_regenwater;NL12730;K;regenwater;1991-01-02T00:00:00+01:00;1992-01-01T00:00:00+01:00;regionaal;achtergrond;3
NL12730_Mg_regenwater;NL12730;Mg;regenwater;1991-01-02T00:00:00+01:00;1992-01-01T00:00:00+01:00;regionaal;achtergrond;3
NL12730_Mn_regenwater;NL12730;Mn;regenwater;1991-01-02T00:00:00+01:00;1992-01-01T00:00:00+01:00;regionaal;achtergrond;3
NL12730_NH4_regenwater;NL12730;NH4;regenwater;1991-01-02T00:00:00+01:00;1992-01-01T00:00:00+01:00;regionaal;achtergrond;3
NL12730_NO3_regenwater;NL12730;NO3;regenwater;1991-01-02T00:00:00+01:00;1992-01-01T00:00:00+01:00;regionaal;achtergrond;3
NL12730_Na_regenwater;NL12730;Na;regenwater;1991-01-02T00:00:00+01:00;1992-01-01T00:00:00+01:00;regionaal;achtergrond;3
NL12730_Ni_regenwater;NL12730;Ni;regenwater;1991-01-02T00:00:00+01:00;1992-01-01T00:00:00+01:00;regionaal;achtergrond;3
NL12730_PO4_regenwater;NL12730;PO4;regenwater;1991-01-02T00:00:00+01:00;1992-01-01T00:00:00+01:00;regionaal;achtergrond;3
NL12730_Pb_regenwater;NL12730;Pb;regenwater;1991-01-02T00:00:00+01:00;1992-01-01T00:00:00+01:00;regionaal;achtergrond;3
NL12730_SO4_regenwater;NL12730;SO4;regenwater;1991-01-02T00:00:00+01:00;1992-01-01T00:00:00+01:00;regionaal;achtergrond;3
NL12730_V_regenwater;NL12730;V;regenwater;1991-01-02T00:00:00+01:00;1992-01-01T00:00:00+01:00;regionaal;achtergrond;3
NL12730_Zn_regenwater;NL12730;Zn;regenwater;1991-01-02T00:00:00+01:00;1992-01-01T00:00:00+01:00;regionaal;achtergrond;3
NL12730_massa_hc_regenwater;NL12730;massa_hc;regenwater;1991-01-02T00:00:00+01:00;1992-01-01T00:00:00+01:00;regionaal;achtergrond;3
NL12730_massa_zm_regenwater;NL12730;massa_zm;regenwater;1991-01-02T00:00:00+01:00;1992-01-01T00:00:00+01:00;regionaal;achtergrond;3
NL12730_pH_regenwater;NL12730;pH;regenwater;1991-01-02T00:00:00+01:00;1992-01-01T00:00:00+01:00;regionaal;achtergrond;3
NL12730_st.zr._regenwater;NL12730;st.zr.;regenwater;1991-01-02T00:00:00+01:00;1992-01-01T00:00:00+01:00;regionaal;achtergrond;3
NL12731_As_regenwater;NL12731;As;regenwater;1982-12-31T00:00:00+01:00;1985-12-30T00:00:00+01:00;regionaal;achtergrond;3
NL12731_Ca_regenwater;NL12731;Ca;regenwater;1982-12-31T00:00:00+01:00;1985-12-30T00:00:00+01:00;regionaal;achtergrond;3
NL12731_Cd_regenwater;NL12731;Cd;regenwater;1982-12-31T00:00:00+01:00;1985-12-30T00:00:00+01:00;regionaal;achtergrond;3
NL12731_Cl_regenwater;NL12731;Cl;regenwater;1982-12-31T00:00:00+01:00;1985-12-30T00:00:00+01:00;regionaal;achtergrond;3
NL12731_Co_regenwater;NL12731;Co;regenwater;1982-12-31T00:00:00+01:00;1985-12-30T00:00:00+01:00;regionaal;achtergrond;3
NL12731_Cr_regenwater;NL12731;Cr;regenwater;1982-12-31T00:00:00+01:00;1985-12-30T00:00:00+01:00;regionaal;achtergrond;3
NL12731_Cu_regenwater;NL12731;Cu;regenwater;1982-12-31T00:00:00+01:00;1985-12-30T00:00:00+01:00;regionaal;achtergrond;3
NL12731_F_regenwater;NL12731;F;regenwater;1982-12-31T00:00:00+01:00;1985-12-30T00:00:00+01:00;regionaal;achtergrond;3
NL12731_Fe_regenwater;NL12731;Fe;regenwater;1982-12-31T00:00:00+01:00;1985-12-30T00:00:00+01:00;regionaal;achtergrond;3
NL12731_K_regenwater;NL12731;K;regenwater;1982-12-31T00:00:00+01:00;1985-12-30T00:00:00+01:00;regionaal;achtergrond;3
NL12731_Mg_regenwater;NL12731;Mg;regenwater;1982-12-31T00:00:00+01:00;1985-12-30T00:00:00+01:00;regionaal;achtergrond;3
NL12731_Mn_regenwater;NL12731;Mn;regenwater;1982-12-31T00:00:00+01:00;1985-12-30T00:00:00+01:00;regionaal;achtergrond;3
NL12731_NH4_regenwater;NL12731;NH4;regenwater;1982-12-31T00:00:00+01:00;1985-12-30T00:00:00+01:00;regionaal;achtergrond;3
NL12731_NO3_regenwater;NL12731;NO3;regenwater;1982-12-31T00:00:00+01:00;1985-12-30T00:00:00+01:00;regionaal;achtergrond;3
NL12731_Na_regenwater;NL12731;Na;regenwater;1982-12-31T00:00:00+01:00;1985-12-30T00:00:00+01:00;regionaal;achtergrond;3
NL12731_Ni_regenwater;NL12731;Ni;regenwater;1982-12-31T00:00:00+01:00;1985-12-30T00:00:00+01:00;regionaal;achtergrond;3
NL12731_PO4_regenwater;NL12731;PO4;regenwater;1982-12-31T00:00:00+01:00;1985-12-30T00:00:00+01:00;regionaal;achtergrond;3
NL12731_Pb_regenwater;NL12731;Pb;regenwater;1982-12-31T00:00:00+01:00;1985-12-30T00:00:00+01:00;regionaal;achtergrond;3
NL12731_SO4_regenwater;NL12731;SO4;regenwater;1982-12-31T00:00:00+01:00;1985-12-30T00:00:00+01:00;regionaal;achtergrond;3
NL12731_Se_regenwater;NL12731;Se;regenwater;1982-12-31T00:00:00+01:00;1985-12-30T00:00:00+01:00;regionaal;achtergrond;3
NL12731_V_regenwater;NL12731;V;regenwater;1982-12-31T00:00:00+01:00;1985-12-30T00:00:00+01:00;regionaal;achtergrond;3
NL12731_Zn_regenwater;NL12731;Zn;regenwater;1982-12-31T00:00:00+01:00;1985-12-30T00:00:00+01:00;regionaal;achtergrond;3
NL12731_massa_zm_regenwater;NL12731;massa_zm;regenwater;1982-12-31T00:00:00+01:00;1985-12-30T00:00:00+01:00;regionaal;achtergrond;3
NL12731_pH_regenwater;NL12731;pH;regenwater;1982-12-31T00:00:00+01:00;1985-12-30T00:00:00+01:00;regionaal;achtergrond;3
NL12732_As_regenwater;NL12732;As;regenwater;1992-12-30T00:00:00+01:00;2006-01-11T00:00:00+01:00;regionaal;achtergrond;1.5
NL12732_Ca_regenwater;NL12732;Ca;regenwater;1992-12-30T00:00:00+01:00;;regionaal;achtergrond;1.5
NL12732_Cd_regenwater;NL12732;Cd;regenwater;1992-12-30T00:00:00+01:00;2006-01-11T00:00:00+01:00;regionaal;achtergrond;1.5
NL12732_Cl_regenwater;NL12732;Cl;regenwater;1992-12-30T00:00:00+01:00;;regionaal;achtergrond;1.5
NL12732_Co_regenwater;NL12732;Co;regenwater;1992-12-30T00:00:00+01:00;2006-01-11T00:00:00+01:00;regionaal;achtergrond;1.5
NL12732_Cr_regenwater;NL12732;Cr;regenwater;1992-12-30T00:00:00+01:00;2006-01-11T00:00:00+01:00;regionaal;achtergrond;1.5
NL12732_Cu_regenwater;NL12732;Cu;regenwater;1992-12-30T00:00:00+01:00;2006-01-11T00:00:00+01:00;regionaal;achtergrond;1.5
NL12732_F_regenwater;NL12732;F;regenwater;1992-12-30T00:00:00+01:00;;regionaal;achtergrond;1.5
NL12732_Fe_regenwater;NL12732;Fe;regenwater;1992-12-30T00:00:00+01:00;2006-01-11T00:00:00+01:00;regionaal;achtergrond;1.5
NL12732_K25_regenwater;NL12732;K25;regenwater;1992-12-30T00:00:00+01:00;;regionaal;achtergrond;1.5
NL12732_K_regenwater;NL12732;K;regenwater;1992-12-30T00:00:00+01:00;;regionaal;achtergrond;1.5
NL12732_Mg_regenwater;NL12732;Mg;regenwater;1992-12-30T00:00:00+01:00;;regionaal;achtergrond;1.5
NL12732_Mn_regenwater;NL12732;Mn;regenwater;1992-12-30T00:00:00+01:00;2006-01-11T00:00:00+01:00;regionaal;achtergrond;1.5
NL12732_NH4_regenwater;NL12732;NH4;regenwater;1992-12-30T00:00:00+01:00;;regionaal;achtergrond;1.5
NL12732_NO3_regenwater;NL12732;NO3;regenwater;1992-12-30T00:00:00+01:00;;regionaal;achtergrond;1.5
NL12732_Na_regenwater;NL12732;Na;regenwater;1992-12-30T00:00:00+01:00;;regionaal;achtergrond;1.5
NL12732_Ni_regenwater;NL12732;Ni;regenwater;1992-12-30T00:00:00+01:00;2006-01-11T00:00:00+01:00;regionaal;achtergrond;1.5
NL12732_PO4_regenwater;NL12732;PO4;regenwater;1992-12-30T00:00:00+01:00;;regionaal;achtergrond;1.5
NL12732_Pb_regenwater;NL12732;Pb;regenwater;1992-12-30T00:00:00+01:00;2006-01-11T00:00:00+01:00;regionaal;achtergrond;1.5
NL12732_SO4_regenwater;NL12732;SO4;regenwater;1992-12-30T00:00:00+01:00;;regionaal;achtergrond;1.5
NL12732_V_regenwater;NL12732;V;regenwater;1992-12-30T00:00:00+01:00;2006-01-11T00:00:00+01:00;regionaal;achtergrond;1.5
NL12732_Zn_regenwater;NL12732;Zn;regenwater;1992-12-30T00:00:00+01:00;2006-01-11T00:00:00+01:00;regionaal;achtergrond;1.5
NL12732_massa_hc_regenwater;NL12732;massa_hc;regenwater;1992-12-30T00:00:00+01:00;;regionaal;achtergrond;1.5
NL12732_massa_zm_regenwater;NL12732;massa_zm;regenwater;1992-12-30T00:00:00+01:00;2006-01-11T00:00:00+01:00;regionaal;achtergrond;1.5
NL12732_pH_regenwater;NL12732;pH;regenwater;1992-12-30T00:00:00+01:00;;regionaal;achtergrond;1.5
NL12732_st.zr._regenwater;NL12732;st.zr.;regenwater;1992-12-30T00:00:00+01:00;;regionaal;achtergrond;1.5
NL12735_As_regenwater;NL12735;As;regenwater;1982-12-31T00:00:00+01:00;1985-12-31T00:00:00+01:00;regionaal;achtergrond;3
NL12735_Ca_regenwater;NL12735;Ca;regenwater;1978-01-02T00:00:00+01:00;1985-12-31T00:00:00+01:00;regionaal;achtergrond;3
NL12735_Cd_regenwater;NL12735;Cd;regenwater;1982-12-31T00:00:00+01:00;1985-12-31T00:00:00+01:00;regionaal;achtergrond;3
NL12735_Cl_regenwater;NL12735;Cl;regenwater;1978-01-02T00:00:00+01:00;1985-12-31T00:00:00+01:00;regionaal;achtergrond;3
NL12735_Co_regenwater;NL12735;Co;regenwater;1982-12-31T00:00:00+01:00;1985-12-31T00:00:00+01:00;regionaal;achtergrond;3
NL12735_Cr_regenwater;NL12735;Cr;regenwater;1982-12-31T00:00:00+01:00;1985-12-31T00:00:00+01:00;regionaal;achtergrond;3
NL12735_Cu_regenwater;NL12735;Cu;regenwater;1982-12-31T00:00:00+01:00;1985-12-31T00:00:00+01:00;regionaal;achtergrond;3
NL12735_F_regenwater;NL12735;F;regenwater;1978-01-02T00:00:00+01:00;1985-12-31T00:00:00+01:00;regionaal;achtergrond;3
NL12735_Fe_regenwater;NL12735;Fe;regenwater;1982-12-31T00:00:00+01:00;1985-12-31T00:00:00+01:00;regionaal;achtergrond;3
NL12735_K_regenwater;NL12735;K;regenwater;1978-01-02T00:00:00+01:00;1985-12-31T00:00:00+01:00;regionaal;achtergrond;3
NL12735_Mg_regenwater;NL12735;Mg;regenwater;1978-01-02T00:00:00+01:00;1985-12-31T00:00:00+01:00;regionaal;achtergrond;3
NL12735_Mn_regenwater;NL12735;Mn;regenwater;1982-12-31T00:00:00+01:00;1985-12-31T00:00:00+01:00;regionaal;achtergrond;3
NL12735_NH4_regenwater;NL12735;NH4;regenwater;1978-01-02T00:00:00+01:00;1985-12-31T00:00:00+01:00;regionaal;achtergrond;3
NL12735_NO3_regenwater;NL12735;NO3;regenwater;1978-01-02T00:00:00+01:00;1985-12-31T00:00:00+01:00;regionaal;achtergrond;3
NL12735_Na_regenwater;NL12735;Na;regenwater;1978-01-02T00:00:00+01:00;1985-12-31T00:00:00+01:00;regionaal;achtergrond;3
NL12735_Ni_regenwater;NL12735;Ni;regenwater;1982-12-31T00:00:00+01:00;1985-12-31T00:00:00+01:00;regionaal;achtergrond;3
NL12735_PO4_regenwater;NL12735;PO4;regenwater;1978-01-02T00:00:00+01:00;1985-12-31T00:00:00+01:00;regionaal;achtergrond;3
NL12735_Pb_regenwater;NL12735;Pb;regenwater;1982-12-31T00:00:00+01:00;1985-12-31T00:00:00+01:00;regionaal;achtergrond;3
NL12735_SO4_regenwater;NL12735;SO4;regenwater;1978-01-02T00:00:00+01:00;1985-12-31T00:00:00+01:00;regionaal;achtergrond;3
NL12735_Se_regenwater;NL12735;Se;regenwater;1982-12-31T00:00:00+01:00;1985-12-31T00:00:00+01:00;regionaal;achtergrond;3
NL12735_V_regenwater;NL12735;V;regenwater;1982-12-31T00:00:00+01:00;1985-12-31T00:00:00+01:00;regionaal;achtergrond;3
NL12735_Zn_regenwater;NL12735;Zn;regenwater;1978-01-02T00:00:00+01:00;1985-12-31T00:00:00+01:00;regionaal;achtergrond;3
NL12735_massa_zm_regenwater;NL12735;massa_zm;regenwater;1982-12-31T00:00:00+01:00;1985-12-31T00:00:00+01:00;regionaal;achtergrond;3
NL12735_pH_regenwater;NL12735;pH;regenwater;1978-01-02T00:00:00+01:00;1985-12-31T00:00:00+01:00;regionaal;achtergrond;3
NL12736_As_regenwater;NL12736;As;regenwater;1982-12-31T00:00:00+01:00;1987-12-31T00:00:00+01:00;regionaal;achtergrond;3
NL12736_Ca_regenwater;NL12736;Ca;regenwater;1982-12-31T00:00:00+01:00;1987-12-31T00:00:00+01:00;regionaal;achtergrond;3
NL12736_Cd_regenwater;NL12736;Cd;regenwater;1982-12-31T00:00:00+01:00;1987-12-31T00:00:00+01:00;regionaal;achtergrond;3
NL12736_Cl_regenwater;NL12736;Cl;regenwater;1982-12-31T00:00:00+01:00;1987-12-31T00:00:00+01:00;regionaal;achtergrond;3
NL12736_Co_regenwater;NL12736;Co;regenwater;1982-12-31T00:00:00+01:00;1987-12-31T00:00:00+01:00;regionaal;achtergrond;3
NL12736_Cr_regenwater;NL12736;Cr;regenwater;1982-12-31T00:00:00+01:00;1987-12-31T00:00:00+01:00;regionaal;achtergrond;3
NL12736_Cu_regenwater;NL12736;Cu;regenwater;1982-12-31T00:00:00+01:00;1987-12-31T00:00:00+01:00;regionaal;achtergrond;3
NL12736_F_regenwater;NL12736;F;regenwater;1982-12-31T00:00:00+01:00;1987-12-31T00:00:00+01:00;regionaal;achtergrond;3
NL12736_Fe_regenwater;NL12736;Fe;regenwater;1982-12-31T00:00:00+01:00;1987-12-31T00:00:00+01:00;regionaal;achtergrond;3
NL12736_K25_regenwater;NL12736;K25;regenwater;1987-02-02T00:00:00+01:00;1987-12-31T00:00:00+01:00;regionaal;achtergrond;3
NL12736_K_regenwater;NL12736;K;regenwater;1982-12-31T00:00:00+01:00;1987-12-31T00:00:00+01:00;regionaal;achtergrond;3
NL12736_Mg_regenwater;NL12736;Mg;regenwater;1982-12-31T00:00:00+01:00;1987-12-31T00:00:00+01:00;regionaal;achtergrond;3
NL12736_Mn_regenwater;NL12736;Mn;regenwater;1982-12-31T00:00:00+01:00;1987-12-31T00:00:00+01:00;regionaal;achtergrond;3
NL12736_NH4_regenwater;NL12736;NH4;regenwater;1982-12-31T00:00:00+01:00;1987-12-31T00:00:00+01:00;regionaal;achtergrond;3
NL12736_NO3_regenwater;NL12736;NO3;regenwater;1982-12-31T00:00:00+01:00;1987-12-31T00:00:00+01:00;regionaal;achtergrond;3
NL12736_Na_regenwater;NL12736;Na;regenwater;1982-12-31T00:00:00+01:00;1987-12-31T00:00:00+01:00;regionaal;achtergrond;3
NL12736_Ni_regenwater;NL12736;Ni;regenwater;1982-12-31T00:00:00+01:00;1987-12-31T00:00:00+01:00;regionaal;achtergrond;3
NL12736_PO4_regenwater;NL12736;PO4;regenwater;1982-12-31T00:00:00+01:00;1987-12-31T00:00:00+01:00;regionaal;achtergrond;3
NL12736_Pb_regenwater;NL12736;Pb;regenwater;1982-12-31T00:00:00+01:00;1987-12-31T00:00:00+01:00;regionaal;achtergrond;3
NL12736_SO4_regenwater;NL12736;SO4;regenwater;1982-12-31T00:00:00+01:00;1987-12-31T00:00:00+01:00;regionaal;achtergrond;3
NL12736_Se_regenwater;NL12736;Se;regenwater;1982-12-31T00:00:00+01:00;1987-02-02T00:00:00+01:00;regionaal;achtergrond;3
NL12736_V_regenwater;NL12736;V;regenwater;1982-12-31T00:00:00+01:00;1987-12-31T00:00:00+01:00;regionaal;achtergrond;3
NL12736_Zn_regenwater;NL12736;Zn;regenwater;1982-12-31T00:00:00+01:00;1987-12-31T00:00:00+01:00;regionaal;achtergrond;3
NL12736_massa_hc_regenwater;NL12736;massa_hc;regenwater;1987-02-02T00:00:00+01:00;1987-12-31T00:00:00+01:00;regionaal;achtergrond;3
NL12736_massa_zm_regenwater;NL12736;massa_zm;regenwater;1982-12-31T00:00:00+01:00;1987-12-31T00:00:00+01:00;regionaal;achtergrond;3
NL12736_pH_regenwater;NL12736;pH;regenwater;1982-12-31T00:00:00+01:00;1987-12-31T00:00:00+01:00;regionaal;achtergrond;3
NL12736_st.zr._regenwater;NL12736;st.zr.;regenwater;1987-02-02T00:00:00+01:00;1987-12-31T00:00:00+01:00;regionaal;achtergrond;3
NL12746_Ca_regenwater;NL12746;Ca;regenwater;2023-11-06T00:00:00+01:00;;regionaal;achtergrond;3
NL12746_Cl_regenwater;NL12746;Cl;regenwater;2023-11-06T00:00:00+01:00;;regionaal;achtergrond;3
NL12746_F_regenwater;NL12746;F;regenwater;2023-11-06T00:00:00+01:00;;regionaal;achtergrond;3
NL12746_K25_regenwater;NL12746;K25;regenwater;2023-11-06T00:00:00+01:00;;regionaal;achtergrond;3
NL12746_K_regenwater;NL12746;K;regenwater;2023-11-06T00:00:00+01:00;;regionaal;achtergrond;3
NL12746_Mg_regenwater;NL12746;Mg;regenwater;2023-11-06T00:00:00+01:00;;regionaal;achtergrond;3
NL12746_NH4_regenwater;NL12746;NH4;regenwater;2023-11-06T00:00:00+01:00;;regionaal;achtergrond;3
NL12746_NO3_regenwater;NL12746;NO3;regenwater;2023-11-06T00:00:00+01:00;;regionaal;achtergrond;3
NL12746_Na_regenwater;NL12746;Na;regenwater;2023-11-06T00:00:00+01:00;;regionaal;achtergrond;3
NL12746_PO4_regenwater;NL12746;PO4;regenwater;2023-11-06T00:00:00+01:00;;regionaal;achtergrond;3
NL12746_SO4_regenwater;NL12746;SO4;regenwater;2023-11-06T00:00:00+01:00;;regionaal;achtergrond;3
NL12746_massa_hc_regenwater;NL12746;massa_hc;regenwater;2023-11-06T00:00:00+01:00;;regionaal;achtergrond;3
NL12746_pH_regenwater;NL12746;pH;regenwater;2023-11-06T00:00:00+01:00;;regionaal;achtergrond;3
NL12746_st.zr._regenwater;NL12746;st.zr.;regenwater;2023-11-06T00:00:00+01:00;;regionaal;achtergrond;3
NL12819_As_regenwater;NL12819;As;regenwater;1982-12-31T00:00:00+01:00;1985-12-31T00:00:00+01:00;regionaal;achtergrond;3
NL12819_Ca_regenwater;NL12819;Ca;regenwater;1978-01-02T00:00:00+01:00;1985-12-31T00:00:00+01:00;regionaal;achtergrond;3
NL12819_Cd_regenwater;NL12819;Cd;regenwater;1982-12-31T00:00:00+01:00;1985-12-31T00:00:00+01:00;regionaal;achtergrond;3
NL12819_Cl_regenwater;NL12819;Cl;regenwater;1978-01-02T00:00:00+01:00;1985-12-31T00:00:00+01:00;regionaal;achtergrond;3
NL12819_Co_regenwater;NL12819;Co;regenwater;1982-12-31T00:00:00+01:00;1985-12-31T00:00:00+01:00;regionaal;achtergrond;3
NL12819_Cr_regenwater;NL12819;Cr;regenwater;1982-12-31T00:00:00+01:00;1985-12-31T00:00:00+01:00;regionaal;achtergrond;3
NL12819_Cu_regenwater;NL12819;Cu;regenwater;1982-12-31T00:00:00+01:00;1985-12-31T00:00:00+01:00;regionaal;achtergrond;3
NL12819_F_regenwater;NL12819;F;regenwater;1978-01-02T00:00:00+01:00;1985-12-31T00:00:00+01:00;regionaal;achtergrond;3
NL12819_Fe_regenwater;NL12819;Fe;regenwater;1982-12-31T00:00:00+01:00;1985-12-31T00:00:00+01:00;regionaal;achtergrond;3
NL12819_K_regenwater;NL12819;K;regenwater;1978-01-02T00:00:00+01:00;1985-12-31T00:00:00+01:00;regionaal;achtergrond;3
NL12819_Mg_regenwater;NL12819;Mg;regenwater;1978-01-02T00:00:00+01:00;1985-12-31T00:00:00+01:00;regionaal;achtergrond;3
NL12819_Mn_regenwater;NL12819;Mn;regenwater;1982-12-31T00:00:00+01:00;1985-12-31T00:00:00+01:00;regionaal;achtergrond;3
NL12819_NH4_regenwater;NL12819;NH4;regenwater;1978-01-02T00:00:00+01:00;1985-12-31T00:00:00+01:00;regionaal;achtergrond;3
NL12819_NO3_regenwater;NL12819;NO3;regenwater;1978-01-02T00:00:00+01:00;1985-12-31T00:00:00+01:00;regionaal;achtergrond;3
NL12819_Na_regenwater;NL12819;Na;regenwater;1978-01-02T00:00:00+01:00;1985-12-31T00:00:00+01:00;regionaal;achtergrond;3
NL12819_Ni_regenwater;NL12819;Ni;regenwater;1982-12-31T00:00:00+01:00;1985-12-31T00:00:00+01:00;regionaal;achtergrond;3
NL12819_PO4_regenwater;NL12819;PO4;regenwater;1978-01-02T00:00:00+01:00;1985-12-31T00:00:00+01:00;regionaal;achtergrond;3
NL12819_Pb_regenwater;NL12819;Pb;regenwater;1982-12-31T00:00:00+01:00;1985-12-31T00:00:00+01:00;regionaal;achtergrond;3
NL12819_SO4_regenwater;NL12819;SO4;regenwater;1978-01-02T00:00:00+01:00;1985-12-31T00:00:00+01:00;regionaal;achtergrond;3
NL12819_Se_regenwater;NL12819;Se;regenwater;1982-12-31T00:00:00+01:00;1985-12-31T00:00:00+01:00;regionaal;achtergrond;3
NL12819_V_regenwater;NL12819;V;regenwater;1982-12-31T00:00:00+01:00;1985-12-31T00:00:00+01:00;regionaal;achtergrond;3
NL12819_Zn_regenwater;NL12819;Zn;regenwater;1978-01-02T00:00:00+01:00;1985-12-31T00:00:00+01:00;regionaal;achtergrond;3
NL12819_massa_zm_regenwater;NL12819;massa_zm;regenwater;1982-12-31T00:00:00+01:00;1985-12-31T00:00:00+01:00;regionaal;achtergrond;3
NL12819_pH_regenwater;NL12819;pH;regenwater;1978-01-02T00:00:00+01:00;1985-12-31T00:00:00+01:00;regionaal;achtergrond;3
NL12822_Ca_regenwater;NL12822;Ca;regenwater;2023-09-11T00:00:00+01:00;;regionaal;achtergrond;3
NL12822_Cl_regenwater;NL12822;Cl;regenwater;2023-09-11T00:00:00+01:00;;regionaal;achtergrond;3
NL12822_F_regenwater;NL12822;F;regenwater;2023-09-11T00:00:00+01:00;;regionaal;achtergrond;3
NL12822_K25_regenwater;NL12822;K25;regenwater;2023-09-11T00:00:00+01:00;;regionaal;achtergrond;3
NL12822_K_regenwater;NL12822;K;regenwater;2023-09-11T00:00:00+01:00;;regionaal;achtergrond;3
NL12822_Mg_regenwater;NL12822;Mg;regenwater;2023-09-11T00:00:00+01:00;;regionaal;achtergrond;3
NL12822_NH4_regenwater;NL12822;NH4;regenwater;2023-09-11T00:00:00+01:00;;regionaal;achtergrond;3
NL12822_NO3_regenwater;NL12822;NO3;regenwater;2023-09-11T00:00:00+01:00;;regionaal;achtergrond;3
NL12822_Na_regenwater;NL12822;Na;regenwater;2023-09-11T00:00:00+01:00;;regionaal;achtergrond;3
NL12822_PO4_regenwater;NL12822;PO4;regenwater;2023-09-11T00:00:00+01:00;;regionaal;achtergrond;3
NL12822_SO4_regenwater;NL12822;SO4;regenwater;2023-09-11T00:00:00+01:00;;regionaal;achtergrond;3
NL12822_massa_hc_regenwater;NL12822;massa_hc;regenwater;2023-09-11T00:00:00+01:00;;regionaal;achtergrond;3
NL12822_pH_regenwater;NL12822;pH;regenwater;2023-09-11T00:00:00+01:00;;regionaal;achtergrond;3
NL12822_st.zr._regenwater;NL12822;st.zr.;regenwater;2023-09-11T00:00:00+01:00;;regionaal;achtergrond;3
NL12901_As_regenwater;NL12901;As;regenwater;1987-12-31T00:00:00+01:00;1990-01-02T00:00:00+01:00;regionaal;achtergrond;3
NL12901_Ca_regenwater;NL12901;Ca;regenwater;1987-12-31T00:00:00+01:00;1990-01-02T00:00:00+01:00;regionaal;achtergrond;3
NL12901_Cd_regenwater;NL12901;Cd;regenwater;1987-12-31T00:00:00+01:00;1990-01-02T00:00:00+01:00;regionaal;achtergrond;3
NL12901_Cl_regenwater;NL12901;Cl;regenwater;1987-12-31T00:00:00+01:00;1990-01-02T00:00:00+01:00;regionaal;achtergrond;3
NL12901_Co_regenwater;NL12901;Co;regenwater;1987-12-31T00:00:00+01:00;1990-01-02T00:00:00+01:00;regionaal;achtergrond;3
NL12901_Cr_regenwater;NL12901;Cr;regenwater;1987-12-31T00:00:00+01:00;1990-01-02T00:00:00+01:00;regionaal;achtergrond;3
NL12901_Cu_regenwater;NL12901;Cu;regenwater;1987-12-31T00:00:00+01:00;1990-01-02T00:00:00+01:00;regionaal;achtergrond;3
NL12901_F_regenwater;NL12901;F;regenwater;1987-12-31T00:00:00+01:00;1990-01-02T00:00:00+01:00;regionaal;achtergrond;3
NL12901_Fe_regenwater;NL12901;Fe;regenwater;1987-12-31T00:00:00+01:00;1990-01-02T00:00:00+01:00;regionaal;achtergrond;3
NL12901_K25_regenwater;NL12901;K25;regenwater;1987-12-31T00:00:00+01:00;1990-01-02T00:00:00+01:00;regionaal;achtergrond;3
NL12901_K_regenwater;NL12901;K;regenwater;1987-12-31T00:00:00+01:00;1990-01-02T00:00:00+01:00;regionaal;achtergrond;3
NL12901_Mg_regenwater;NL12901;Mg;regenwater;1987-12-31T00:00:00+01:00;1990-01-02T00:00:00+01:00;regionaal;achtergrond;3
NL12901_Mn_regenwater;NL12901;Mn;regenwater;1987-12-31T00:00:00+01:00;1990-01-02T00:00:00+01:00;regionaal;achtergrond;3
NL12901_NH4_regenwater;NL12901;NH4;regenwater;1987-12-31T00:00:00+01:00;1990-01-02T00:00:00+01:00;regionaal;achtergrond;3
NL12901_NO3_regenwater;NL12901;NO3;regenwater;1987-12-31T00:00:00+01:00;1990-01-02T00:00:00+01:00;regionaal;achtergrond;3
NL12901_Na_regenwater;NL12901;Na;regenwater;1987-12-31T00:00:00+01:00;1990-01-02T00:00:00+01:00;regionaal;achtergrond;3
NL12901_Ni_regenwater;NL12901;Ni;regenwater;1987-12-31T00:00:00+01:00;1990-01-02T00:00:00+01:00;regionaal;achtergrond;3
NL12901_PO4_regenwater;NL12901;PO4;regenwater;1987-12-31T00:00:00+01:00;1990-01-02T00:00:00+01:00;regionaal;achtergrond;3
NL12901_Pb_regenwater;NL12901;Pb;regenwater;1987-12-31T00:00:00+01:00;1990-01-02T00:00:00+01:00;regionaal;achtergrond;3
NL12901_SO4_regenwater;NL12901;SO4;regenwater;1987-12-31T00:00:00+01:00;1990-01-02T00:00:00+01:00;regionaal;achtergrond;3
NL12901_V_regenwater;NL12901;V;regenwater;1987-12-31T00:00:00+01:00;1990-01-02T00:00:00+01:00;regionaal;achtergrond;3
NL12901_Zn_regenwater;NL12901;Zn;regenwater;1987-12-31T00:00:00+01:00;1990-01-02T00:00:00+01:00;regionaal;achtergrond;3
NL12901_massa_hc_regenwater;NL12901;massa_hc;regenwater;1987-12-31T00:00:00+01:00;1990-01-02T00:00:00+01:00;regionaal;achtergrond;3
NL12901_massa_zm_regenwater;NL12901;massa_zm;regenwater;1987-12-31T00:00:00+01:00;1990-01-02T00:00:00+01:00;regionaal;achtergrond;3
NL12901_pH_regenwater;NL12901;pH;regenwater;1987-12-31T00:00:00+01:00;1990-01-02T00:00:00+01:00;regionaal;achtergrond;3
NL12901_st.zr._regenwater;NL12901;st.zr.;regenwater;1987-12-31T00:00:00+01:00;1990-01-02T00:00:00+01:00;regionaal;achtergrond;3
NL12928_As_regenwater;NL12928;As;regenwater;1980-12-31T00:00:00+01:00;2000-02-01T00:00:00+01:00;regionaal;achtergrond;3
NL12928_Ca_regenwater;NL12928;Ca;regenwater;1978-01-02T00:00:00+01:00;2000-02-01T00:00:00+01:00;regionaal;achtergrond;3
NL12928_Cd_regenwater;NL12928;Cd;regenwater;1980-12-31T00:00:00+01:00;2000-02-01T00:00:00+01:00;regionaal;achtergrond;3
NL12928_Cl_regenwater;NL12928;Cl;regenwater;1978-01-02T00:00:00+01:00;2000-02-01T00:00:00+01:00;regionaal;achtergrond;3
NL12928_Co_regenwater;NL12928;Co;regenwater;1980-12-31T00:00:00+01:00;2000-02-01T00:00:00+01:00;regionaal;achtergrond;3
NL12928_Cr_regenwater;NL12928;Cr;regenwater;1980-12-31T00:00:00+01:00;2000-02-01T00:00:00+01:00;regionaal;achtergrond;3
NL12928_Cu_regenwater;NL12928;Cu;regenwater;1980-12-31T00:00:00+01:00;2000-02-01T00:00:00+01:00;regionaal;achtergrond;3
NL12928_F_regenwater;NL12928;F;regenwater;1978-01-02T00:00:00+01:00;2000-02-01T00:00:00+01:00;regionaal;achtergrond;3
NL12928_Fe_regenwater;NL12928;Fe;regenwater;1980-12-31T00:00:00+01:00;2000-02-01T00:00:00+01:00;regionaal;achtergrond;3
NL12928_K25_regenwater;NL12928;K25;regenwater;1987-02-02T00:00:00+01:00;2000-02-01T00:00:00+01:00;regionaal;achtergrond;3
NL12928_K_regenwater;NL12928;K;regenwater;1978-01-02T00:00:00+01:00;2000-02-01T00:00:00+01:00;regionaal;achtergrond;3
NL12928_Mg_regenwater;NL12928;Mg;regenwater;1978-01-02T00:00:00+01:00;2000-02-01T00:00:00+01:00;regionaal;achtergrond;3
NL12928_Mn_regenwater;NL12928;Mn;regenwater;1980-12-31T00:00:00+01:00;2000-02-01T00:00:00+01:00;regionaal;achtergrond;3
NL12928_NH4_regenwater;NL12928;NH4;regenwater;1978-01-02T00:00:00+01:00;2000-02-01T00:00:00+01:00;regionaal;achtergrond;3
NL12928_NO3_regenwater;NL12928;NO3;regenwater;1978-01-02T00:00:00+01:00;2000-02-01T00:00:00+01:00;regionaal;achtergrond;3
NL12928_Na_regenwater;NL12928;Na;regenwater;1978-01-02T00:00:00+01:00;2000-02-01T00:00:00+01:00;regionaal;achtergrond;3
NL12928_Ni_regenwater;NL12928;Ni;regenwater;1980-12-31T00:00:00+01:00;2000-02-01T00:00:00+01:00;regionaal;achtergrond;3
NL12928_PO4_regenwater;NL12928;PO4;regenwater;1978-01-02T00:00:00+01:00;2000-02-01T00:00:00+01:00;regionaal;achtergrond;3
NL12928_Pb_regenwater;NL12928;Pb;regenwater;1980-12-31T00:00:00+01:00;2000-02-01T00:00:00+01:00;regionaal;achtergrond;3
NL12928_SO4_regenwater;NL12928;SO4;regenwater;1978-01-02T00:00:00+01:00;2000-02-01T00:00:00+01:00;regionaal;achtergrond;3
NL12928_Se_regenwater;NL12928;Se;regenwater;1980-12-31T00:00:00+01:00;1987-02-02T00:00:00+01:00;regionaal;achtergrond;3
NL12928_V_regenwater;NL12928;V;regenwater;1980-12-31T00:00:00+01:00;2000-02-01T00:00:00+01:00;regionaal;achtergrond;3
NL12928_Zn_regenwater;NL12928;Zn;regenwater;1978-01-02T00:00:00+01:00;2000-02-01T00:00:00+01:00;regionaal;achtergrond;3
NL12928_massa_hc_regenwater;NL12928;massa_hc;regenwater;1987-02-02T00:00:00+01:00;2000-02-01T00:00:00+01:00;regionaal;achtergrond;3
NL12928_massa_zm_regenwater;NL12928;massa_zm;regenwater;1980-12-31T00:00:00+01:00;2000-02-01T00:00:00+01:00;regionaal;achtergrond;3
NL12928_pH_regenwater;NL12928;pH;regenwater;1978-01-02T00:00:00+01:00;2000-02-01T00:00:00+01:00;regionaal;achtergrond;3
NL12928_st.zr._regenwater;NL12928;st.zr.;regenwater;1987-02-02T00:00:00+01:00;2000-02-01T00:00:00+01:00;regionaal;achtergrond;3
NL12929_As_regenwater;NL12929;As;regenwater;2000-02-02T00:00:00+01:00;2005-12-14T00:00:00+01:00;regionaal;achtergrond;3
NL12929_Ca_regenwater;NL12929;Ca;regenwater;2000-02-02T00:00:00+01:00;;regionaal;achtergrond;3
NL12929_Cd_regenwater;NL12929;Cd;regenwater;2000-02-02T00:00:00+01:00;2005-12-14T00:00:00+01:00;regionaal;achtergrond;3
NL12929_Cl_regenwater;NL12929;Cl;regenwater;2000-02-02T00:00:00+01:00;;regionaal;achtergrond;3
NL12929_Co_regenwater;NL12929;Co;regenwater;2000-02-02T00:00:00+01:00;2005-12-14T00:00:00+01:00;regionaal;achtergrond;3
NL12929_Cr_regenwater;NL12929;Cr;regenwater;2000-02-02T00:00:00+01:00;2005-12-14T00:00:00+01:00;regionaal;achtergrond;3
NL12929_Cu_regenwater;NL12929;Cu;regenwater;2000-02-02T00:00:00+01:00;2005-12-14T00:00:00+01:00;regionaal;achtergrond;3
NL12929_F_regenwater;NL12929;F;regenwater;2000-02-02T00:00:00+01:00;;regionaal;achtergrond;3
NL12929_Fe_regenwater;NL12929;Fe;regenwater;2000-02-02T00:00:00+01:00;2005-12-14T00:00:00+01:00;regionaal;achtergrond;3
NL12929_K25_regenwater;NL12929;K25;regenwater;2000-02-02T00:00:00+01:00;;regionaal;achtergrond;3
NL12929_K_regenwater;NL12929;K;regenwater;2000-02-02T00:00:00+01:00;;regionaal;achtergrond;3
NL12929_Mg_regenwater;NL12929;Mg;regenwater;2000-02-02T00:00:00+01:00;;regionaal;achtergrond;3
NL12929_Mn_regenwater;NL12929;Mn;regenwater;2000-02-02T00:00:00+01:00;2005-12-14T00:00:00+01:00;regionaal;achtergrond;3
NL12929_NH4_regenwater;NL12929;NH4;regenwater;2000-02-02T00:00:00+01:00;;regionaal;achtergrond;3
NL12929_NO3_regenwater;NL12929;NO3;regenwater;2000-02-02T00:00:00+01:00;;regionaal;achtergrond;3
NL12929_Na_regenwater;NL12929;Na;regenwater;2000-02-02T00:00:00+01:00;;regionaal;achtergrond;3
NL12929_Ni_regenwater;NL12929;Ni;regenwater;2000-02-02T00:00:00+01:00;2005-12-14T00:00:00+01:00;regionaal;achtergrond;3
NL12929_PO4_regenwater;NL12929;PO4;regenwater;2000-02-02T00:00:00+01:00;;regionaal;achtergrond;3
NL12929_Pb_regenwater;NL12929;Pb;regenwater;2000-02-02T00:00:00+01:00;2005-12-14T00:00:00+01:00;regionaal;achtergrond;3
NL12929_SO4_regenwater;NL12929;SO4;regenwater;2000-02-02T00:00:00+01:00;;regionaal;achtergrond;3
NL12929_V_regenwater;NL12929;V;regenwater;2000-02-02T00:00:00+01:00;2005-12-14T00:00:00+01:00;regionaal;achtergrond;3
NL12929_Zn_regenwater;NL12929;Zn;regenwater;2000-02-02T00:00:00+01:00;2005-12-14T00:00:00+01:00;regionaal;achtergrond;3
NL12929_massa_hc_regenwater;NL12929;massa_hc;regenwater;2000-02-02T00:00:00+01:00;;regionaal;achtergrond;3
NL12929_massa_zm_regenwater;NL12929;massa_zm;regenwater;2000-02-02T00:00:00+01:00;2005-12-14T00:00:00+01:00;regionaal;achtergrond;3
NL12929_pH_regenwater;NL12929;pH;regenwater;2000-02-02T00:00:00+01:00;;regionaal;achtergrond;3
NL12929_st.zr._regenwater;NL12929;st.zr.;regenwater;2000-02-02T00:00:00+01:00;;regionaal;achtergrond;3
NL12934_As_regenwater;NL12934;As;regenwater;1990-01-03T00:00:00+01:00;2012-12-30T00:00:00+01:00;regionaal;achtergrond;3
NL12934_Ca_regenwater;NL12934;Ca;regenwater;1990-01-03T00:00:00+01:00;2012-12-30T00:00:00+01:00;regionaal;achtergrond;3
NL12934_Cd_regenwater;NL12934;Cd;regenwater;1990-01-03T00:00:00+01:00;2012-12-30T00:00:00+01:00;regionaal;achtergrond;3
NL12934_Cl_regenwater;NL12934;Cl;regenwater;1990-01-03T00:00:00+01:00;2012-12-30T00:00:00+01:00;regionaal;achtergrond;3
NL12934_Co_regenwater;NL12934;Co;regenwater;1990-01-03T00:00:00+01:00;2012-12-30T00:00:00+01:00;regionaal;achtergrond;3
NL12934_Cr_regenwater;NL12934;Cr;regenwater;1990-01-03T00:00:00+01:00;2012-12-30T00:00:00+01:00;regionaal;achtergrond;3
NL12934_Cu_regenwater;NL12934;Cu;regenwater;1990-01-03T00:00:00+01:00;2012-12-30T00:00:00+01:00;regionaal;achtergrond;3
NL12934_F_regenwater;NL12934;F;regenwater;1990-01-03T00:00:00+01:00;2012-12-30T00:00:00+01:00;regionaal;achtergrond;3
NL12934_Fe_regenwater;NL12934;Fe;regenwater;1990-01-03T00:00:00+01:00;2012-12-30T00:00:00+01:00;regionaal;achtergrond;3
NL12934_K25_regenwater;NL12934;K25;regenwater;1990-01-03T00:00:00+01:00;2012-12-30T00:00:00+01:00;regionaal;achtergrond;3
NL12934_K_regenwater;NL12934;K;regenwater;1990-01-03T00:00:00+01:00;2012-12-30T00:00:00+01:00;regionaal;achtergrond;3
NL12934_Mg_regenwater;NL12934;Mg;regenwater;1990-01-03T00:00:00+01:00;2012-12-30T00:00:00+01:00;regionaal;achtergrond;3
NL12934_Mn_regenwater;NL12934;Mn;regenwater;1990-01-03T00:00:00+01:00;2006-01-11T00:00:00+01:00;regionaal;achtergrond;3
NL12934_NH4_regenwater;NL12934;NH4;regenwater;1990-01-03T00:00:00+01:00;2012-12-30T00:00:00+01:00;regionaal;achtergrond;3
NL12934_NO3_regenwater;NL12934;NO3;regenwater;1990-01-03T00:00:00+01:00;2012-12-30T00:00:00+01:00;regionaal;achtergrond;3
NL12934_Na_regenwater;NL12934;Na;regenwater;1990-01-03T00:00:00+01:00;2012-12-30T00:00:00+01:00;regionaal;achtergrond;3
NL12934_Ni_regenwater;NL12934;Ni;regenwater;1990-01-03T00:00:00+01:00;2012-12-30T00:00:00+01:00;regionaal;achtergrond;3
NL12934_PO4_regenwater;NL12934;PO4;regenwater;1990-01-03T00:00:00+01:00;2012-12-30T00:00:00+01:00;regionaal;achtergrond;3
NL12934_Pb_regenwater;NL12934;Pb;regenwater;1990-01-03T00:00:00+01:00;2012-12-30T00:00:00+01:00;regionaal;achtergrond;3
NL12934_SO4_regenwater;NL12934;SO4;regenwater;1990-01-03T00:00:00+01:00;2012-12-30T00:00:00+01:00;regionaal;achtergrond;3
NL12934_V_regenwater;NL12934;V;regenwater;1990-01-03T00:00:00+01:00;2012-12-30T00:00:00+01:00;regionaal;achtergrond;3
NL12934_Zn_regenwater;NL12934;Zn;regenwater;1990-01-03T00:00:00+01:00;2012-12-30T00:00:00+01:00;regionaal;achtergrond;3
NL12934_massa_hc_regenwater;NL12934;massa_hc;regenwater;1990-01-03T00:00:00+01:00;2012-12-30T00:00:00+01:00;regionaal;achtergrond;3
NL12934_massa_zm_regenwater;NL12934;massa_zm;regenwater;1990-01-03T00:00:00+01:00;2012-12-30T00:00:00+01:00;regionaal;achtergrond;3
NL12934_pH_regenwater;NL12934;pH;regenwater;1990-01-03T00:00:00+01:00;2012-12-30T00:00:00+01:00;regionaal;achtergrond;3
NL12934_st.zr._regenwater;NL12934;st.zr.;regenwater;1990-01-03T00:00:00+01:00;2012-12-30T00:00:00+01:00;regionaal;achtergrond;3
NL12935_Ca_regenwater;NL12935;Ca;regenwater;1978-12-31T00:00:00+01:00;1982-12-31T00:00:00+01:00;regionaal;achtergrond;3
NL12935_Cl_regenwater;NL12935;Cl;regenwater;1978-12-31T00:00:00+01:00;1982-12-31T00:00:00+01:00;regionaal;achtergrond;3
NL12935_F_regenwater;NL12935;F;regenwater;1978-12-31T00:00:00+01:00;1982-12-31T00:00:00+01:00;regionaal;achtergrond;3
NL12935_K_regenwater;NL12935;K;regenwater;1978-12-31T00:00:00+01:00;1982-12-31T00:00:00+01:00;regionaal;achtergrond;3
NL12935_Mg_regenwater;NL12935;Mg;regenwater;1978-12-31T00:00:00+01:00;1982-12-31T00:00:00+01:00;regionaal;achtergrond;3
NL12935_NH4_regenwater;NL12935;NH4;regenwater;1978-12-31T00:00:00+01:00;1982-12-31T00:00:00+01:00;regionaal;achtergrond;3
NL12935_NO3_regenwater;NL12935;NO3;regenwater;1978-12-31T00:00:00+01:00;1982-12-31T00:00:00+01:00;regionaal;achtergrond;3
NL12935_Na_regenwater;NL12935;Na;regenwater;1978-12-31T00:00:00+01:00;1982-12-31T00:00:00+01:00;regionaal;achtergrond;3
NL12935_PO4_regenwater;NL12935;PO4;regenwater;1978-12-31T00:00:00+01:00;1982-12-31T00:00:00+01:00;regionaal;achtergrond;3
NL12935_SO4_regenwater;NL12935;SO4;regenwater;1978-12-31T00:00:00+01:00;1982-12-31T00:00:00+01:00;regionaal;achtergrond;3
NL12935_Zn_regenwater;NL12935;Zn;regenwater;1978-12-31T00:00:00+01:00;1982-12-31T00:00:00+01:00;regionaal;achtergrond;3
NL12935_pH_regenwater;NL12935;pH;regenwater;1978-12-31T00:00:00+01:00;1982-12-31T00:00:00+01:00;regionaal;achtergrond;3
NL12936_As_regenwater;NL12936;As;regenwater;1982-12-31T00:00:00+01:00;1988-01-04T00:00:00+01:00;regionaal;achtergrond;3
NL12936_Ca_regenwater;NL12936;Ca;regenwater;1978-01-02T00:00:00+01:00;1988-01-04T00:00:00+01:00;regionaal;achtergrond;3
NL12936_Cd_regenwater;NL12936;Cd;regenwater;1982-12-31T00:00:00+01:00;1988-01-04T00:00:00+01:00;regionaal;achtergrond;3
NL12936_Cl_regenwater;NL12936;Cl;regenwater;1978-01-02T00:00:00+01:00;1988-01-04T00:00:00+01:00;regionaal;achtergrond;3
NL12936_Co_regenwater;NL12936;Co;regenwater;1982-12-31T00:00:00+01:00;1988-01-04T00:00:00+01:00;regionaal;achtergrond;3
NL12936_Cr_regenwater;NL12936;Cr;regenwater;1982-12-31T00:00:00+01:00;1988-01-04T00:00:00+01:00;regionaal;achtergrond;3
NL12936_Cu_regenwater;NL12936;Cu;regenwater;1982-12-31T00:00:00+01:00;1988-01-04T00:00:00+01:00;regionaal;achtergrond;3
NL12936_F_regenwater;NL12936;F;regenwater;1978-01-02T00:00:00+01:00;1988-01-04T00:00:00+01:00;regionaal;achtergrond;3
NL12936_Fe_regenwater;NL12936;Fe;regenwater;1982-12-31T00:00:00+01:00;1988-01-04T00:00:00+01:00;regionaal;achtergrond;3
NL12936_K25_regenwater;NL12936;K25;regenwater;1987-01-05T00:00:00+01:00;1988-01-04T00:00:00+01:00;regionaal;achtergrond;3
NL12936_K_regenwater;NL12936;K;regenwater;1978-01-02T00:00:00+01:00;1988-01-04T00:00:00+01:00;regionaal;achtergrond;3
NL12936_Mg_regenwater;NL12936;Mg;regenwater;1978-01-02T00:00:00+01:00;1988-01-04T00:00:00+01:00;regionaal;achtergrond;3
NL12936_Mn_regenwater;NL12936;Mn;regenwater;1982-12-31T00:00:00+01:00;1988-01-04T00:00:00+01:00;regionaal;achtergrond;3
NL12936_NH4_regenwater;NL12936;NH4;regenwater;1978-01-02T00:00:00+01:00;1988-01-04T00:00:00+01:00;regionaal;achtergrond;3
NL12936_NO3_regenwater;NL12936;NO3;regenwater;1978-01-02T00:00:00+01:00;1988-01-04T00:00:00+01:00;regionaal;achtergrond;3
NL12936_Na_regenwater;NL12936;Na;regenwater;1978-01-02T00:00:00+01:00;1988-01-04T00:00:00+01:00;regionaal;achtergrond;3
NL12936_Ni_regenwater;NL12936;Ni;regenwater;1982-12-31T00:00:00+01:00;1988-01-04T00:00:00+01:00;regionaal;achtergrond;3
NL12936_PO4_regenwater;NL12936;PO4;regenwater;1978-01-02T00:00:00+01:00;1988-01-04T00:00:00+01:00;regionaal;achtergrond;3
NL12936_Pb_regenwater;NL12936;Pb;regenwater;1982-12-31T00:00:00+01:00;1988-01-04T00:00:00+01:00;regionaal;achtergrond;3
NL12936_SO4_regenwater;NL12936;SO4;regenwater;1978-01-02T00:00:00+01:00;1988-01-04T00:00:00+01:00;regionaal;achtergrond;3
NL12936_Se_regenwater;NL12936;Se;regenwater;1982-12-31T00:00:00+01:00;1987-01-05T00:00:00+01:00;regionaal;achtergrond;3
NL12936_V_regenwater;NL12936;V;regenwater;1982-12-31T00:00:00+01:00;1988-01-04T00:00:00+01:00;regionaal;achtergrond;3
NL12936_Zn_regenwater;NL12936;Zn;regenwater;1978-01-02T00:00:00+01:00;1988-01-04T00:00:00+01:00;regionaal;achtergrond;3
NL12936_massa_hc_regenwater;NL12936;massa_hc;regenwater;1987-01-05T00:00:00+01:00;1988-01-04T00:00:00+01:00;regionaal;achtergrond;3
NL12936_massa_zm_regenwater;NL12936;massa_zm;regenwater;1982-12-31T00:00:00+01:00;1988-01-04T00:00:00+01:00;regionaal;achtergrond;3
NL12936_pH_regenwater;NL12936;pH;regenwater;1978-01-02T00:00:00+01:00;1988-01-04T00:00:00+01:00;regionaal;achtergrond;3
NL12936_st.zr._regenwater;NL12936;st.zr.;regenwater;1987-01-05T00:00:00+01:00;1988-01-04T00:00:00+01:00;regionaal;achtergrond;3
NL20107_NO2_lucht;NL20107;NO2;lucht;2017-03-01T00:00:00+01:00;2019-08-01T00:00:00+01:00;regionaal;achtergrond;2
NL20131_NO2_lucht;NL20131;NO2;lucht;2017-03-01T00:00:00+01:00;;regionaal;achtergrond;2.2
NL20133_NO2_lucht;NL20133;NO2;lucht;2017-03-01T00:00:00+01:00;2019-08-01T00:00:00+01:00;regionaal;achtergrond;2
NL20136_NO2_lucht;NL20136;NO2;lucht;2017-02-01T00:00:00+01:00;2019-08-01T00:00:00+01:00;stad;verkeer;2
NL20138_NO2_lucht;NL20138;NO2;lucht;2017-01-01T00:00:00+01:00;2019-08-01T00:00:00+01:00;regionaal;achtergrond;2
NL20230_NO2_lucht;NL20230;NO2;lucht;2021-12-01T00:00:00+01:00;;regionaal;achtergrond;2
NL20301_NO2_lucht;NL20301;NO2;lucht;2017-03-01T00:00:00+01:00;;regionaal;achtergrond;2
NL20444_NO2_lucht;NL20444;NO2;lucht;2017-03-01T00:00:00+01:00;;regionaal;achtergrond;2.2
NL20445_NO2_lucht;NL20445;NO2;lucht;2017-04-01T00:00:00+01:00;;stad;verkeer;2
NL20538_NO2_lucht;NL20538;NO2;lucht;2017-03-01T00:00:00+01:00;;regionaal;achtergrond;2.2
NL20633_NO2_lucht;NL20633;NO2;lucht;2017-03-01T00:00:00+01:00;;regionaal;achtergrond;2.2
NL20636_NO2_lucht;NL20636;NO2;lucht;2017-03-01T00:00:00+01:00;;stad;verkeer;2
NL20722_NO2_lucht;NL20722;NO2;lucht;2017-03-01T00:00:00+01:00;;regionaal;achtergrond;2.2
NL20738_NO2_lucht;NL20738;NO2;lucht;2017-03-01T00:00:00+01:00;;regionaal;achtergrond;2.2
NL20929_NO2_lucht;NL20929;NO2;lucht;2017-03-01T00:00:00+01:00;;regionaal;achtergrond;2.2
NL20937_NO2_lucht;NL20937;NO2;lucht;2017-03-01T00:00:00+01:00;;stad;verkeer;2
NL211008_1_NO2_lucht;NL211008_1;NO2;lucht;2021-01-01T00:00:00+01:00;;regionaal;achtergrond;2
NL211012_1_NO2_lucht;NL211012_1;NO2;lucht;2017-04-01T00:00:00+01:00;;regionaal;achtergrond;1.95
NL211021_2_NO2_lucht;NL211021_2;NO2;lucht;2022-12-01T00:00:00+01:00;;regionaal;achtergrond;2.03
NL211021_3_NO2_lucht;NL211021_3;NO2;lucht;2022-12-01T00:00:00+01:00;;regionaal;achtergrond;2.05
NL211021_9_NO2_lucht;NL211021_9;NO2;lucht;2022-12-01T00:00:00+01:00;;regionaal;achtergrond;2.05
NL211038_4_NO2_lucht;NL211038_4;NO2;lucht;2024-01-01T00:00:00+01:00;;regionaal;achtergrond;
NL211043_1_NO2_lucht;NL211043_1;NO2;lucht;2025-01-08T00:00:00+01:00;;regionaal;achtergrond;
NL211043_2_NO2_lucht;NL211043_2;NO2;lucht;2025-10-02T00:00:00+01:00;;regionaal;achtergrond;
NL21105_1_NO2_lucht;NL21105_1;NO2;lucht;2024-01-01T00:00:00+01:00;;stad;verkeer;
NL211136_4_NO2_lucht;NL211136_4;NO2;lucht;2019-01-01T00:00:00+01:00;;regionaal;achtergrond;1.7
NL21114_3_NO2_lucht;NL21114_3;NO2;lucht;2018-12-01T00:00:00+01:00;;regionaal;achtergrond;2
NL21114_4_NO2_lucht;NL21114_4;NO2;lucht;2023-12-01T00:00:00+01:00;;regionaal;achtergrond;
NL21125_1_NO2_lucht;NL21125_1;NO2;lucht;2020-02-01T00:00:00+01:00;;regionaal;achtergrond;1.6
NL21136_1_NO2_lucht;NL21136_1;NO2;lucht;2018-12-01T00:00:00+01:00;;regionaal;achtergrond;2
NL2113_3_NO2_lucht;NL2113_3;NO2;lucht;2021-01-01T00:00:00+01:00;;regionaal;achtergrond;1.4
NL2115_3_NO2_lucht;NL2115_3;NO2;lucht;2017-04-01T00:00:00+01:00;;regionaal;achtergrond;1.8
NL2118_4_NO2_lucht;NL2118_4;NO2;lucht;2019-01-01T00:00:00+01:00;;regionaal;achtergrond;1.25
NL2119_2_NO2_lucht;NL2119_2;NO2;lucht;2019-01-01T00:00:00+01:00;;regionaal;achtergrond;1.9
NL2121_3_NO2_lucht;NL2121_3;NO2;lucht;2018-12-01T00:00:00+01:00;;regionaal;achtergrond;1.6
NL2123_2_NO2_lucht;NL2123_2;NO2;lucht;2018-12-01T00:00:00+01:00;;regionaal;achtergrond;1.75
NL2128_3_NO2_lucht;NL2128_3;NO2;lucht;2018-12-01T00:00:00+01:00;;regionaal;achtergrond;1.7
NL212_2_NO2_lucht;NL212_2;NO2;lucht;2018-12-01T00:00:00+01:00;;regionaal;achtergrond;2
NL2132_7_NO2_lucht;NL2132_7;NO2;lucht;2021-02-01T00:00:00+01:00;;regionaal;achtergrond;1.7
NL2135_1_NO2_lucht;NL2135_1;NO2;lucht;2017-05-01T00:00:00+01:00;;regionaal;achtergrond;1.5
NL2137_7_NO2_lucht;NL2137_7;NO2;lucht;2018-12-01T00:00:00+01:00;;regionaal;achtergrond;1.9
NL2143_5_NO2_lucht;NL2143_5;NO2;lucht;2018-12-01T00:00:00+01:00;;regionaal;achtergrond;1.8
NL2144_2_NO2_lucht;NL2144_2;NO2;lucht;2017-04-01T00:00:00+01:00;;regionaal;achtergrond;2.2
NL2145_4_NO2_lucht;NL2145_4;NO2;lucht;2021-01-01T00:00:00+01:00;;regionaal;achtergrond;1.8
NL2146_3_NO2_lucht;NL2146_3;NO2;lucht;2019-02-01T00:00:00+01:00;;regionaal;achtergrond;1.9
NL2147_1_NO2_lucht;NL2147_1;NO2;lucht;2017-05-01T00:00:00+01:00;;regionaal;achtergrond;1.8
NL2149_10_NO2_lucht;NL2149_10;NO2;lucht;2025-04-28T00:00:00+01:00;;regionaal;achtergrond;
NL2149_11_NO2_lucht;NL2149_11;NO2;lucht;2025-04-29T00:00:00+01:00;;regionaal;achtergrond;
NL2149_12_NO2_lucht;NL2149_12;NO2;lucht;2025-04-28T00:00:00+01:00;;regionaal;achtergrond;
NL2149_13_NO2_lucht;NL2149_13;NO2;lucht;2025-04-29T00:00:00+01:00;;regionaal;achtergrond;
NL2149_14_NO2_lucht;NL2149_14;NO2;lucht;2025-04-29T00:00:00+01:00;;regionaal;achtergrond;
NL2149_15_NO2_lucht;NL2149_15;NO2;lucht;2025-04-29T00:00:00+01:00;;regionaal;achtergrond;
NL2149_16_NO2_lucht;NL2149_16;NO2;lucht;2025-04-28T00:00:00+01:00;;regionaal;achtergrond;
NL2149_17_NO2_lucht;NL2149_17;NO2;lucht;2025-04-28T00:00:00+01:00;;regionaal;achtergrond;
NL2149_18_NO2_lucht;NL2149_18;NO2;lucht;2025-04-28T00:00:00+01:00;;regionaal;achtergrond;
NL2149_19_NO2_lucht;NL2149_19;NO2;lucht;2025-04-28T00:00:00+01:00;;regionaal;achtergrond;
NL2149_20_NO2_lucht;NL2149_20;NO2;lucht;2025-04-29T00:00:00+01:00;;regionaal;achtergrond;
NL2149_2_NO2_lucht;NL2149_2;NO2;lucht;2018-12-01T00:00:00+01:00;;regionaal;achtergrond;2.1
NL2154_1_NO2_lucht;NL2154_1;NO2;lucht;2018-12-01T00:00:00+01:00;2022-11-01T00:00:00+01:00;regionaal;achtergrond;1.6
NL2154_6_NO2_lucht;NL2154_6;NO2;lucht;2023-01-01T00:00:00+01:00;;regionaal;achtergrond;1.8
NL215_2_NO2_lucht;NL215_2;NO2;lucht;2019-03-01T00:00:00+01:00;;regionaal;achtergrond;1.8
NL2163_7_NO2_lucht;NL2163_7;NO2;lucht;2021-01-01T00:00:00+01:00;;regionaal;achtergrond;1.8
NL2165_12_NO2_lucht;NL2165_12;NO2;lucht;2018-12-01T00:00:00+01:00;;stad;verkeer;1.8
NL2165_1_NO2_lucht;NL2165_1;NO2;lucht;2018-12-01T00:00:00+01:00;;regionaal;achtergrond;2.2
NL2165_4_NO2_lucht;NL2165_4;NO2;lucht;2018-12-01T00:00:00+01:00;;regionaal;achtergrond;1.8
NL2168_3_NO2_lucht;NL2168_3;NO2;lucht;2018-12-01T00:00:00+01:00;;regionaal;achtergrond;1.4
NL2170_2_NO2_lucht;NL2170_2;NO2;lucht;2024-01-01T00:00:00+01:00;;stad;verkeer;
NL2173_4_NO2_lucht;NL2173_4;NO2;lucht;2020-09-01T00:00:00+01:00;;regionaal;achtergrond;1.7
NL2178_4_NO2_lucht;NL2178_4;NO2;lucht;2017-07-01T00:00:00+01:00;;regionaal;achtergrond;1.75
NL2182_2_NO2_lucht;NL2182_2;NO2;lucht;2024-01-01T00:00:00+01:00;;stad;verkeer;
NL2183_1_NO2_lucht;NL2183_1;NO2;lucht;2024-01-01T00:00:00+01:00;;regionaal;achtergrond;
NL2184_4_NO2_lucht;NL2184_4;NO2;lucht;2024-01-01T00:00:00+01:00;;regionaal;achtergrond;
NL2187_1_NO2_lucht;NL2187_1;NO2;lucht;2017-04-01T00:00:00+01:00;;regionaal;achtergrond;1.7
NL21906_1_NO2_lucht;NL21906_1;NO2;lucht;2018-12-01T00:00:00+01:00;;regionaal;achtergrond;1.9
NL21930_1_NO2_lucht;NL21930_1;NO2;lucht;2023-12-01T00:00:00+01:00;;regionaal;achtergrond;
NL21930_3_NO2_lucht;NL21930_3;NO2;lucht;2024-01-01T00:00:00+01:00;;stad;verkeer;
NL2198_2_NO2_lucht;NL2198_2;NO2;lucht;2017-04-01T00:00:00+01:00;;regionaal;achtergrond;1.5
NL219_5_NO2_lucht;NL219_5;NO2;lucht;2017-04-01T00:00:00+01:00;;regionaal;achtergrond;1.65
NL221_10_NO2_lucht;NL221_10;NO2;lucht;2019-10-01T00:00:00+01:00;2020-11-01T00:00:00+01:00;stad;verkeer;2
NL221_3_NO2_lucht;NL221_3;NO2;lucht;2019-10-01T00:00:00+01:00;2020-11-01T00:00:00+01:00;regionaal;achtergrond;2
NL221_5_NO2_lucht;NL221_5;NO2;lucht;2019-10-01T00:00:00+01:00;2020-11-01T00:00:00+01:00;regionaal;achtergrond;2
NL222_2_NO2_lucht;NL222_2;NO2;lucht;2019-10-01T00:00:00+01:00;2020-11-01T00:00:00+01:00;regionaal;achtergrond;2
NL222_6_NO2_lucht;NL222_6;NO2;lucht;2019-10-01T00:00:00+01:00;2020-11-01T00:00:00+01:00;regionaal;achtergrond;2
NL224_1_NO2_lucht;NL224_1;NO2;lucht;2019-10-01T00:00:00+01:00;2020-11-01T00:00:00+01:00;regionaal;achtergrond;2
NL224_2_NO2_lucht;NL224_2;NO2;lucht;2019-10-01T00:00:00+01:00;2020-11-01T00:00:00+01:00;regionaal;achtergrond;2
NL224_4_NO2_lucht;NL224_4;NO2;lucht;2019-10-01T00:00:00+01:00;2020-11-01T00:00:00+01:00;regionaal;achtergrond;2
NL224_7_NO2_lucht;NL224_7;NO2;lucht;2019-10-01T00:00:00+01:00;2020-11-01T00:00:00+01:00;stad;verkeer;2
NL224_8_NO2_lucht;NL224_8;NO2;lucht;2019-10-01T00:00:00+01:00;2020-11-01T00:00:00+01:00;stad;verkeer;2
NL225_11_NO2_lucht;NL225_11;NO2;lucht;2019-11-01T00:00:00+01:00;2020-11-01T00:00:00+01:00;regionaal;achtergrond;2
NL225_1_NO2_lucht;NL225_1;NO2;lucht;2019-11-01T00:00:00+01:00;2020-11-01T00:00:00+01:00;regionaal;achtergrond;2
NL225_2_NO2_lucht;NL225_2;NO2;lucht;2019-10-01T00:00:00+01:00;2020-11-01T00:00:00+01:00;regionaal;achtergrond;2
NL225_3_NO2_lucht;NL225_3;NO2;lucht;2019-11-01T00:00:00+01:00;2020-11-01T00:00:00+01:00;regionaal;achtergrond;2
NL225_4_NO2_lucht;NL225_4;NO2;lucht;2019-10-01T00:00:00+01:00;2020-11-01T00:00:00+01:00;regionaal;achtergrond;2
NL2288_1_NO2_lucht;NL2288_1;NO2;lucht;2019-11-01T00:00:00+01:00;2020-11-01T00:00:00+01:00;regionaal;achtergrond;1.4
NL2288_3_NO2_lucht;NL2288_3;NO2;lucht;2019-11-01T00:00:00+01:00;2020-11-01T00:00:00+01:00;regionaal;achtergrond;2
NL231EI_NO2_lucht;NL231EI;NO2;lucht;2018-12-01T00:00:00+01:00;;regionaal;achtergrond;2.5
NL231EL_NO2_lucht;NL231EL;NO2;lucht;2018-12-01T00:00:00+01:00;;regionaal;achtergrond;2.5
NL231SU_NO2_lucht;NL231SU;NO2;lucht;2018-12-01T00:00:00+01:00;;regionaal;achtergrond;2.5
NL231VE_NO2_lucht;NL231VE;NO2;lucht;2018-12-01T00:00:00+01:00;;regionaal;achtergrond;1.8
NL233AA_NO2_lucht;NL233AA;NO2;lucht;2019-01-01T00:00:00+01:00;;regionaal;achtergrond;2.57
NL233DI_NO2_lucht;NL233DI;NO2;lucht;2018-12-01T00:00:00+01:00;2021-08-01T00:00:00+01:00;regionaal;achtergrond;2
NL233GR_NO2_lucht;NL233GR;NO2;lucht;2018-12-01T00:00:00+01:00;;regionaal;achtergrond;1.7
NL233KA_NO2_lucht;NL233KA;NO2;lucht;2022-12-01T00:00:00+01:00;;regionaal;achtergrond;1.8
NL233MI_NO2_lucht;NL233MI;NO2;lucht;2018-12-01T00:00:00+01:00;;regionaal;achtergrond;2.2
NL235CA_NO2_lucht;NL235CA;NO2;lucht;2018-12-01T00:00:00+01:00;;regionaal;achtergrond;2.2
NL236UT_NO2_lucht;NL236UT;NO2;lucht;2025-01-28T00:00:00+01:00;;regionaal;achtergrond;
NL237DI_NO2_lucht;NL237DI;NO2;lucht;2018-12-01T00:00:00+01:00;;regionaal;achtergrond;2.2
NL237HE_NO2_lucht;NL237HE;NO2;lucht;2018-12-01T00:00:00+01:00;;regionaal;achtergrond;2
NL238BO_NO2_lucht;NL238BO;NO2;lucht;2018-12-01T00:00:00+01:00;;regionaal;achtergrond;2.2
NL238EN_NO2_lucht;NL238EN;NO2;lucht;2018-12-01T00:00:00+01:00;;regionaal;achtergrond;2.5
NL238WI_NO2_lucht;NL238WI;NO2;lucht;2018-12-01T00:00:00+01:00;;regionaal;achtergrond;2.2
NL239AS_NO2_lucht;NL239AS;NO2;lucht;2018-12-01T00:00:00+01:00;;regionaal;achtergrond;2.2
NL239GR_NO2_lucht;NL239GR;NO2;lucht;2018-12-01T00:00:00+01:00;;regionaal;achtergrond;1.8
NL239HA_NO2_lucht;NL239HA;NO2;lucht;2018-12-01T00:00:00+01:00;;regionaal;achtergrond;2.2
NL239JU_NO2_lucht;NL239JU;NO2;lucht;2018-12-01T00:00:00+01:00;;regionaal;achtergrond;2
NL239SA_NO2_lucht;NL239SA;NO2;lucht;2018-12-01T00:00:00+01:00;;regionaal;achtergrond;2.2
NL23UBALM_NO2_lucht;NL23UBALM;NO2;lucht;2017-03-01T00:00:00+01:00;2019-02-01T00:00:00+01:00;regionaal;achtergrond;2
NL23UBMID_NO2_lucht;NL23UBMID;NO2;lucht;2018-01-01T00:00:00+01:00;2019-01-01T00:00:00+01:00;regionaal;achtergrond;2
NL49002_NO2_lucht;NL49002;NO2;lucht;1998-01-01T00:00:00+01:00;;stad;verkeer;2.4
NL49002_NO_lucht;NL49002;NO;lucht;1998-01-01T00:00:00+01:00;;stad;verkeer;2.4
NL49002_NOx_lucht;NL49002;NOx;lucht;1998-01-01T00:00:00+01:00;;stad;verkeer;2.4
NL49003_BC_lucht;NL49003;BC;lucht;2012-01-01T00:00:00+01:00;;stad;achtergrond;3
NL49003_BCwb_lucht;NL49003;BCwb;lucht;2019-08-15T00:00:00+01:00;;stad;verkeer;3
NL49003_NO2_lucht;NL49003;NO2;lucht;1998-01-01T00:00:00+01:00;;stad;achtergrond;3
NL49003_NO_lucht;NL49003;NO;lucht;1998-01-01T00:00:00+01:00;;stad;achtergrond;3
NL49003_NOx_lucht;NL49003;NOx;lucht;1998-01-01T00:00:00+01:00;;stad;achtergrond;3
NL49003_O3_lucht;NL49003;O3;lucht;1998-01-01T00:00:00+01:00;;voorstad;achtergrond;3
NL49003_Ox_lucht;NL49003;Ox;lucht;2001-01-01T00:00:00+01:00;;stad;achtergrond;3
NL49007_BC_lucht;NL49007;BC;lucht;2012-01-01T00:00:00+01:00;;stad;verkeer;2.7
NL49007_CO_lucht;NL49007;CO;lucht;2001-01-01T00:00:00+01:00;;stad;verkeer;2.7
NL49007_NO2_lucht;NL49007;NO2;lucht;1998-01-01T00:00:00+01:00;;stad;verkeer;2.7
NL49007_NO_lucht;NL49007;NO;lucht;1998-01-01T00:00:00+01:00;;stad;verkeer;2.7
NL49007_NOx_lucht;NL49007;NOx;lucht;1998-01-01T00:00:00+01:00;;stad;verkeer;2.7
NL49007_PM10_lucht;NL49007;PM10;lucht;1999-12-01T00:00:00+01:00;;stad;verkeer;2.7
NL49007_PM2.5_lucht;NL49007;PM2.5;lucht;2011-01-01T00:00:00+01:00;;stad;verkeer;2.7
NL49012_BC_lucht;NL49012;BC;lucht;2012-01-01T00:00:00+01:00;;stad;verkeer;3.7
NL49012_BCwb_lucht;NL49012;BCwb;lucht;2019-08-15T00:00:00+01:00;;stad;verkeer;3.7
NL49012_CO_lucht;NL49012;CO;lucht;2003-01-01T00:00:00+01:00;;stad;verkeer;3.7
NL49012_NO2_lucht;NL49012;NO2;lucht;2003-08-01T00:00:00+01:00;;stad;verkeer;3.7
NL49012_NO_lucht;NL49012;NO;lucht;2003-08-01T00:00:00+01:00;;stad;verkeer;3.7
NL49012_NOx_lucht;NL49012;NOx;lucht;2003-08-01T00:00:00+01:00;;stad;verkeer;3.7
NL49012_O3_lucht;NL49012;O3;lucht;2004-01-01T00:00:00+01:00;;stad;verkeer;3.7
NL49012_Ox_lucht;NL49012;Ox;lucht;2010-01-10T00:00:00+01:00;;stad;verkeer;3.7
NL49012_PM10_lucht;NL49012;PM10;lucht;2008-01-01T00:00:00+01:00;;stad;verkeer;3.7
NL49012_PM2.5_lucht;NL49012;PM2.5;lucht;2011-01-01T00:00:00+01:00;;stad;verkeer;3.7
NL49014_BC_lucht;NL49014;BC;lucht;2011-01-01T00:00:00+01:00;;stad;achtergrond;3.7
NL49014_BCwb_lucht;NL49014;BCwb;lucht;2025-01-01T00:00:00+01:00;;stad;achtergrond;3
NL49014_CO_lucht;NL49014;CO;lucht;2001-01-01T00:00:00+01:00;;stad;achtergrond;3.7
NL49014_NO2_lucht;NL49014;NO2;lucht;1998-01-01T00:00:00+01:00;;stad;achtergrond;3.7
NL49014_NO_lucht;NL49014;NO;lucht;1998-01-01T00:00:00+01:00;;stad;achtergrond;3.7
NL49014_NOx_lucht;NL49014;NOx;lucht;1998-01-01T00:00:00+01:00;;stad;achtergrond;3.7
NL49014_O3_lucht;NL49014;O3;lucht;1998-01-01T00:00:00+01:00;;stad;achtergrond;3.7
NL49014_Ox_lucht;NL49014;Ox;lucht;2001-01-01T00:00:00+01:00;;stad;achtergrond;3.7
NL49014_PM10_lucht;NL49014;PM10;lucht;1999-01-01T00:00:00+01:00;;stad;achtergrond;3.7
NL49014_PM2.5_lucht;NL49014;PM2.5;lucht;2011-01-01T00:00:00+01:00;;stad;achtergrond;3.7
NL49016_PM10_lucht;NL49016;PM10;lucht;1999-01-01T00:00:00+01:00;;stad;achtergrond;3.4
NL49016_PM2.5_lucht;NL49016;PM2.5;lucht;2011-01-01T00:00:00+01:00;;stad;achtergrond;3.4
NL49016_SO2_lucht;NL49016;SO2;lucht;2001-01-01T00:00:00+01:00;;stad;achtergrond;3.4
NL49017_BC_lucht;NL49017;BC;lucht;2012-01-01T00:00:00+01:00;;stad;verkeer;5.3
NL49017_NO2_lucht;NL49017;NO2;lucht;1998-01-01T00:00:00+01:00;;stad;verkeer;5.3
NL49017_NO_lucht;NL49017;NO;lucht;1998-01-01T00:00:00+01:00;;stad;verkeer;5.3
NL49017_NOx_lucht;NL49017;NOx;lucht;1998-01-01T00:00:00+01:00;;stad;verkeer;5.3
NL49017_PM10_lucht;NL49017;PM10;lucht;1999-01-01T00:00:00+01:00;;stad;verkeer;5.3
NL49017_PM2.5_lucht;NL49017;PM2.5;lucht;2011-01-01T00:00:00+01:00;;stad;verkeer;5.3
NL49017_benzeen_lucht;NL49017;benzeen;lucht;2002-09-01T00:00:00+01:00;;stad;verkeer;5.3
NL49017_meta-paraxyleen_lucht;NL49017;meta-paraxyleen;lucht;2002-09-01T00:00:00+01:00;;stad;verkeer;5.3
NL49017_tolueen_lucht;NL49017;tolueen;lucht;2002-10-01T00:00:00+01:00;;stad;verkeer;5.3
NL49018_CO_lucht;NL49018;CO;lucht;2004-01-01T00:00:00+01:00;2008-02-01T00:00:00+01:00;stad;verkeer;3
NL49018_NO2_lucht;NL49018;NO2;lucht;2004-01-01T00:00:00+01:00;2009-02-01T00:00:00+01:00;stad;verkeer;3
NL49018_NO_lucht;NL49018;NO;lucht;2004-01-01T00:00:00+01:00;2009-02-01T00:00:00+01:00;stad;verkeer;3
NL49018_NOx_lucht;NL49018;NOx;lucht;2004-01-01T00:00:00+01:00;2009-02-01T00:00:00+01:00;stad;verkeer;3
NL49018_O3_lucht;NL49018;O3;lucht;2004-01-01T00:00:00+01:00;2009-02-01T00:00:00+01:00;stad;verkeer;3
NL49019_NO2_lucht;NL49019;NO2;lucht;2007-01-01T00:00:00+01:00;;stad;achtergrond;3.4
NL49019_NO_lucht;NL49019;NO;lucht;2007-01-01T00:00:00+01:00;;stad;achtergrond;3.4
NL49019_NOx_lucht;NL49019;NOx;lucht;2007-01-01T00:00:00+01:00;;stad;achtergrond;3.4
NL49020_BC_lucht;NL49020;BC;lucht;2014-01-01T00:00:00+01:00;;stad;verkeer;2.4
NL49020_NO2_lucht;NL49020;NO2;lucht;2007-01-01T00:00:00+01:00;;stad;verkeer;2.4
NL49020_NO_lucht;NL49020;NO;lucht;2007-01-01T00:00:00+01:00;;stad;verkeer;2.4
NL49020_NOx_lucht;NL49020;NOx;lucht;2007-01-01T00:00:00+01:00;;stad;verkeer;2.4
NL49020_PM10_lucht;NL49020;PM10;lucht;2007-01-01T00:00:00+01:00;;stad;verkeer;2.4
NL49021_NO2_lucht;NL49021;NO2;lucht;2007-01-01T00:00:00+01:00;;stad;achtergrond;3.2
NL49021_NO_lucht;NL49021;NO;lucht;2007-01-01T00:00:00+01:00;;stad;achtergrond;3.2
NL49021_NOx_lucht;NL49021;NOx;lucht;2007-01-01T00:00:00+01:00;;stad;achtergrond;3.2
NL49022_NO2_lucht;NL49022;NO2;lucht;2007-01-01T00:00:00+01:00;;stad;achtergrond;3.1
NL49022_NO_lucht;NL49022;NO;lucht;2007-01-01T00:00:00+01:00;;stad;achtergrond;3.1
NL49022_NOx_lucht;NL49022;NOx;lucht;2007-01-01T00:00:00+01:00;;stad;achtergrond;3.1
NL49022_UFP_lucht;NL49022;UFP;lucht;2017-07-01T00:00:00+01:00;;stad;achtergrond;3.1
NL49546_NO2_lucht;NL49546;NO2;lucht;2012-01-01T00:00:00+01:00;;stad;industrie;3.4
NL49546_NO_lucht;NL49546;NO;lucht;2012-01-01T00:00:00+01:00;;stad;industrie;3.4
NL49546_NOx_lucht;NL49546;NOx;lucht;2012-01-01T00:00:00+01:00;;stad;industrie;3.4
NL49546_PM10_lucht;NL49546;PM10;lucht;2012-01-01T00:00:00+01:00;;stad;industrie;3.4
NL49546_benzeen_lucht;NL49546;benzeen;lucht;2012-01-01T00:00:00+01:00;;stad;industrie;3.4
NL49546_meta-paraxyleen_lucht;NL49546;meta-paraxyleen;lucht;2012-01-01T00:00:00+01:00;;stad;industrie;3.4
NL49546_tolueen_lucht;NL49546;tolueen;lucht;2012-01-01T00:00:00+01:00;;stad;industrie;3.4
NL49551_Al_pm10_aerosol;NL49551;Al;pm10_aerosol;2011-01-01T00:00:00+01:00;;stad;industrie;3.8
NL49551_As_pm10_aerosol;NL49551;As;pm10_aerosol;2011-01-01T00:00:00+01:00;;stad;industrie;3.8
NL49551_BC_lucht;NL49551;BC;lucht;2016-11-01T00:00:00+01:00;;stad;industrie;3.8
NL49551_Ba_pm10_aerosol;NL49551;Ba;pm10_aerosol;2011-01-01T00:00:00+01:00;;stad;industrie;3.8
NL49551_Be_pm10_aerosol;NL49551;Be;pm10_aerosol;2011-01-01T00:00:00+01:00;;stad;industrie;3.8
NL49551_Br_pm10_aerosol;NL49551;Br;pm10_aerosol;2011-01-01T00:00:00+01:00;;stad;industrie;3.8
NL49551_CO_lucht;NL49551;CO;lucht;2000-11-01T00:00:00+01:00;;stad;industrie;3.8
NL49551_Ca_pm10_aerosol;NL49551;Ca;pm10_aerosol;2011-01-01T00:00:00+01:00;;stad;industrie;3.8
NL49551_Cd_pm10_aerosol;NL49551;Cd;pm10_aerosol;2011-01-01T00:00:00+01:00;;stad;industrie;3.8
NL49551_Co_pm10_aerosol;NL49551;Co;pm10_aerosol;2011-01-01T00:00:00+01:00;;stad;industrie;3.8
NL49551_Cr_pm10_aerosol;NL49551;Cr;pm10_aerosol;2011-01-01T00:00:00+01:00;;stad;industrie;3.8
NL49551_Cu_pm10_aerosol;NL49551;Cu;pm10_aerosol;2011-01-01T00:00:00+01:00;;stad;industrie;3.8
NL49551_Fe_pm10_aerosol;NL49551;Fe;pm10_aerosol;2011-01-01T00:00:00+01:00;;stad;industrie;3.8
NL49551_H2S_lucht;NL49551;H2S;lucht;1998-01-01T00:00:00+01:00;;stad;industrie;3.8
NL49551_K_pm10_aerosol;NL49551;K;pm10_aerosol;2011-01-01T00:00:00+01:00;;stad;industrie;3.8
NL49551_Li_pm10_aerosol;NL49551;Li;pm10_aerosol;2011-01-01T00:00:00+01:00;;stad;industrie;3.8
NL49551_Mg_pm10_aerosol;NL49551;Mg;pm10_aerosol;2011-01-01T00:00:00+01:00;;stad;industrie;3.8
NL49551_Mn_pm10_aerosol;NL49551;Mn;pm10_aerosol;2011-01-01T00:00:00+01:00;;stad;industrie;3.8
NL49551_Mo_pm10_aerosol;NL49551;Mo;pm10_aerosol;2011-01-01T00:00:00+01:00;;stad;industrie;3.8
NL49551_NO2_lucht;NL49551;NO2;lucht;1998-01-01T00:00:00+01:00;;stad;industrie;3.8
NL49551_NO_lucht;NL49551;NO;lucht;1998-01-01T00:00:00+01:00;;stad;industrie;3.8
NL49551_NOx_lucht;NL49551;NOx;lucht;1998-01-01T00:00:00+01:00;;stad;industrie;3.8
NL49551_Na_pm10_aerosol;NL49551;Na;pm10_aerosol;2011-01-01T00:00:00+01:00;;stad;industrie;3.8
NL49551_Ni_pm10_aerosol;NL49551;Ni;pm10_aerosol;2011-01-01T00:00:00+01:00;;stad;industrie;3.8
NL49551_PM10_lucht;NL49551;PM10;lucht;2001-12-01T00:00:00+01:00;;stad;industrie;3.8
NL49551_PM2.5_lucht;NL49551;PM2.5;lucht;2011-01-01T00:00:00+01:00;;stad;industrie;3.8
NL49551_P_pm10_aerosol;NL49551;P;pm10_aerosol;2011-01-01T00:00:00+01:00;;stad;industrie;3.8
NL49551_Pb_pm10_aerosol;NL49551;Pb;pm10_aerosol;2011-01-01T00:00:00+01:00;;stad;industrie;3.8
NL49551_Pt_pm10_aerosol;NL49551;Pt;pm10_aerosol;2011-01-01T00:00:00+01:00;;stad;industrie;3.8
NL49551_SO2_lucht;NL49551;SO2;lucht;2002-01-01T00:00:00+01:00;;stad;industrie;3.8
NL49551_S_pm10_aerosol;NL49551;S;pm10_aerosol;2011-01-01T00:00:00+01:00;;stad;industrie;3.8
NL49551_Sb_pm10_aerosol;NL49551;Sb;pm10_aerosol;2011-01-01T00:00:00+01:00;;stad;industrie;3.8
NL49551_Se_pm10_aerosol;NL49551;Se;pm10_aerosol;2011-01-01T00:00:00+01:00;;stad;industrie;3.8
NL49551_Si_pm10_aerosol;NL49551;Si;pm10_aerosol;2011-01-01T00:00:00+01:00;;stad;industrie;3.8
NL49551_Sn_pm10_aerosol;NL49551;Sn;pm10_aerosol;2011-01-01T00:00:00+01:00;;stad;industrie;3.8
NL49551_Sr_pm10_aerosol;NL49551;Sr;pm10_aerosol;2011-01-01T00:00:00+01:00;;stad;industrie;3.8
NL49551_Ti_pm10_aerosol;NL49551;Ti;pm10_aerosol;2011-01-01T00:00:00+01:00;;stad;industrie;3.8
NL49551_Tl_pm10_aerosol;NL49551;Tl;pm10_aerosol;2011-01-01T00:00:00+01:00;;stad;industrie;3.8
NL49551_V_pm10_aerosol;NL49551;V;pm10_aerosol;2011-01-01T00:00:00+01:00;;stad;industrie;3.8
NL49551_Y_pm10_aerosol;NL49551;Y;pm10_aerosol;2011-01-01T00:00:00+01:00;;stad;industrie;3.8
NL49551_Zn_pm10_aerosol;NL49551;Zn;pm10_aerosol;2011-01-01T00:00:00+01:00;;stad;industrie;3.8
NL49551_benz-a-antr_pm10_aerosol;NL49551;benz-a-antr;pm10_aerosol;2011-01-01T00:00:00+01:00;;stad;industrie;3.8
NL49551_benz-a-pyreen_pm10_aerosol;NL49551;benz-a-pyreen;pm10_aerosol;2011-01-01T00:00:00+01:00;;stad;industrie;3.8
NL49551_benz-bjk-fluor_pm10_aerosol;NL49551;benz-bjk-fluor;pm10_aerosol;2011-01-01T00:00:00+01:00;;stad;industrie;3.8
NL49551_benz-ghi-peryl_pm10_aerosol;NL49551;benz-ghi-peryl;pm10_aerosol;2011-01-01T00:00:00+01:00;;stad;industrie;3.8
NL49551_chryseen_pm10_aerosol;NL49551;chryseen;pm10_aerosol;2011-01-01T00:00:00+01:00;;stad;industrie;3.8
NL49551_dibenz-ah-antr_pm10_aerosol;NL49551;dibenz-ah-antr;pm10_aerosol;2011-01-01T00:00:00+01:00;;stad;industrie;3.8
NL49551_ind-123cd-pyr_pm10_aerosol;NL49551;ind-123cd-pyr;pm10_aerosol;2011-01-01T00:00:00+01:00;;stad;industrie;3.8
NL49553_Al_pm10_aerosol;NL49553;Al;pm10_aerosol;2009-01-01T00:00:00+01:00;;stad;industrie;3.5
NL49553_As_pm10_aerosol;NL49553;As;pm10_aerosol;2009-01-01T00:00:00+01:00;;stad;industrie;3.5
NL49553_BC_lucht;NL49553;BC;lucht;2016-11-01T00:00:00+01:00;;stad;industrie;3.5
NL49553_Ba_pm10_aerosol;NL49553;Ba;pm10_aerosol;2009-01-01T00:00:00+01:00;;stad;industrie;3.5
NL49553_Be_pm10_aerosol;NL49553;Be;pm10_aerosol;2009-01-01T00:00:00+01:00;;stad;industrie;3.5
NL49553_Br_pm10_aerosol;NL49553;Br;pm10_aerosol;2009-01-01T00:00:00+01:00;;stad;industrie;3.5
NL49553_CO_lucht;NL49553;CO;lucht;1998-01-01T00:00:00+01:00;;stad;industrie;3.5
NL49553_Ca_pm10_aerosol;NL49553;Ca;pm10_aerosol;2009-01-01T00:00:00+01:00;;stad;industrie;3.5
NL49553_Cd_pm10_aerosol;NL49553;Cd;pm10_aerosol;2009-01-01T00:00:00+01:00;;stad;industrie;3.5
NL49553_Co_pm10_aerosol;NL49553;Co;pm10_aerosol;2009-01-01T00:00:00+01:00;;stad;industrie;3.5
NL49553_Cr_pm10_aerosol;NL49553;Cr;pm10_aerosol;2009-01-01T00:00:00+01:00;;stad;industrie;3.5
NL49553_Cu_pm10_aerosol;NL49553;Cu;pm10_aerosol;2009-01-01T00:00:00+01:00;;stad;industrie;3.5
NL49553_Fe_pm10_aerosol;NL49553;Fe;pm10_aerosol;2009-01-01T00:00:00+01:00;;stad;industrie;3.5
NL49553_H2S_lucht;NL49553;H2S;lucht;1998-01-01T00:00:00+01:00;;stad;industrie;3.5
NL49553_K_pm10_aerosol;NL49553;K;pm10_aerosol;2009-01-01T00:00:00+01:00;;stad;industrie;3.5
NL49553_Li_pm10_aerosol;NL49553;Li;pm10_aerosol;2009-01-01T00:00:00+01:00;;stad;industrie;3.5
NL49553_Mg_pm10_aerosol;NL49553;Mg;pm10_aerosol;2009-01-01T00:00:00+01:00;;stad;industrie;3.5
NL49553_Mn_pm10_aerosol;NL49553;Mn;pm10_aerosol;2009-01-01T00:00:00+01:00;;stad;industrie;3.5
NL49553_Mo_pm10_aerosol;NL49553;Mo;pm10_aerosol;2009-01-01T00:00:00+01:00;;stad;industrie;3.5
NL49553_NO2_lucht;NL49553;NO2;lucht;1998-01-01T00:00:00+01:00;;stad;industrie;3.5
NL49553_NO_lucht;NL49553;NO;lucht;1998-01-01T00:00:00+01:00;;stad;industrie;3.5
NL49553_NOx_lucht;NL49553;NOx;lucht;1998-01-01T00:00:00+01:00;;stad;industrie;3.5
NL49553_Na_pm10_aerosol;NL49553;Na;pm10_aerosol;2009-01-01T00:00:00+01:00;;stad;industrie;3.5
NL49553_Ni_pm10_aerosol;NL49553;Ni;pm10_aerosol;2009-01-01T00:00:00+01:00;;stad;industrie;3.5
NL49553_PM10_lucht;NL49553;PM10;lucht;2002-08-01T00:00:00+01:00;;stad;industrie;3.5
NL49553_PM2.5_lucht;NL49553;PM2.5;lucht;2011-01-01T00:00:00+01:00;;stad;industrie;3.5
NL49553_P_pm10_aerosol;NL49553;P;pm10_aerosol;2009-01-01T00:00:00+01:00;;stad;industrie;3.5
NL49553_Pb_pm10_aerosol;NL49553;Pb;pm10_aerosol;2009-01-01T00:00:00+01:00;;stad;industrie;3.5
NL49553_Pt_pm10_aerosol;NL49553;Pt;pm10_aerosol;2009-01-01T00:00:00+01:00;;stad;industrie;3.5
NL49553_SO2_lucht;NL49553;SO2;lucht;1997-01-01T00:00:00+01:00;;stad;industrie;3.5
NL49553_S_pm10_aerosol;NL49553;S;pm10_aerosol;2009-01-01T00:00:00+01:00;;stad;industrie;3.5
NL49553_Sb_pm10_aerosol;NL49553;Sb;pm10_aerosol;2009-01-01T00:00:00+01:00;;stad;industrie;3.5
NL49553_Se_pm10_aerosol;NL49553;Se;pm10_aerosol;2009-01-01T00:00:00+01:00;;stad;industrie;3.5
NL49553_Si_pm10_aerosol;NL49553;Si;pm10_aerosol;2009-01-01T00:00:00+01:00;;stad;industrie;3.5
NL49553_Sn_pm10_aerosol;NL49553;Sn;pm10_aerosol;2009-01-01T00:00:00+01:00;;stad;industrie;3.5
NL49553_Sr_pm10_aerosol;NL49553;Sr;pm10_aerosol;2009-01-01T00:00:00+01:00;;stad;industrie;3.5
NL49553_Ti_pm10_aerosol;NL49553;Ti;pm10_aerosol;2009-01-01T00:00:00+01:00;;stad;industrie;3.5
NL49553_Tl_pm10_aerosol;NL49553;Tl;pm10_aerosol;2009-01-01T00:00:00+01:00;;stad;industrie;3.5
NL49553_V_pm10_aerosol;NL49553;V;pm10_aerosol;2009-01-01T00:00:00+01:00;;stad;industrie;3.5
NL49553_Y_pm10_aerosol;NL49553;Y;pm10_aerosol;2009-01-01T00:00:00+01:00;;stad;industrie;3.5
NL49553_Zn_pm10_aerosol;NL49553;Zn;pm10_aerosol;2009-01-01T00:00:00+01:00;;stad;industrie;3.5
NL49553_benz-a-antr_pm10_aerosol;NL49553;benz-a-antr;pm10_aerosol;2011-01-01T00:00:00+01:00;;stad;industrie;3.5
NL49553_benz-a-pyreen_pm10_aerosol;NL49553;benz-a-pyreen;pm10_aerosol;2009-01-01T00:00:00+01:00;;stad;industrie;3.5
NL49553_benz-bjk-fluor_pm10_aerosol;NL49553;benz-bjk-fluor;pm10_aerosol;2011-01-01T00:00:00+01:00;;stad;industrie;3.5
NL49553_benz-ghi-peryl_pm10_aerosol;NL49553;benz-ghi-peryl;pm10_aerosol;2011-01-01T00:00:00+01:00;;stad;industrie;3.5
NL49553_chryseen_pm10_aerosol;NL49553;chryseen;pm10_aerosol;2011-01-01T00:00:00+01:00;;stad;industrie;3.5
NL49553_dibenz-ah-antr_pm10_aerosol;NL49553;dibenz-ah-antr;pm10_aerosol;2011-01-01T00:00:00+01:00;;stad;industrie;3.5
NL49553_ind-123cd-pyr_pm10_aerosol;NL49553;ind-123cd-pyr;pm10_aerosol;2011-01-01T00:00:00+01:00;;stad;industrie;3.5
NL49556_Al_pm10_aerosol;NL49556;Al;pm10_aerosol;2017-01-01T00:00:00+01:00;;regionaal;achtergrond;3.7
NL49556_As_pm10_aerosol;NL49556;As;pm10_aerosol;2017-01-01T00:00:00+01:00;;regionaal;achtergrond;3.7
NL49556_BCwb_lucht;NL49556;BCwb;lucht;2025-01-01T00:00:00+01:00;;regionaal;achtergrond;3
NL49556_Ba_pm10_aerosol;NL49556;Ba;pm10_aerosol;2017-01-01T00:00:00+01:00;;regionaal;achtergrond;3.7
NL49556_Be_pm10_aerosol;NL49556;Be;pm10_aerosol;2017-01-01T00:00:00+01:00;;regionaal;achtergrond;3.7
NL49556_Br_pm10_aerosol;NL49556;Br;pm10_aerosol;2017-01-01T00:00:00+01:00;;regionaal;achtergrond;3.7
NL49556_Ca_pm10_aerosol;NL49556;Ca;pm10_aerosol;2017-01-01T00:00:00+01:00;;regionaal;achtergrond;3.7
NL49556_Cd_pm10_aerosol;NL49556;Cd;pm10_aerosol;2017-01-01T00:00:00+01:00;;regionaal;achtergrond;3.7
NL49556_Co_pm10_aerosol;NL49556;Co;pm10_aerosol;2017-01-01T00:00:00+01:00;;regionaal;achtergrond;3.7
NL49556_Cr_pm10_aerosol;NL49556;Cr;pm10_aerosol;2017-01-01T00:00:00+01:00;;regionaal;achtergrond;3.7
NL49556_Cu_pm10_aerosol;NL49556;Cu;pm10_aerosol;2017-01-01T00:00:00+01:00;;regionaal;achtergrond;3.7
NL49556_Fe_pm10_aerosol;NL49556;Fe;pm10_aerosol;2017-01-01T00:00:00+01:00;;regionaal;achtergrond;3.7
NL49556_K_pm10_aerosol;NL49556;K;pm10_aerosol;2017-01-01T00:00:00+01:00;;regionaal;achtergrond;3.7
NL49556_Li_pm10_aerosol;NL49556;Li;pm10_aerosol;2017-01-01T00:00:00+01:00;;regionaal;achtergrond;3.7
NL49556_Mg_pm10_aerosol;NL49556;Mg;pm10_aerosol;2017-01-01T00:00:00+01:00;;regionaal;achtergrond;3.7
NL49556_Mn_pm10_aerosol;NL49556;Mn;pm10_aerosol;2017-01-01T00:00:00+01:00;;regionaal;achtergrond;3.7
NL49556_Mo_pm10_aerosol;NL49556;Mo;pm10_aerosol;2017-01-01T00:00:00+01:00;;regionaal;achtergrond;3.7
NL49556_Na_pm10_aerosol;NL49556;Na;pm10_aerosol;2017-01-01T00:00:00+01:00;;regionaal;achtergrond;3.7
NL49556_Ni_pm10_aerosol;NL49556;Ni;pm10_aerosol;2017-01-01T00:00:00+01:00;;regionaal;achtergrond;3.7
NL49556_PM10_lucht;NL49556;PM10;lucht;2002-01-01T00:00:00+01:00;;regionaal;achtergrond;3.7
NL49556_PM2.5_lucht;NL49556;PM2.5;lucht;2016-09-28T00:00:00+01:00;;regionaal;achtergrond;3.7
NL49556_P_pm10_aerosol;NL49556;P;pm10_aerosol;2017-01-01T00:00:00+01:00;;regionaal;achtergrond;3.7
NL49556_Pb_pm10_aerosol;NL49556;Pb;pm10_aerosol;2017-01-01T00:00:00+01:00;;regionaal;achtergrond;3.7
NL49556_Pt_pm10_aerosol;NL49556;Pt;pm10_aerosol;2017-01-01T00:00:00+01:00;;regionaal;achtergrond;3.7
NL49556_S_pm10_aerosol;NL49556;S;pm10_aerosol;2017-01-01T00:00:00+01:00;;regionaal;achtergrond;3.7
NL49556_Sb_pm10_aerosol;NL49556;Sb;pm10_aerosol;2017-01-01T00:00:00+01:00;;regionaal;achtergrond;3.7
NL49556_Se_pm10_aerosol;NL49556;Se;pm10_aerosol;2017-01-01T00:00:00+01:00;;regionaal;achtergrond;3.7
NL49556_Si_pm10_aerosol;NL49556;Si;pm10_aerosol;2017-01-01T00:00:00+01:00;;regionaal;achtergrond;3.7
NL49556_Sn_pm10_aerosol;NL49556;Sn;pm10_aerosol;2017-01-01T00:00:00+01:00;;regionaal;achtergrond;3.7
NL49556_Sr_pm10_aerosol;NL49556;Sr;pm10_aerosol;2017-01-01T00:00:00+01:00;;regionaal;achtergrond;3.7
NL49556_Ti_pm10_aerosol;NL49556;Ti;pm10_aerosol;2017-01-01T00:00:00+01:00;;regionaal;achtergrond;3.7
NL49556_Tl_pm10_aerosol;NL49556;Tl;pm10_aerosol;2017-01-01T00:00:00+01:00;;regionaal;achtergrond;3.7
NL49556_V_pm10_aerosol;NL49556;V;pm10_aerosol;2017-01-01T00:00:00+01:00;;regionaal;achtergrond;3.7
NL49556_Y_pm10_aerosol;NL49556;Y;pm10_aerosol;2017-01-01T00:00:00+01:00;;regionaal;achtergrond;3.7
NL49556_Zn_pm10_aerosol;NL49556;Zn;pm10_aerosol;2017-01-01T00:00:00+01:00;;regionaal;achtergrond;3.7
NL49556_benz-a-antr_pm10_aerosol;NL49556;benz-a-antr;pm10_aerosol;2017-01-01T00:00:00+01:00;;regionaal;achtergrond;3.7
NL49556_benz-a-pyreen_pm10_aerosol;NL49556;benz-a-pyreen;pm10_aerosol;2017-01-01T00:00:00+01:00;;regionaal;achtergrond;3.7
NL49556_benz-bjk-fluor_pm10_aerosol;NL49556;benz-bjk-fluor;pm10_aerosol;2017-01-01T00:00:00+01:00;;regionaal;achtergrond;3.7
NL49556_benz-ghi-peryl_pm10_aerosol;NL49556;benz-ghi-peryl;pm10_aerosol;2017-01-01T00:00:00+01:00;;regionaal;achtergrond;3.7
NL49556_chryseen_pm10_aerosol;NL49556;chryseen;pm10_aerosol;2017-01-01T00:00:00+01:00;;regionaal;achtergrond;3.7
NL49556_dibenz-ah-antr_pm10_aerosol;NL49556;dibenz-ah-antr;pm10_aerosol;2017-01-01T00:00:00+01:00;;regionaal;achtergrond;3.7
NL49556_ind-123cd-pyr_pm10_aerosol;NL49556;ind-123cd-pyr;pm10_aerosol;2017-01-01T00:00:00+01:00;;regionaal;achtergrond;3.7
NL49557_Al_pm10_aerosol;NL49557;Al;pm10_aerosol;2021-01-01T00:00:00+01:00;;regionaal;industrie;3.5
NL49557_As_pm10_aerosol;NL49557;As;pm10_aerosol;2021-01-01T00:00:00+01:00;;regionaal;industrie;3.5
NL49557_Ba_pm10_aerosol;NL49557;Ba;pm10_aerosol;2021-01-01T00:00:00+01:00;;regionaal;industrie;3.5
NL49557_Be_pm10_aerosol;NL49557;Be;pm10_aerosol;2021-01-01T00:00:00+01:00;;regionaal;industrie;3.5
NL49557_Br_pm10_aerosol;NL49557;Br;pm10_aerosol;2021-01-01T00:00:00+01:00;;regionaal;industrie;3.5
NL49557_Ca_pm10_aerosol;NL49557;Ca;pm10_aerosol;2021-01-01T00:00:00+01:00;;regionaal;industrie;3.5
NL49557_Cd_pm10_aerosol;NL49557;Cd;pm10_aerosol;2021-01-01T00:00:00+01:00;;regionaal;industrie;3.5
NL49557_Co_pm10_aerosol;NL49557;Co;pm10_aerosol;2021-01-01T00:00:00+01:00;;regionaal;industrie;3.5
NL49557_Cr_pm10_aerosol;NL49557;Cr;pm10_aerosol;2021-01-01T00:00:00+01:00;;regionaal;industrie;3.5
NL49557_Cu_pm10_aerosol;NL49557;Cu;pm10_aerosol;2021-01-01T00:00:00+01:00;;regionaal;industrie;3.5
NL49557_Fe_pm10_aerosol;NL49557;Fe;pm10_aerosol;2021-01-01T00:00:00+01:00;;regionaal;industrie;3.5
NL49557_K_pm10_aerosol;NL49557;K;pm10_aerosol;2021-01-01T00:00:00+01:00;;regionaal;industrie;3.5
NL49557_Li_pm10_aerosol;NL49557;Li;pm10_aerosol;2021-01-01T00:00:00+01:00;;regionaal;industrie;3.5
NL49557_Mg_pm10_aerosol;NL49557;Mg;pm10_aerosol;2021-01-01T00:00:00+01:00;;regionaal;industrie;3.5
NL49557_Mn_pm10_aerosol;NL49557;Mn;pm10_aerosol;2021-01-01T00:00:00+01:00;;regionaal;industrie;3.5
NL49557_Mo_pm10_aerosol;NL49557;Mo;pm10_aerosol;2021-01-01T00:00:00+01:00;;regionaal;industrie;3.5
NL49557_Na_pm10_aerosol;NL49557;Na;pm10_aerosol;2021-01-01T00:00:00+01:00;;regionaal;industrie;3.5
NL49557_Ni_pm10_aerosol;NL49557;Ni;pm10_aerosol;2021-01-01T00:00:00+01:00;;regionaal;industrie;3.5
NL49557_PM10_lucht;NL49557;PM10;lucht;2020-12-01T00:00:00+01:00;;regionaal;industrie;3.5
NL49557_PM2.5_lucht;NL49557;PM2.5;lucht;2020-12-01T00:00:00+01:00;;regionaal;industrie;3.5
NL49557_P_pm10_aerosol;NL49557;P;pm10_aerosol;2021-01-01T00:00:00+01:00;;regionaal;industrie;3.5
NL49557_Pb_pm10_aerosol;NL49557;Pb;pm10_aerosol;2021-01-01T00:00:00+01:00;;regionaal;industrie;3.5
NL49557_Pt_pm10_aerosol;NL49557;Pt;pm10_aerosol;2021-01-01T00:00:00+01:00;;regionaal;industrie;3.5
NL49557_S_pm10_aerosol;NL49557;S;pm10_aerosol;2021-01-01T00:00:00+01:00;;regionaal;industrie;3.5
NL49557_Sb_pm10_aerosol;NL49557;Sb;pm10_aerosol;2021-01-01T00:00:00+01:00;;regionaal;industrie;3.5
NL49557_Se_pm10_aerosol;NL49557;Se;pm10_aerosol;2021-01-01T00:00:00+01:00;;regionaal;industrie;3.5
NL49557_Si_pm10_aerosol;NL49557;Si;pm10_aerosol;2021-01-01T00:00:00+01:00;;regionaal;industrie;3.5
NL49557_Sn_pm10_aerosol;NL49557;Sn;pm10_aerosol;2021-01-01T00:00:00+01:00;;regionaal;industrie;3.5
NL49557_Sr_pm10_aerosol;NL49557;Sr;pm10_aerosol;2021-01-01T00:00:00+01:00;;regionaal;industrie;3.5
NL49557_Ti_pm10_aerosol;NL49557;Ti;pm10_aerosol;2021-01-01T00:00:00+01:00;;regionaal;industrie;3.5
NL49557_Tl_pm10_aerosol;NL49557;Tl;pm10_aerosol;2021-01-01T00:00:00+01:00;;regionaal;industrie;3.5
NL49557_V_pm10_aerosol;NL49557;V;pm10_aerosol;2021-01-01T00:00:00+01:00;;regionaal;industrie;3.5
NL49557_Y_pm10_aerosol;NL49557;Y;pm10_aerosol;2021-01-01T00:00:00+01:00;;regionaal;industrie;3.5
NL49557_Zn_pm10_aerosol;NL49557;Zn;pm10_aerosol;2021-01-01T00:00:00+01:00;;regionaal;industrie;3.5
NL49557_benz-a-antr_pm10_aerosol;NL49557;benz-a-antr;pm10_aerosol;2021-01-01T00:00:00+01:00;;regionaal;industrie;3.5
NL49557_benz-a-pyreen_pm10_aerosol;NL49557;benz-a-pyreen;pm10_aerosol;2021-01-01T00:00:00+01:00;;regionaal;industrie;3.5
NL49557_benz-bjk-fluor_pm10_aerosol;NL49557;benz-bjk-fluor;pm10_aerosol;2021-01-01T00:00:00+01:00;;regionaal;industrie;3.5
NL49557_benz-ghi-peryl_pm10_aerosol;NL49557;benz-ghi-peryl;pm10_aerosol;2021-01-01T00:00:00+01:00;;regionaal;industrie;3.5
NL49557_benzeen_lucht;NL49557;benzeen;lucht;2022-03-01T00:00:00+01:00;;regionaal;industrie;3.5
NL49557_chryseen_pm10_aerosol;NL49557;chryseen;pm10_aerosol;2021-01-01T00:00:00+01:00;;regionaal;industrie;3.5
NL49557_dibenz-ah-antr_pm10_aerosol;NL49557;dibenz-ah-antr;pm10_aerosol;2021-01-01T00:00:00+01:00;;regionaal;industrie;3.5
NL49557_ind-123cd-pyr_pm10_aerosol;NL49557;ind-123cd-pyr;pm10_aerosol;2021-01-01T00:00:00+01:00;;regionaal;industrie;3.5
NL49557_meta-paraxyleen_lucht;NL49557;meta-paraxyleen;lucht;2022-03-01T00:00:00+01:00;;regionaal;industrie;3.5
NL49557_naftaleen_lucht;NL49557;naftaleen;lucht;2022-03-01T00:00:00+01:00;;regionaal;achtergrond;3.5
NL49557_tolueen_lucht;NL49557;tolueen;lucht;2022-03-01T00:00:00+01:00;;regionaal;industrie;3.5
NL49561_CO_lucht;NL49561;CO;lucht;1998-01-01T00:00:00+01:00;;stad;achtergrond;3.9
NL49561_NO2_lucht;NL49561;NO2;lucht;1998-01-01T00:00:00+01:00;;stad;achtergrond;3.9
NL49561_NO_lucht;NL49561;NO;lucht;1998-01-01T00:00:00+01:00;;stad;achtergrond;3.9
NL49561_NOx_lucht;NL49561;NOx;lucht;1998-01-01T00:00:00+01:00;;stad;achtergrond;3.9
NL49561_O3_lucht;NL49561;O3;lucht;1998-01-01T00:00:00+01:00;2011-08-01T00:00:00+01:00;stad;achtergrond;3.9
NL49561_PM10_lucht;NL49561;PM10;lucht;2002-08-01T00:00:00+01:00;;stad;achtergrond;3.9
NL49561_PM2.5_lucht;NL49561;PM2.5;lucht;2011-01-01T00:00:00+01:00;;stad;achtergrond;3.9
NL49562_CO_lucht;NL49562;CO;lucht;1998-01-01T00:00:00+01:00;2010-08-01T00:00:00+01:00;regionaal;verkeer;3.5
NL49562_NO2_lucht;NL49562;NO2;lucht;1998-01-01T00:00:00+01:00;2010-08-01T00:00:00+01:00;regionaal;verkeer;3.5
NL49562_NO_lucht;NL49562;NO;lucht;1998-01-01T00:00:00+01:00;2010-08-01T00:00:00+01:00;regionaal;verkeer;3.5
NL49562_NOx_lucht;NL49562;NOx;lucht;1998-01-01T00:00:00+01:00;2010-08-01T00:00:00+01:00;regionaal;verkeer;3.5
NL49562_O3_lucht;NL49562;O3;lucht;1998-01-01T00:00:00+01:00;2010-11-17T00:00:00+01:00;regionaal;verkeer;3.5
NL49564_CO_lucht;NL49564;CO;lucht;1998-01-01T00:00:00+01:00;2014-01-01T00:00:00+01:00;regionaal;achtergrond;3.5
NL49564_NO2_lucht;NL49564;NO2;lucht;1998-01-01T00:00:00+01:00;;regionaal;achtergrond;3.5
NL49564_NO_lucht;NL49564;NO;lucht;1998-01-01T00:00:00+01:00;;regionaal;achtergrond;3.5
NL49564_NOx_lucht;NL49564;NOx;lucht;1998-01-01T00:00:00+01:00;;regionaal;achtergrond;3.5
NL49564_O3_lucht;NL49564;O3;lucht;1998-01-01T00:00:00+01:00;2017-07-24T00:00:00+01:00;regionaal;achtergrond;3.5
NL49564_Ox_lucht;NL49564;Ox;lucht;2003-01-01T00:00:00+01:00;;regionaal;achtergrond;3.5
NL49564_PM10_lucht;NL49564;PM10;lucht;2000-12-01T00:00:00+01:00;;regionaal;achtergrond;3.5
NL49565_CO_lucht;NL49565;CO;lucht;2010-10-01T00:00:00+01:00;2014-10-11T00:00:00+01:00;regionaal;industrie;3.5
NL49565_NO2_lucht;NL49565;NO2;lucht;2010-09-13T00:00:00+01:00;;regionaal;achtergrond;3.5
NL49565_NO_lucht;NL49565;NO;lucht;2010-09-13T00:00:00+01:00;;regionaal;achtergrond;3.5
NL49565_NOx_lucht;NL49565;NOx;lucht;2010-09-13T00:00:00+01:00;;regionaal;achtergrond;3.5
NL49565_O3_lucht;NL49565;O3;lucht;2010-10-01T00:00:00+01:00;2013-04-04T00:00:00+01:00;regionaal;achtergrond;3.5
NL49565_PM10_lucht;NL49565;PM10;lucht;2010-09-13T00:00:00+01:00;;regionaal;achtergrond;3.5
NL49570_Al_pm10_aerosol;NL49570;Al;pm10_aerosol;2017-01-01T00:00:00+01:00;;stad;achtergrond;3.8
NL49570_As_pm10_aerosol;NL49570;As;pm10_aerosol;2017-01-01T00:00:00+01:00;;stad;achtergrond;3.8
NL49570_Ba_pm10_aerosol;NL49570;Ba;pm10_aerosol;2017-01-01T00:00:00+01:00;;stad;achtergrond;3.8
NL49570_Be_pm10_aerosol;NL49570;Be;pm10_aerosol;2017-01-01T00:00:00+01:00;;stad;achtergrond;3.8
NL49570_Br_pm10_aerosol;NL49570;Br;pm10_aerosol;2017-01-01T00:00:00+01:00;;stad;achtergrond;3.8
NL49570_Ca_pm10_aerosol;NL49570;Ca;pm10_aerosol;2017-01-01T00:00:00+01:00;;stad;achtergrond;3.8
NL49570_Cd_pm10_aerosol;NL49570;Cd;pm10_aerosol;2017-01-01T00:00:00+01:00;;stad;achtergrond;3.8
NL49570_Co_pm10_aerosol;NL49570;Co;pm10_aerosol;2017-01-01T00:00:00+01:00;;stad;achtergrond;3.8
NL49570_Cr_pm10_aerosol;NL49570;Cr;pm10_aerosol;2017-01-01T00:00:00+01:00;;stad;achtergrond;3.8
NL49570_Cu_pm10_aerosol;NL49570;Cu;pm10_aerosol;2017-01-01T00:00:00+01:00;;stad;achtergrond;3.8
NL49570_Fe_pm10_aerosol;NL49570;Fe;pm10_aerosol;2017-01-01T00:00:00+01:00;;stad;achtergrond;3.8
NL49570_K_pm10_aerosol;NL49570;K;pm10_aerosol;2017-01-01T00:00:00+01:00;;stad;achtergrond;3.8
NL49570_Li_pm10_aerosol;NL49570;Li;pm10_aerosol;2017-01-01T00:00:00+01:00;;stad;achtergrond;3.8
NL49570_Mg_pm10_aerosol;NL49570;Mg;pm10_aerosol;2017-01-01T00:00:00+01:00;;stad;achtergrond;3.8
NL49570_Mn_pm10_aerosol;NL49570;Mn;pm10_aerosol;2017-01-01T00:00:00+01:00;;stad;achtergrond;3.8
NL49570_Mo_pm10_aerosol;NL49570;Mo;pm10_aerosol;2017-01-01T00:00:00+01:00;;stad;achtergrond;3.8
NL49570_Na_pm10_aerosol;NL49570;Na;pm10_aerosol;2017-01-01T00:00:00+01:00;;stad;achtergrond;3.8
NL49570_Ni_pm10_aerosol;NL49570;Ni;pm10_aerosol;2017-01-01T00:00:00+01:00;;stad;achtergrond;3.8
NL49570_PM10_lucht;NL49570;PM10;lucht;2007-01-01T00:00:00+01:00;;stad;achtergrond;3.8
NL49570_PM2.5_lucht;NL49570;PM2.5;lucht;2011-01-01T00:00:00+01:00;;stad;achtergrond;3.8
NL49570_P_pm10_aerosol;NL49570;P;pm10_aerosol;2017-01-01T00:00:00+01:00;;stad;achtergrond;3.8
NL49570_Pb_pm10_aerosol;NL49570;Pb;pm10_aerosol;2017-01-01T00:00:00+01:00;;stad;achtergrond;3.8
NL49570_Pt_pm10_aerosol;NL49570;Pt;pm10_aerosol;2017-01-01T00:00:00+01:00;;stad;achtergrond;3.8
NL49570_S_pm10_aerosol;NL49570;S;pm10_aerosol;2017-01-01T00:00:00+01:00;;stad;achtergrond;3.8
NL49570_Sb_pm10_aerosol;NL49570;Sb;pm10_aerosol;2017-01-01T00:00:00+01:00;;stad;achtergrond;3.8
NL49570_Se_pm10_aerosol;NL49570;Se;pm10_aerosol;2017-01-01T00:00:00+01:00;;stad;achtergrond;3.8
NL49570_Si_pm10_aerosol;NL49570;Si;pm10_aerosol;2017-01-01T00:00:00+01:00;;stad;achtergrond;3.8
NL49570_Sn_pm10_aerosol;NL49570;Sn;pm10_aerosol;2017-01-01T00:00:00+01:00;;stad;achtergrond;3.8
NL49570_Sr_pm10_aerosol;NL49570;Sr;pm10_aerosol;2017-01-01T00:00:00+01:00;;stad;achtergrond;3.8
NL49570_Ti_pm10_aerosol;NL49570;Ti;pm10_aerosol;2017-01-01T00:00:00+01:00;;stad;achtergrond;3.8
NL49570_Tl_pm10_aerosol;NL49570;Tl;pm10_aerosol;2017-01-01T00:00:00+01:00;;stad;achtergrond;3.8
NL49570_V_pm10_aerosol;NL49570;V;pm10_aerosol;2017-01-01T00:00:00+01:00;;stad;achtergrond;3.8
NL49570_Y_pm10_aerosol;NL49570;Y;pm10_aerosol;2017-01-01T00:00:00+01:00;;stad;achtergrond;3.8
NL49570_Zn_pm10_aerosol;NL49570;Zn;pm10_aerosol;2017-01-01T00:00:00+01:00;;stad;achtergrond;3.8
NL49570_benz-a-antr_pm10_aerosol;NL49570;benz-a-antr;pm10_aerosol;2017-01-01T00:00:00+01:00;;stad;achtergrond;3.8
NL49570_benz-a-pyreen_pm10_aerosol;NL49570;benz-a-pyreen;pm10_aerosol;2017-01-01T00:00:00+01:00;;stad;achtergrond;3.8
NL49570_benz-bjk-fluor_pm10_aerosol;NL49570;benz-bjk-fluor;pm10_aerosol;2017-01-01T00:00:00+01:00;;stad;achtergrond;3.8
NL49570_benz-ghi-peryl_pm10_aerosol;NL49570;benz-ghi-peryl;pm10_aerosol;2017-01-01T00:00:00+01:00;;stad;achtergrond;3.8
NL49570_chryseen_pm10_aerosol;NL49570;chryseen;pm10_aerosol;2017-01-01T00:00:00+01:00;;stad;achtergrond;3.8
NL49570_dibenz-ah-antr_pm10_aerosol;NL49570;dibenz-ah-antr;pm10_aerosol;2017-01-01T00:00:00+01:00;;stad;achtergrond;3.8
NL49570_ind-123cd-pyr_pm10_aerosol;NL49570;ind-123cd-pyr;pm10_aerosol;2017-01-01T00:00:00+01:00;;stad;achtergrond;3.8
NL49572_Al_pm10_aerosol;NL49572;Al;pm10_aerosol;2011-01-01T00:00:00+01:00;2016-12-31T00:00:00+01:00;stad;industrie;3.7
NL49572_As_pm10_aerosol;NL49572;As;pm10_aerosol;2011-01-01T00:00:00+01:00;2016-12-31T00:00:00+01:00;stad;industrie;3.7
NL49572_Ba_pm10_aerosol;NL49572;Ba;pm10_aerosol;2011-01-01T00:00:00+01:00;2016-12-31T00:00:00+01:00;stad;industrie;3.7
NL49572_Be_pm10_aerosol;NL49572;Be;pm10_aerosol;2011-01-01T00:00:00+01:00;2016-12-31T00:00:00+01:00;stad;industrie;3.7
NL49572_Br_pm10_aerosol;NL49572;Br;pm10_aerosol;2011-01-01T00:00:00+01:00;2016-12-31T00:00:00+01:00;stad;industrie;3.7
NL49572_Ca_pm10_aerosol;NL49572;Ca;pm10_aerosol;2011-01-01T00:00:00+01:00;2016-12-31T00:00:00+01:00;stad;industrie;3.7
NL49572_Cd_pm10_aerosol;NL49572;Cd;pm10_aerosol;2011-01-01T00:00:00+01:00;2016-12-31T00:00:00+01:00;stad;industrie;3.7
NL49572_Co_pm10_aerosol;NL49572;Co;pm10_aerosol;2011-01-01T00:00:00+01:00;2016-12-31T00:00:00+01:00;stad;industrie;3.7
NL49572_Cr_pm10_aerosol;NL49572;Cr;pm10_aerosol;2011-01-01T00:00:00+01:00;2016-12-31T00:00:00+01:00;stad;industrie;3.7
NL49572_Cu_pm10_aerosol;NL49572;Cu;pm10_aerosol;2011-01-01T00:00:00+01:00;2016-12-31T00:00:00+01:00;stad;industrie;3.7
NL49572_Fe_pm10_aerosol;NL49572;Fe;pm10_aerosol;2011-01-01T00:00:00+01:00;2016-12-31T00:00:00+01:00;stad;industrie;3.7
NL49572_K_pm10_aerosol;NL49572;K;pm10_aerosol;2011-01-01T00:00:00+01:00;2016-12-31T00:00:00+01:00;stad;industrie;3.7
NL49572_Li_pm10_aerosol;NL49572;Li;pm10_aerosol;2011-01-01T00:00:00+01:00;2016-12-31T00:00:00+01:00;stad;industrie;3.7
NL49572_Mg_pm10_aerosol;NL49572;Mg;pm10_aerosol;2011-01-01T00:00:00+01:00;2016-12-31T00:00:00+01:00;stad;industrie;3.7
NL49572_Mn_pm10_aerosol;NL49572;Mn;pm10_aerosol;2011-01-01T00:00:00+01:00;2016-12-31T00:00:00+01:00;stad;industrie;3.7
NL49572_Mo_pm10_aerosol;NL49572;Mo;pm10_aerosol;2011-01-01T00:00:00+01:00;2016-12-31T00:00:00+01:00;stad;industrie;3.7
NL49572_Na_pm10_aerosol;NL49572;Na;pm10_aerosol;2011-01-01T00:00:00+01:00;2016-12-31T00:00:00+01:00;stad;industrie;3.7
NL49572_Ni_pm10_aerosol;NL49572;Ni;pm10_aerosol;2011-01-01T00:00:00+01:00;2016-12-31T00:00:00+01:00;stad;industrie;3.7
NL49572_PM10_lucht;NL49572;PM10;lucht;2011-01-01T00:00:00+01:00;;stad;industrie;3.7
NL49572_PM2.5_lucht;NL49572;PM2.5;lucht;2011-01-01T00:00:00+01:00;;stad;industrie;3.7
NL49572_P_pm10_aerosol;NL49572;P;pm10_aerosol;2011-01-01T00:00:00+01:00;2016-12-31T00:00:00+01:00;stad;industrie;3.7
NL49572_Pb_pm10_aerosol;NL49572;Pb;pm10_aerosol;2011-01-01T00:00:00+01:00;2016-12-31T00:00:00+01:00;stad;industrie;3.7
NL49572_Pt_pm10_aerosol;NL49572;Pt;pm10_aerosol;2011-01-01T00:00:00+01:00;2016-12-31T00:00:00+01:00;stad;industrie;3.7
NL49572_S_pm10_aerosol;NL49572;S;pm10_aerosol;2011-01-01T00:00:00+01:00;2016-12-31T00:00:00+01:00;stad;industrie;3.7
NL49572_Sb_pm10_aerosol;NL49572;Sb;pm10_aerosol;2011-01-01T00:00:00+01:00;2016-12-31T00:00:00+01:00;stad;industrie;3.7
NL49572_Se_pm10_aerosol;NL49572;Se;pm10_aerosol;2011-01-01T00:00:00+01:00;2016-12-31T00:00:00+01:00;stad;industrie;3.7
NL49572_Si_pm10_aerosol;NL49572;Si;pm10_aerosol;2011-01-01T00:00:00+01:00;2016-12-31T00:00:00+01:00;stad;industrie;3.7
NL49572_Sn_pm10_aerosol;NL49572;Sn;pm10_aerosol;2011-01-01T00:00:00+01:00;2016-12-31T00:00:00+01:00;stad;industrie;3.7
NL49572_Sr_pm10_aerosol;NL49572;Sr;pm10_aerosol;2011-01-01T00:00:00+01:00;2016-12-31T00:00:00+01:00;stad;industrie;3.7
NL49572_Ti_pm10_aerosol;NL49572;Ti;pm10_aerosol;2011-01-01T00:00:00+01:00;2016-12-31T00:00:00+01:00;stad;industrie;3.7
NL49572_Tl_pm10_aerosol;NL49572;Tl;pm10_aerosol;2011-01-01T00:00:00+01:00;2016-12-31T00:00:00+01:00;stad;industrie;3.7
NL49572_V_pm10_aerosol;NL49572;V;pm10_aerosol;2011-01-01T00:00:00+01:00;2016-12-31T00:00:00+01:00;stad;industrie;3.7
NL49572_Y_pm10_aerosol;NL49572;Y;pm10_aerosol;2011-01-01T00:00:00+01:00;2016-12-31T00:00:00+01:00;stad;industrie;3.7
NL49572_Zn_pm10_aerosol;NL49572;Zn;pm10_aerosol;2011-01-01T00:00:00+01:00;2016-12-31T00:00:00+01:00;stad;industrie;3.7
NL49572_benz-a-antr_pm10_aerosol;NL49572;benz-a-antr;pm10_aerosol;2011-01-01T00:00:00+01:00;2016-12-31T00:00:00+01:00;stad;industrie;3.7
NL49572_benz-a-pyreen_pm10_aerosol;NL49572;benz-a-pyreen;pm10_aerosol;2011-01-01T00:00:00+01:00;2016-12-31T00:00:00+01:00;stad;industrie;3.7
NL49572_benz-bjk-fluor_pm10_aerosol;NL49572;benz-bjk-fluor;pm10_aerosol;2011-01-01T00:00:00+01:00;2016-12-31T00:00:00+01:00;stad;industrie;3.7
NL49572_benz-ghi-peryl_pm10_aerosol;NL49572;benz-ghi-peryl;pm10_aerosol;2011-01-01T00:00:00+01:00;2016-12-31T00:00:00+01:00;stad;industrie;3.7
NL49572_chryseen_pm10_aerosol;NL49572;chryseen;pm10_aerosol;2011-01-01T00:00:00+01:00;2016-12-31T00:00:00+01:00;stad;industrie;3.7
NL49572_dibenz-ah-antr_pm10_aerosol;NL49572;dibenz-ah-antr;pm10_aerosol;2011-01-01T00:00:00+01:00;2016-12-31T00:00:00+01:00;stad;industrie;3.7
NL49572_ind-123cd-pyr_pm10_aerosol;NL49572;ind-123cd-pyr;pm10_aerosol;2011-01-01T00:00:00+01:00;2016-12-31T00:00:00+01:00;stad;industrie;3.7
NL49573_Al_pm10_aerosol;NL49573;Al;pm10_aerosol;2011-01-01T00:00:00+01:00;2016-12-31T00:00:00+01:00;regionaal;industrie;3.7
NL49573_As_pm10_aerosol;NL49573;As;pm10_aerosol;2011-01-01T00:00:00+01:00;2016-12-31T00:00:00+01:00;regionaal;industrie;3.7
NL49573_Ba_pm10_aerosol;NL49573;Ba;pm10_aerosol;2011-01-01T00:00:00+01:00;2016-12-31T00:00:00+01:00;regionaal;industrie;3.7
NL49573_Be_pm10_aerosol;NL49573;Be;pm10_aerosol;2011-01-01T00:00:00+01:00;2016-12-31T00:00:00+01:00;regionaal;industrie;3.7
NL49573_Br_pm10_aerosol;NL49573;Br;pm10_aerosol;2011-01-01T00:00:00+01:00;2016-12-31T00:00:00+01:00;regionaal;industrie;3.7
NL49573_Ca_pm10_aerosol;NL49573;Ca;pm10_aerosol;2011-01-01T00:00:00+01:00;2016-12-31T00:00:00+01:00;regionaal;industrie;3.7
NL49573_Cd_pm10_aerosol;NL49573;Cd;pm10_aerosol;2011-01-01T00:00:00+01:00;2016-12-31T00:00:00+01:00;regionaal;industrie;3.7
NL49573_Co_pm10_aerosol;NL49573;Co;pm10_aerosol;2011-01-01T00:00:00+01:00;2016-12-31T00:00:00+01:00;regionaal;industrie;3.7
NL49573_Cr_pm10_aerosol;NL49573;Cr;pm10_aerosol;2011-01-01T00:00:00+01:00;2016-12-31T00:00:00+01:00;regionaal;industrie;3.7
NL49573_Cu_pm10_aerosol;NL49573;Cu;pm10_aerosol;2011-01-01T00:00:00+01:00;2016-12-31T00:00:00+01:00;regionaal;industrie;3.7
NL49573_Fe_pm10_aerosol;NL49573;Fe;pm10_aerosol;2011-01-01T00:00:00+01:00;2016-12-31T00:00:00+01:00;regionaal;industrie;3.7
NL49573_K_pm10_aerosol;NL49573;K;pm10_aerosol;2011-01-01T00:00:00+01:00;2016-12-31T00:00:00+01:00;regionaal;industrie;3.7
NL49573_Li_pm10_aerosol;NL49573;Li;pm10_aerosol;2011-01-01T00:00:00+01:00;2016-12-31T00:00:00+01:00;regionaal;industrie;3.7
NL49573_Mg_pm10_aerosol;NL49573;Mg;pm10_aerosol;2011-01-01T00:00:00+01:00;2016-12-31T00:00:00+01:00;regionaal;industrie;3.7
NL49573_Mn_pm10_aerosol;NL49573;Mn;pm10_aerosol;2011-01-01T00:00:00+01:00;2016-12-31T00:00:00+01:00;regionaal;industrie;3.7
NL49573_Mo_pm10_aerosol;NL49573;Mo;pm10_aerosol;2011-01-01T00:00:00+01:00;2016-12-31T00:00:00+01:00;regionaal;industrie;3.7
NL49573_Na_pm10_aerosol;NL49573;Na;pm10_aerosol;2011-01-01T00:00:00+01:00;2016-12-31T00:00:00+01:00;regionaal;industrie;3.7
NL49573_Ni_pm10_aerosol;NL49573;Ni;pm10_aerosol;2011-01-01T00:00:00+01:00;2016-12-31T00:00:00+01:00;regionaal;industrie;3.7
NL49573_PM10_lucht;NL49573;PM10;lucht;2011-01-01T00:00:00+01:00;;regionaal;industrie;3.7
NL49573_PM2.5_lucht;NL49573;PM2.5;lucht;2011-01-01T00:00:00+01:00;;regionaal;industrie;3.7
NL49573_P_pm10_aerosol;NL49573;P;pm10_aerosol;2011-01-01T00:00:00+01:00;2016-12-31T00:00:00+01:00;regionaal;industrie;3.7
NL49573_Pb_pm10_aerosol;NL49573;Pb;pm10_aerosol;2011-01-01T00:00:00+01:00;2016-12-31T00:00:00+01:00;regionaal;industrie;3.7
NL49573_Pt_pm10_aerosol;NL49573;Pt;pm10_aerosol;2011-01-01T00:00:00+01:00;2016-12-31T00:00:00+01:00;regionaal;industrie;3.7
NL49573_S_pm10_aerosol;NL49573;S;pm10_aerosol;2011-01-01T00:00:00+01:00;2016-12-31T00:00:00+01:00;regionaal;industrie;3.7
NL49573_Sb_pm10_aerosol;NL49573;Sb;pm10_aerosol;2011-01-01T00:00:00+01:00;2016-12-31T00:00:00+01:00;regionaal;industrie;3.7
NL49573_Se_pm10_aerosol;NL49573;Se;pm10_aerosol;2011-01-01T00:00:00+01:00;2016-12-31T00:00:00+01:00;regionaal;industrie;3.7
NL49573_Si_pm10_aerosol;NL49573;Si;pm10_aerosol;2011-01-01T00:00:00+01:00;2016-12-31T00:00:00+01:00;regionaal;industrie;3.7
NL49573_Sn_pm10_aerosol;NL49573;Sn;pm10_aerosol;2011-01-01T00:00:00+01:00;2016-12-31T00:00:00+01:00;regionaal;industrie;3.7
NL49573_Sr_pm10_aerosol;NL49573;Sr;pm10_aerosol;2011-01-01T00:00:00+01:00;2016-12-31T00:00:00+01:00;regionaal;industrie;3.7
NL49573_Ti_pm10_aerosol;NL49573;Ti;pm10_aerosol;2011-01-01T00:00:00+01:00;2016-12-31T00:00:00+01:00;regionaal;industrie;3.7
NL49573_Tl_pm10_aerosol;NL49573;Tl;pm10_aerosol;2011-01-01T00:00:00+01:00;2016-12-31T00:00:00+01:00;regionaal;industrie;3.7
NL49573_V_pm10_aerosol;NL49573;V;pm10_aerosol;2011-01-01T00:00:00+01:00;2016-12-31T00:00:00+01:00;regionaal;industrie;3.7
NL49573_Y_pm10_aerosol;NL49573;Y;pm10_aerosol;2011-01-01T00:00:00+01:00;2016-12-31T00:00:00+01:00;regionaal;industrie;3.7
NL49573_Zn_pm10_aerosol;NL49573;Zn;pm10_aerosol;2011-01-01T00:00:00+01:00;2016-12-31T00:00:00+01:00;regionaal;industrie;3.7
NL49573_benz-a-antr_pm10_aerosol;NL49573;benz-a-antr;pm10_aerosol;2011-01-01T00:00:00+01:00;2016-12-31T00:00:00+01:00;regionaal;industrie;3.7
NL49573_benz-a-pyreen_pm10_aerosol;NL49573;benz-a-pyreen;pm10_aerosol;2011-01-01T00:00:00+01:00;2016-12-31T00:00:00+01:00;regionaal;industrie;3.7
NL49573_benz-bjk-fluor_pm10_aerosol;NL49573;benz-bjk-fluor;pm10_aerosol;2011-01-01T00:00:00+01:00;2016-12-31T00:00:00+01:00;regionaal;industrie;3.7
NL49573_benz-ghi-peryl_pm10_aerosol;NL49573;benz-ghi-peryl;pm10_aerosol;2011-01-01T00:00:00+01:00;2016-12-31T00:00:00+01:00;regionaal;industrie;3.7
NL49573_chryseen_pm10_aerosol;NL49573;chryseen;pm10_aerosol;2011-01-01T00:00:00+01:00;2016-12-31T00:00:00+01:00;regionaal;industrie;3.7
NL49573_dibenz-ah-antr_pm10_aerosol;NL49573;dibenz-ah-antr;pm10_aerosol;2011-01-01T00:00:00+01:00;2016-12-31T00:00:00+01:00;regionaal;industrie;3.7
NL49573_ind-123cd-pyr_pm10_aerosol;NL49573;ind-123cd-pyr;pm10_aerosol;2011-01-01T00:00:00+01:00;2016-12-31T00:00:00+01:00;regionaal;industrie;3.7
NL49680_BCwb_lucht;NL49680;BCwb;lucht;2025-01-01T00:00:00+01:00;;regionaal;achtergrond;3.7
NL49680_NO2_lucht;NL49680;NO2;lucht;2024-04-22T00:00:00+01:00;;regionaal;achtergrond;3
NL49680_NO_lucht;NL49680;NO;lucht;2024-04-22T00:00:00+01:00;;regionaal;achtergrond;3
NL49680_NOx_lucht;NL49680;NOx;lucht;2024-04-22T00:00:00+01:00;;regionaal;achtergrond;3
NL49680_Ox_lucht;NL49680;Ox;lucht;2024-04-22T00:00:00+01:00;;regionaal;achtergrond;3
NL49680_PM10_lucht;NL49680;PM10;lucht;2024-04-22T00:00:00+01:00;;regionaal;achtergrond;3
NL49680_PM2.5_lucht;NL49680;PM2.5;lucht;2024-04-22T00:00:00+01:00;;regionaal;achtergrond;3
NL49680_UFP_lucht+aerosol;NL49680;UFP;lucht+aerosol;2024-04-22T00:00:00+01:00;;regionaal;achtergrond;3
NL49701_BC_lucht;NL49701;BC;lucht;2015-12-23T00:00:00+01:00;;stad;achtergrond;4.1
NL49701_NO2_lucht;NL49701;NO2;lucht;2006-01-01T00:00:00+01:00;;stad;achtergrond;4.1
NL49701_NO_lucht;NL49701;NO;lucht;2006-01-01T00:00:00+01:00;;stad;achtergrond;4.1
NL49701_NOx_lucht;NL49701;NOx;lucht;2006-01-01T00:00:00+01:00;;stad;achtergrond;4.1
NL49701_O3_lucht;NL49701;O3;lucht;2006-01-01T00:00:00+01:00;2009-02-01T00:00:00+01:00;voorstad;achtergrond;4.1
NL49701_PM10_lucht;NL49701;PM10;lucht;2006-05-09T00:00:00+01:00;;stad;achtergrond;4.1
NL49701_PM2.5_lucht;NL49701;PM2.5;lucht;2011-01-01T00:00:00+01:00;;stad;achtergrond;4.1
NL49703_NO2_lucht;NL49703;NO2;lucht;2009-01-01T00:00:00+01:00;;regionaal;achtergrond;3.6
NL49703_NO_lucht;NL49703;NO;lucht;2009-01-01T00:00:00+01:00;;regionaal;achtergrond;3.6
NL49703_NOx_lucht;NL49703;NOx;lucht;2009-01-01T00:00:00+01:00;;regionaal;achtergrond;3.6
NL49703_PM10_lucht;NL49703;PM10;lucht;2009-01-01T00:00:00+01:00;;regionaal;achtergrond;3.6
NL49703_PM2.5_lucht;NL49703;PM2.5;lucht;2011-01-01T00:00:00+01:00;;regionaal;achtergrond;3.6
NL49703_benzeen_lucht;NL49703;benzeen;lucht;2010-01-01T00:00:00+01:00;;regionaal;achtergrond;3.6
NL49703_meta-paraxyleen_lucht;NL49703;meta-paraxyleen;lucht;2010-01-01T00:00:00+01:00;;regionaal;achtergrond;3.6
NL49703_tolueen_lucht;NL49703;tolueen;lucht;2010-01-01T00:00:00+01:00;;regionaal;achtergrond;3.6
NL49704_NO2_lucht;NL49704;NO2;lucht;2009-01-01T00:00:00+01:00;;stad;industrie;3.9
NL49704_NO_lucht;NL49704;NO;lucht;2009-01-01T00:00:00+01:00;;stad;industrie;3.9
NL49704_NOx_lucht;NL49704;NOx;lucht;2009-01-01T00:00:00+01:00;;stad;industrie;3.9
NL49704_PM10_lucht;NL49704;PM10;lucht;2009-02-01T00:00:00+01:00;;stad;industrie;3.9
NL49704_PM2.5_lucht;NL49704;PM2.5;lucht;2011-01-01T00:00:00+01:00;;stad;industrie;3.9
NL49704_SO2_lucht;NL49704;SO2;lucht;2009-01-01T00:00:00+01:00;;regionaal;industrie;3.9
NL49704_benzeen_lucht;NL49704;benzeen;lucht;2009-06-01T00:00:00+01:00;;regionaal;industrie;3.9
NL49704_meta-paraxyleen_lucht;NL49704;meta-paraxyleen;lucht;2009-06-01T00:00:00+01:00;;regionaal;industrie;3.9
NL49704_tolueen_lucht;NL49704;tolueen;lucht;2009-06-01T00:00:00+01:00;;regionaal;industrie;3.9
NL49980_PM10_lucht;NL49980;PM10;lucht;2025-07-01T00:00:00+01:00;;regionaal;achtergrond;3
NL49980_PM2.5_lucht;NL49980;PM2.5;lucht;2025-07-01T00:00:00+01:00;;regionaal;achtergrond;3
NL50002_NO2_lucht;NL50002;NO2;lucht;2012-01-01T00:00:00+01:00;;stad;industrie;3.5
NL50002_NO_lucht;NL50002;NO;lucht;2012-01-01T00:00:00+01:00;;stad;industrie;3.5
NL50002_NOx_lucht;NL50002;NOx;lucht;2012-01-01T00:00:00+01:00;;stad;industrie;3.5
NL50002_O3_lucht;NL50002;O3;lucht;2013-01-01T00:00:00+01:00;;stad;industrie;3.5
NL50002_Ox_lucht;NL50002;Ox;lucht;2015-01-01T00:00:00+01:00;;stad;industrie;3.5
NL50003_NO2_lucht;NL50003;NO2;lucht;2013-01-01T00:00:00+01:00;;stad;industrie;3.5
NL50003_NO_lucht;NL50003;NO;lucht;2013-01-01T00:00:00+01:00;;stad;industrie;3.5
NL50003_NOx_lucht;NL50003;NOx;lucht;2013-01-01T00:00:00+01:00;;stad;industrie;3.5
NL50003_O3_lucht;NL50003;O3;lucht;2021-06-01T00:00:00+01:00;;stad;industrie;3.5
NL50003_Ox_lucht;NL50003;Ox;lucht;2021-06-01T00:00:00+01:00;;stad;industrie;3.5
NL50003_PM10_lucht;NL50003;PM10;lucht;2010-01-01T00:00:00+01:00;;stad;industrie;3.5
NL50003_PM2.5_lucht;NL50003;PM2.5;lucht;2010-01-01T00:00:00+01:00;;stad;industrie;3.5
NL50003_SO2_lucht;NL50003;SO2;lucht;2013-01-01T00:00:00+01:00;;stad;industrie;3.5
NL50003_UFP_lucht+aerosol;NL50003;UFP;lucht+aerosol;2024-05-01T00:00:00+01:00;;stad;industrie;3.5
NL50004_BC_lucht;NL50004;BC;lucht;2013-01-01T00:00:00+01:00;;stad;verkeer;3.5
NL50004_NO2_lucht;NL50004;NO2;lucht;2013-01-01T00:00:00+01:00;;stad;verkeer;3.5
NL50004_NO_lucht;NL50004;NO;lucht;2013-01-01T00:00:00+01:00;;stad;verkeer;3.5
NL50004_NOx_lucht;NL50004;NOx;lucht;2013-01-01T00:00:00+01:00;;stad;verkeer;3.5
NL50004_O3_lucht;NL50004;O3;lucht;2004-01-01T00:00:00+01:00;;stad;verkeer;3.5
NL50004_Ox_lucht;NL50004;Ox;lucht;2015-01-01T00:00:00+01:00;;stad;verkeer;3.5
NL50004_PM10_lucht;NL50004;PM10;lucht;2009-01-01T00:00:00+01:00;;stad;verkeer;3.5
NL50004_PM2.5_lucht;NL50004;PM2.5;lucht;2010-01-01T00:00:00+01:00;;stad;verkeer;3.5
NL50006_O3_lucht;NL50006;O3;lucht;2014-01-01T00:00:00+01:00;;regionaal;achtergrond;4
NL50006_PM10_lucht;NL50006;PM10;lucht;2011-01-01T00:00:00+01:00;2021-12-11T00:00:00+01:00;regionaal;achtergrond;4
NL50006_PM2.5_lucht;NL50006;PM2.5;lucht;2011-01-01T00:00:00+01:00;2022-01-15T00:00:00+01:00;regionaal;achtergrond;4
NL50007_BC_lucht;NL50007;BC;lucht;2013-01-01T00:00:00+01:00;;stad;achtergrond;4
NL50007_O3_lucht;NL50007;O3;lucht;2013-01-01T00:00:00+01:00;;stad;achtergrond;4
NL50007_PM10_lucht;NL50007;PM10;lucht;2023-01-01T00:00:00+01:00;;stad;achtergrond;4
NL50007_PM2.5_lucht;NL50007;PM2.5;lucht;2013-01-01T00:00:00+01:00;;stad;achtergrond;4
NL50009_BC_lucht;NL50009;BC;lucht;2015-06-01T00:00:00+01:00;2023-05-17T00:00:00+01:00;stad;verkeer;4
NL50009_PM2.5_lucht;NL50009;PM2.5;lucht;2015-06-01T00:00:00+01:00;2023-03-30T00:00:00+01:00;stad;verkeer;4
NL50010_BC_lucht;NL50010;BC;lucht;2019-06-01T00:00:00+01:00;;stad;verkeer;3.5
NL50010_NO2_lucht;NL50010;NO2;lucht;2020-01-01T00:00:00+01:00;;stad;verkeer;3.5
NL50010_NO_lucht;NL50010;NO;lucht;2020-01-01T00:00:00+01:00;;stad;verkeer;3.5
NL50010_NOx_lucht;NL50010;NOx;lucht;2020-01-01T00:00:00+01:00;;stad;verkeer;3.5
NL50010_O3_lucht;NL50010;O3;lucht;2020-01-01T00:00:00+01:00;;stad;verkeer;3.5
NL50010_Ox_lucht;NL50010;Ox;lucht;2020-01-01T00:00:00+01:00;;stad;verkeer;3.5
NL50010_PM10_lucht;NL50010;PM10;lucht;2019-06-01T00:00:00+01:00;;stad;verkeer;3.5
NL50010_PM2.5_lucht;NL50010;PM2.5;lucht;2019-06-01T00:00:00+01:00;;stad;verkeer;3.5
NL50010_UFP_lucht+aerosol;NL50010;UFP;lucht+aerosol;2024-06-01T00:00:00+01:00;;stad;verkeer;3.5
NL50011_PM10_lucht;NL50011;PM10;lucht;2024-01-01T00:00:00+01:00;;regionaal;achtergrond;3.5
NL50011_PM2.5_lucht;NL50011;PM2.5;lucht;2024-01-01T00:00:00+01:00;;regionaal;achtergrond;3.5
NL50012_BC_lucht;NL50012;BC;lucht;2024-07-01T00:00:00+01:00;;regionaal;achtergrond;3.5
NL50012_PM10_lucht;NL50012;PM10;lucht;2024-07-01T00:00:00+01:00;;regionaal;achtergrond;3.5
NL50012_PM2.5_lucht;NL50012;PM2.5;lucht;2024-07-01T00:00:00+01:00;;regionaal;achtergrond;3.5
NL50013_BC_lucht;NL50013;BC;lucht;2024-06-01T00:00:00+01:00;;voorstad;achtergrond;4
NL50013_UFP_lucht+aerosol;NL50013;UFP;lucht+aerosol;2024-06-01T00:00:00+01:00;;voorstad;achtergrond;
NL53001_NO2_lucht;NL53001;NO2;lucht;2012-01-01T00:00:00+01:00;;regionaal;industrie;3.75
NL53001_NO_lucht;NL53001;NO;lucht;2012-01-01T00:00:00+01:00;;regionaal;industrie;3.75
NL53001_NOx_lucht;NL53001;NOx;lucht;2012-01-01T00:00:00+01:00;;regionaal;industrie;3.75
NL53001_PM10_lucht;NL53001;PM10;lucht;2012-01-01T00:00:00+01:00;;regionaal;industrie;3.75
NL53001_PM2.5_lucht;NL53001;PM2.5;lucht;2012-01-01T00:00:00+01:00;;regionaal;industrie;3.75
NL53001_benzeen_lucht;NL53001;benzeen;lucht;2012-01-01T00:00:00+01:00;;regionaal;industrie;3.75
NL53001_ethylbenzeen_lucht;NL53001;ethylbenzeen;lucht;2012-01-01T00:00:00+01:00;;regionaal;industrie;3.75
NL53001_meta-paraxyleen_lucht;NL53001;meta-paraxyleen;lucht;2012-01-01T00:00:00+01:00;;regionaal;industrie;3.75
NL53001_orthoxyleen_lucht;NL53001;orthoxyleen;lucht;2012-01-01T00:00:00+01:00;;regionaal;industrie;3.75
NL53001_tolueen_lucht;NL53001;tolueen;lucht;2012-01-01T00:00:00+01:00;;regionaal;industrie;3.75
NL53004_BC_lucht;NL53004;BC;lucht;2013-01-01T00:00:00+01:00;;regionaal;industrie;3.75
NL53004_NO2_lucht;NL53004;NO2;lucht;2013-01-01T00:00:00+01:00;;regionaal;industrie;3.75
NL53004_NO_lucht;NL53004;NO;lucht;2013-01-01T00:00:00+01:00;;regionaal;industrie;3.75
NL53004_NOx_lucht;NL53004;NOx;lucht;2013-01-01T00:00:00+01:00;;regionaal;industrie;3.75
NL53004_PM10_lucht;NL53004;PM10;lucht;2013-01-01T00:00:00+01:00;;regionaal;industrie;3.75
NL53004_PM2.5_lucht;NL53004;PM2.5;lucht;2013-01-01T00:00:00+01:00;;regionaal;industrie;3.75
NL53004_benzeen_lucht;NL53004;benzeen;lucht;2013-01-01T00:00:00+01:00;;regionaal;industrie;3.75
NL53004_ethylbenzeen_lucht;NL53004;ethylbenzeen;lucht;2013-01-01T00:00:00+01:00;;regionaal;industrie;3.75
NL53004_meta-paraxyleen_lucht;NL53004;meta-paraxyleen;lucht;2013-01-01T00:00:00+01:00;;regionaal;industrie;3.75
NL53004_orthoxyleen_lucht;NL53004;orthoxyleen;lucht;2013-01-01T00:00:00+01:00;;regionaal;industrie;3.75
NL53004_tolueen_lucht;NL53004;tolueen;lucht;2013-01-01T00:00:00+01:00;;regionaal;industrie;3.75
NL53015_NO2_lucht;NL53015;NO2;lucht;2013-01-01T00:00:00+01:00;;regionaal;industrie;3.75
NL53015_NO_lucht;NL53015;NO;lucht;2013-01-01T00:00:00+01:00;;regionaal;industrie;3.75
NL53015_NOx_lucht;NL53015;NOx;lucht;2013-01-01T00:00:00+01:00;;regionaal;industrie;3.75
NL53015_PM10_lucht;NL53015;PM10;lucht;2013-01-01T00:00:00+01:00;;regionaal;industrie;3.75
NL53015_PM2.5_lucht;NL53015;PM2.5;lucht;2024-01-01T00:00:00+01:00;;regionaal;industrie;3.75
NL53015_benzeen_lucht;NL53015;benzeen;lucht;2013-01-01T00:00:00+01:00;;regionaal;industrie;3.75
NL53015_ethylbenzeen_lucht;NL53015;ethylbenzeen;lucht;2013-01-01T00:00:00+01:00;;regionaal;industrie;3.75
NL53015_meta-paraxyleen_lucht;NL53015;meta-paraxyleen;lucht;2013-01-01T00:00:00+01:00;;regionaal;industrie;3.75
NL53015_orthoxyleen_lucht;NL53015;orthoxyleen;lucht;2013-01-01T00:00:00+01:00;;regionaal;industrie;3.75
NL53015_tolueen_lucht;NL53015;tolueen;lucht;2013-01-01T00:00:00+01:00;;regionaal;industrie;3.75
NL53016_NO2_lucht;NL53016;NO2;lucht;2013-01-01T00:00:00+01:00;;regionaal;industrie;3.75
NL53016_NO_lucht;NL53016;NO;lucht;2013-01-01T00:00:00+01:00;;regionaal;industrie;3.75
NL53016_NOx_lucht;NL53016;NOx;lucht;2013-01-01T00:00:00+01:00;;regionaal;industrie;3.75
NL53016_PM10_lucht;NL53016;PM10;lucht;2013-01-01T00:00:00+01:00;;regionaal;industrie;3.75
NL53016_PM2.5_lucht;NL53016;PM2.5;lucht;2024-01-01T00:00:00+01:00;;regionaal;industrie;3.75
NL53016_benzeen_lucht;NL53016;benzeen;lucht;2013-01-01T00:00:00+01:00;;regionaal;industrie;3.75
NL53016_ethylbenzeen_lucht;NL53016;ethylbenzeen;lucht;2013-01-01T00:00:00+01:00;;regionaal;industrie;3.75
NL53016_meta-paraxyleen_lucht;NL53016;meta-paraxyleen;lucht;2013-01-01T00:00:00+01:00;;regionaal;industrie;3.75
NL53016_orthoxyleen_lucht;NL53016;orthoxyleen;lucht;2013-01-01T00:00:00+01:00;;regionaal;industrie;3.75
NL53016_tolueen_lucht;NL53016;tolueen;lucht;2013-01-01T00:00:00+01:00;;regionaal;industrie;3.75
NL53020_NO2_lucht;NL53020;NO2;lucht;2016-01-01T00:00:00+01:00;;regionaal;industrie;3.75
NL53020_NO_lucht;NL53020;NO;lucht;2016-01-01T00:00:00+01:00;;regionaal;industrie;3.75
NL53020_NOx_lucht;NL53020;NOx;lucht;2016-01-01T00:00:00+01:00;;regionaal;industrie;3.75
NL53020_PM10_lucht;NL53020;PM10;lucht;2016-01-01T00:00:00+01:00;;regionaal;industrie;3.75
NL53020_PM2.5_lucht;NL53020;PM2.5;lucht;2024-01-01T00:00:00+01:00;;regionaal;industrie;3.75
NL53020_benzeen_lucht;NL53020;benzeen;lucht;2016-01-01T00:00:00+01:00;;regionaal;industrie;3.75
NL53020_ethylbenzeen_lucht;NL53020;ethylbenzeen;lucht;2016-01-01T00:00:00+01:00;;regionaal;industrie;3.75
NL53020_meta-paraxyleen_lucht;NL53020;meta-paraxyleen;lucht;2016-01-01T00:00:00+01:00;;regionaal;industrie;3.75
NL53020_orthoxyleen_lucht;NL53020;orthoxyleen;lucht;2016-01-01T00:00:00+01:00;;regionaal;industrie;3.75
NL53020_tolueen_lucht;NL53020;tolueen;lucht;2016-01-01T00:00:00+01:00;;regionaal;industrie;3.75
NL54004_BC_lucht;NL54004;BC;lucht;2014-01-01T00:00:00+01:00;;stad;verkeer;3
NL54004_NO2_lucht;NL54004;NO2;lucht;2010-01-01T00:00:00+01:00;;stad;verkeer;3
NL54004_NO_lucht;NL54004;NO;lucht;2010-01-01T00:00:00+01:00;;stad;verkeer;3
NL54004_NOx_lucht;NL54004;NOx;lucht;2010-01-01T00:00:00+01:00;;stad;verkeer;3
NL54004_PM10_lucht;NL54004;PM10;lucht;2010-01-01T00:00:00+01:00;;stad;verkeer;3
NL54004_PM2.5_lucht;NL54004;PM2.5;lucht;2024-10-01T00:00:00+01:00;;stad;verkeer;3
NL54010_PM10_lucht;NL54010;PM10;lucht;2016-04-01T00:00:00+01:00;;stad;verkeer;3
NL54010_PM2.5_lucht;NL54010;PM2.5;lucht;2022-07-06T00:00:00+01:00;;stad;verkeer;
